URL,Course Code,Title,Description,Credits,Prerequisites,Course Types,Previous Course Number
https://elon.smartcatalogiq.com/en/2025-2026/academic-catalog/courses/acc-accounting/400/acc-4985,ACC4985,Internship in Accounting,"This course is designed to provide declared accounting majors with guided reflective writing assignments, while gaining hands-on work experience. Students will work in approved internships to confirm or clarify career goals, test what they have learned in their classes, gain a clearer sense of what they still need to learn, and build their professional network. Students systematically evaluate themselves and the organization in which they work over the course of the term to focus on the potential fit between a student's individual strengths/interests and the organization's environment and culture.",1-2 sh,ACC 3310 and junior standing,Experiential Learning Requirement; Internship,FallSpringSummer
https://elon.smartcatalogiq.com/en/2025-2026/academic-catalog/courses/act-acting/1000/act-1120,ACT1120,Acting I,"Students are introduced to and practice the Meisner technique, starting with basic repetition, continuing through and including the final improvisation. The semester ends with scene work incorporating the moment to moment listening skills acquired from the Meisner exercises.",4 sh,B.F.A. theatre arts/music theatre majors or permission of instructor,Theatre Arts Elective,Fall
https://elon.smartcatalogiq.com/en/2025-2026/academic-catalog/courses/act-acting/200/act-2221,ACT2221,Acting III,"This is an advanced course in performance skill for B.F.A. music theatre and B.F.A. theatre arts students only. Students are introduced to advanced Meisner exercises that teach the art of the impediment and cause-and-effect listening and responding through the physical instrument, text specificity using standard nursery rhymes and the building of character through point of view exercises utilizing Master's Spoon River Anthology. The semester ends with scene work designed to incorporate the various skills taught in exercise.",4 sh,ACT 2220,Theatre Arts Elective,Spring
https://elon.smartcatalogiq.com/en/2025-2026/academic-catalog/courses/act-acting/200/act-2220,ACT2220,Acting II,Students prepare scenework exercises to continue developing acting skills with focus on realistic drama approached through a Stanislavski-based methodology.,4 sh,ACT 1120,Theatre Arts Elective,Fall
https://elon.smartcatalogiq.com/en/2025-2026/academic-catalog/courses/act-acting/200/act-2225,ACT2225,The Dynamic Instrument,"This course is an experiential investigation of the vocal/physical instrument, designed to increase the actor's awareness and expressive use of the instrument. Focus will be on the release of tensions and behaviors that diminish the efficiency of communication, as well as warm-up techniques for rehearsal and performance.",1 sh,B.F.A. acting majors or permission of instructor only,Theatre Arts Elective,Fall
https://elon.smartcatalogiq.com/en/2025-2026/academic-catalog/courses/act-acting/200/act-2226,ACT2226,Vocal Production II,"This course is designed to increase the actor's understanding of their vocal instrument, and the range of choices they can consciously employ as a dynamic communicator and an impersonator of human behavior. Students will examine the physical actions that produce identifiable sounds of human speech, with special emphasis on the sounds of American English. Study will include the manner in which these speech actions are rendered in print by use of the symbols of the International Phonetic Alphabet.",2 sh,ACT 2225; B.F.A. acting majors or permission of instructor,Theatre Arts Elective,Spring
https://elon.smartcatalogiq.com/en/2025-2026/academic-catalog/courses/act-acting/300/act-3320,ACT3320,Acting IV: Special Topics,"In this course for advanced performers, each semester examines a different topic such as audition techniques, stage dialects, acting for the camera and period style.",2-4 sh,"ACT 2220, ACT 2221 or permission of instructor, ACT majors only",Advanced Studies; Theatre Arts Elective,FallSpring
https://elon.smartcatalogiq.com/en/2025-2026/academic-catalog/courses/act-acting/300/act-3321,ACT3321,Acting for the Camera,This course will provide an introductory examination and exploration of the technique of acting for the camera. Students will learn to apply their previous acting training to the specific demands of this medium.,4 sh,"ACT 2220, ACT 2221 or permission of instructor",Advanced Studies; Theatre Arts Elective,Fall
https://elon.smartcatalogiq.com/en/2025-2026/academic-catalog/courses/act-acting/300/act-3326,ACT3326,Vocal Production IV,This course is designed to meet the needs of the upper-level B.F.A. acting major. Students will learn the technical process of transforming an author's text to a given accent or dialect and to organically produce the voice of a foreign or regional speaker.,2 sh,"ACT 2225, ACT 2226, ACT 3325; acting majors or permission of instructor only.",Advanced Studies; Theatre Arts Elective,Fall
https://elon.smartcatalogiq.com/en/2025-2026/academic-catalog/courses/act-acting/300/act-3322,ACT3322,Stage Combat,"This course is designed to develop the actor's ability to perform, in both a safe and theatrically effective manner, plays that represent physical violence. It will develop a level of proficiency in unarmed combat and explore techniques for working with weapons. Emphasis will be placed on melding the technical/athletic aspect of stage combat with effective use of the actor's craft.",4 sh,"ACT 2220, ACT 2221 or permission of instructor",Advanced Studies; Theatre Arts Elective,ACT 322
https://elon.smartcatalogiq.com/en/2025-2026/academic-catalog/courses/act-acting/300/act-3325,ACT3325,Vocal Production III,"This course is designed to meet the needs of the intermediate B.F.A. acting student. Students will continue to learn to apply vocal exercises and warm-ups by designing their own versions based on the information provided inACT 2225and 2226. Students will learn how to use their phonetic tools to analyze both classical and contemporary dialogue and verse to better understand why a playwright has chosen specific sounds and words, and how as performers they might bring these sounds to organic life. They will learn how to use sounds as tools for organic acting. They will be introduced to scansion technique for verse speaking, phonetic length and technical analysis of both poetic and contemporary writing.",1 sh,"ACT 2225, ACT 2226; acting majors or permission of instructor",Advanced Studies; Theatre Arts Elective,Spring
https://elon.smartcatalogiq.com/en/2025-2026/academic-catalog/courses/act-acting/300/act-3332,ACT3332,Play Direction,"Working methods of the stage director, from analysis through rehearsal, are the focus of this study, which culminates in a scene project by each student. Discussion emphasizes decision making and communicating with actors.",4 sh,ACT 3331,Advanced Studies; Theatre Arts Elective,Spring
https://elon.smartcatalogiq.com/en/2025-2026/academic-catalog/courses/act-acting/300/act-3331,ACT3331,Playscript Analysis,Students learn various methods of analyzing playscripts as a basis for interpretation for all theatre artists.,4 sh,"DTS 1001, DTS 1015; ACT 1120 or ACT 1125; or permission of instructor",Advanced Studies; Theatre Arts Elective,Fall
https://elon.smartcatalogiq.com/en/2025-2026/academic-catalog/courses/ams-american-studies/200/ams-2200,AMS2200,Playing in the USA,"If there is something we learned since the Covid-19 pandemic in the U.S. is that peopleneedsports. For a large segment of the population that crosses all sorts of identities, sports are important, even vital. Why is that the case? And what does that tell us about the U.S. society? Perhaps, it is becauseplay, as Johan Huizinga suggests, has “a significant function” (= there is some sense to it) and gives meaning toaction. Consequently, play provides us with a tool to explore fundamental structures of both western civilization and American society and, in the guise of sports, to examine the American character, its myths, symbols, values, beliefs, achievements, and failures. To achieve this goal, we will look at literary and cultural representations of several sports and work our way through them theoretically, historically, and thematically. We will read novels and poems about baseball and love, and about football, violence, and war. We will watch movies and documentaries about boxing, race, whiteness, masculinity, and femininity. We will talk about football and concussions. We will use a variety of essays to talk about sport and politics.",4,None,AMS Minor (elective),Spring
https://elon.smartcatalogiq.com/en/2025-2026/academic-catalog/courses/ant-anthropology/200/ant-2150,ANT2150,Qualitative Research Methods,"This course examines the ways qualitative analyses (non-numerical data) help social scientists explore questions of meaning within specific social and cultural contexts, and historical moments. Specific topics include: participant observation, focus groups, open-ended interviewing, thematic coding, archival research and data analysis with a qualitative computer software program. The complementary relationship between qualitative and quantitative research methods will be considered, with a sustained focus on the particular strengths and weaknesses of qualitative research design.",4 sh,SOC 1110 or ANT 1120,Society; Anthropology Elective; Professional Writing Elective,ANT 215
https://elon.smartcatalogiq.com/en/2025-2026/academic-catalog/courses/ant-anthropology/200/ant-2160,ANT2160,Quantitative Research Methods,"This course examines the ways quantitative analyses (numerical data) help social scientists investigate issues, problems and relationships within social and cultural contexts. Specific topics include: discussion of the scientific method, survey methodology, sampling techniques, hypothesis testing, aggregate level analysis, and issues of reliability, validity and generalizability, as well as data analysis with SPSS. The complementary relationship between quantitative and qualitative research designs will be considered, with a focus on the strengths and weaknesses of quantitative research design.",4 sh,SOC 1110 or ANT 1120,Anthropology Elective; Professional Writing Elective,ANT 216
https://elon.smartcatalogiq.com/en/2025-2026/academic-catalog/courses/ant-anthropology/200/ant-2610,ANT2610,Anthropological Theory,"This course introduces students to some of the major social theories and debates that inspire and inform anthropological analysis. Students will investigate a range of theoretical propositions concerning such topics as agency, structure, subjectivity, history, social change, power, culture and the politics of representation.",4 sh,ANT 1120,Anthropology Elective; Advanced Studies,
https://elon.smartcatalogiq.com/en/2025-2026/academic-catalog/courses/ant-anthropology/300/ant-3120,ANT3120,North American Indian Cultures,"In this course, we will examine the cultures of selected American Indian tribes in the U.S. The class will take as a dual focus current issues in Indian country implicated by diverse worldviews, and expressive culture as a way to understand the performed beliefs and values of a community. Current issues will include multiple constructions of identity, fishing and hunting rights, sovereignty, casinos and cultural appropriation. Aspects of expressive culture will include material culture such as pottery and sand-painting, orally and visually performed genres such as storytelling and dance, and spiritual beliefs and practices, particularly as conveyed through ritual and festival. Focus will be on contemporary American Indian cultures in their relevant social, cross-cultural and historical contexts.",4 sh,ANT 1120 or SOC 1110,Society; Advanced Studies; American Studies Elective,ANT 312
https://elon.smartcatalogiq.com/en/2025-2026/academic-catalog/courses/ant-anthropology/300/ant-3245,ANT3245,Anthropology of Food and Foodways,"This course is a study of food and foodways from an anthropological perspective. Students explore the myriad of ways in which food-related behaviors influence human health with attention to the interplay between biology, culture, and power. Core principles for the course are food safety, security, sovereignty, sustainability, and sociality. Using those lenses, students consider foods as medicines or poisons, the relationship between differential access to resources and health, the importance of the power and representation in making changes to food systems to support community health, tensions between maintaining worker health and the food supply, and the ways in which relationships and identities are forged and maintained through ritual and shared cuisines.",4,none,"major, minor",Fall
https://elon.smartcatalogiq.com/en/2025-2026/academic-catalog/courses/ant-anthropology/400/ant-4610,ANT4970,Senior Seminar in Anthropology,"This capstone course reviews major areas of anthropology and provides further opportunity to share research on these topics. Students conduct research ranging from how anthropological knowledge can be applied occupationally and politically to more basic, academic topics. Students compile a senior intellectual portfolio that includes examples of their academic achievements across their years of anthropological study; therefore, students should be mindful of this requirement and retain electronic copies of work that they may want to include in this portfolio.",4 sh,"ANT 2150, ANT 2160, ANT 3610 and senior ANT major status.",Anthropology Elective; Advanced Studies,ANT 461
https://elon.smartcatalogiq.com/en/2025-2026/academic-catalog/courses/ant-anthropology/400/ant-4986,ANT4986,Internship in Anthropology,"Teaching, research, service and occupational internships are offered. Limited to four semester hours credit applicable to anthropology major or minor.",1-4 sh,Department permission and at least sophomore standing.,Anthropology Elective; Advanced Studies; Experiential Learning Requirement; Internship,ANT 482
https://elon.smartcatalogiq.com/en/2025-2026/academic-catalog/courses/ant-anthropology/400/ant-4990,ANT4990,Teaching and Learning Apprenticeship in Anthropology,"Teaching and Learning Apprentices work with a faculty mentor on a particular course. This experience is intended for exceptional students who wish to deepen their knowledge of the discipline, gain a better understanding of the professional academic life, engage in a meaningful mentoring relationship with a faculty mentor around issues related to teaching, enhance their interpersonal and communication skills, and develop their leadership skills. The experience may be of particular value to students who wish to pursue a career in higher education or teaching in general.",1-4 sh,"This apprenticeship requires satisfactory completion of the following: The TLA (teaching and learning apprentice) must have a) completed the course for which she/he will be a TLA with a grade of at least an A-, b) completed higher level relevant course work that prepares the student to be a TLA with a minimum grade of B+, or c) by permission of the department chair; The TLA must have a cumulative GPA of 3.0 or higher; The TLA must have junior or senior standing",Society; Advanced Studies,ANT 489
https://elon.smartcatalogiq.com/en/2025-2026/academic-catalog/courses/ant-anthropology/400/ant-4999,ANT4999,Independent Research in Anthropology,The student develops an individual project of original research under the guidance of a professor within the department.,1-8 sh,"ANT 2150, ANT 2160, at least sophomore standing, and Anthropology major or minor",Anthropology Elective; Advanced Studies; Experiential Learning Requirement,ANT 499
https://elon.smartcatalogiq.com/en/2025-2026/academic-catalog/courses/arb-arabic/100/arb-1020,ARB1020,Elementary Arabic II,"This course is the second of a two-semester elementary level in Modern Standard Arabic and Middle Eastern culture.  This course is designed for students who have mastered reading and writingArabic script and basic grammatical structures.  Through various topics, the course focuses on further developing students' proficiency in reading, writing, listening, and speaking skills in Modern Standard Arabic.  Students will be introduced to a wide range of vocabulary through 8 main topics and elements of Arabic grammar that are most suitable for these contexts. Prerequisite:ARB 1010or placement at this level.",4 sh,ARB 1010 or placement at this level,Civilization; Middle East Studies Elective,ARB 122
https://elon.smartcatalogiq.com/en/2025-2026/academic-catalog/courses/arb-arabic/200/arb-2010,ARB2010,Intermediate Arabic I,"This course is designed to reinforce the vocabulary and grammar covered in 1010 and 1020 through active use in simulated settings. The course builds on prior knowledge to teach advanced vocabulary and grammar necessary for various real life scenarios and communication contexts that are expected in an Arabic speaking environment.  The course focuses on proper pronunciation and word selection to help students retrieve and utilize newly acquired knowledge with ease and proficiency. This course is suitable for students who plan to study abroad or visit Arabic speaking countries as well as students working on service projects that serve Arabic speaking individuals. The course also contains a cultural component that explains certain linguistic preferences, recommended word choices, and other speech-related etiquette.",4 sh,ARB 1020 or placement at this level.,Civilization; Middle East Studies Elective,ARB 221
https://elon.smartcatalogiq.com/en/2025-2026/academic-catalog/courses/arh-art-history/300/arh-3010,ARH3010,Art History Methodologies,"This course introduces students to the various methodologies used to analyze a work of art as well as the role that the study of art history has played in defining contemporary visual culture. The course material will be presented through assigned readings and class discussion, highlighting the work of contemporary and historically significant art historians, philosophers, art critics and artists.",4 sh,One 2000 level ARH course.,Art History Elective; Advanced Studies; Civilization,ARH 301
https://elon.smartcatalogiq.com/en/2025-2026/academic-catalog/courses/arh-art-history/400/arh-4970,ARH4970,Senior Seminar in Art History,"A capstone experience for majors, this course offers students experience in researching, writing and presenting a senior thesis project.",4 sh,ARH 3010,Art History Elective; Advanced Studies; Civilization,ARH 495
https://elon.smartcatalogiq.com/en/2025-2026/academic-catalog/courses/arh-art-history/400/arh-4990,ARH4990,Teaching and Learning Apprenticeship in Art History,"Junior and senior art history majors, especially those considering careers in art history or teaching in general, may wish to deepen their experience by working closely with a faculty mentor on a course. The course in question must have been taken by the student prior to enrollment and a detailed plan for the apprenticeship must be worked out with the course instructor in advance.",1-4 sh,"This apprenticeship requires satisfactory completion of the following: The TLA (teaching and learning apprentice) must have a) completed the course for which she/he will be a TLA with a grade of at least an A-, b) completed higher level relevant course work that prepares the student to be a TLA with a minimum grade of B+, or c) by permission of the department chair; The TLA must have a cumulative GPA of 3.0 or higher; The TLA must have junior or senior standing",Advanced Studies; Civilization; Art History Elective,ARH 489
https://elon.smartcatalogiq.com/en/2025-2026/academic-catalog/courses/arh-art-history/400/arh-4999,ARH4999,Independent Research in Art History,"In conjunction with a faculty mentor, the student will formulate and execute an original research project.",1-4 sh,Juniors or Senior standing with permission of instructor,Advanced Studies; Art History Elective; Civilization; Experiential Learning Requirement,ARH 499
https://elon.smartcatalogiq.com/en/2025-2026/academic-catalog/courses/art-art/300/art-3000,ART3000,Ceramics II,"Students continue fromART 2000with emphasis on wheel-thrown forms, glaze mixing, kiln firing and studio management.",4 sh,ART 2000,Expression; Advanced Studies,
https://elon.smartcatalogiq.com/en/2025-2026/academic-catalog/courses/art-art/300/art-3010,ART3010,Drawing II,"This course expands upon the foundational concepts of Art 2010, delving deeper into various media, techniques, content, and image critique. Students will work with the figure, while exploring a variety of drawing strategies such as serial imagery, single form studies, landscape and large-scale drawing, gesture, narrative, and experimental approaches. Emphasis will be placed on developing each student's personal artistic vision through the refinement of techniques, critical inquiry, and an understanding of the visual language and expressive representation inherent in drawing.",4 sh,ART 2010,Expression; Advanced Studies,Fall
https://elon.smartcatalogiq.com/en/2025-2026/academic-catalog/courses/art-art/300/art-3020,ART3020,Painting II,"A continuation ofART 2020, this class emphasizes individual development, advanced critical analysis of visual images and productive exploration of the medium.",4 sh,ART 2020,Expression; Advanced Studies,Spring
https://elon.smartcatalogiq.com/en/2025-2026/academic-catalog/courses/art-art/300/art-3600,ART3600,The Altered Image in Digital Art,"Students further investigate the creative potential of the computer through projects that integrate advanced software tools with strategies for creating complex imagery.  Emphasis is on the creation, manipulation and display of still images for print and screen-based environments. Students continue their critical inquiry into the medium through required readings and research.",4 sh,ART 2600,Expression; Professional Writing Elective; Advanced Studies; Multimedia Authoring Elective,Fall
https://elon.smartcatalogiq.com/en/2025-2026/academic-catalog/courses/art-art/300/art-3390,ART3390,Eco Art,"Eco-art addresses the environmental crisis in a number of creative ways, often involving activism, collaboration and eco-friendly"" practices and methodologies. To reflect the movement itself, the course is designed to be cross-disciplinary, combining art with environmental ethics and ecology. Creative projects will focus on weaving social responsibility into the making of art and they will embrace the nature of art/science collaborations.",4 sh,"Any ART, ENS or ENE course, or permission of instructor",Expression; Advanced Studies; Environmental Studies Elective; Peace and Conflict Studies Elective,Spring
https://elon.smartcatalogiq.com/en/2025-2026/academic-catalog/courses/art-art/300/art-3610,ART3610,Interactive Art,"This is a hands-on course where students learn how to create interactive art works and environments by considering the expressive potential of motion, change, touch, and time. We will focus on art related principles while creating cybernetic and physical systems for real-time interaction. Course time will be spent learning software and physical computing techniques with the goal of creating interactive art projects. Through readings and discussions, we will cover topics ranging from interactive art/music, design, space, bio-art, net.art, land art, and installation. Offered Fall or Spring.",4 sh,ART 2600,Expression; Advanced Studies,Spring
https://elon.smartcatalogiq.com/en/2025-2026/academic-catalog/courses/art-art/300/art-3620,ART3620,Video Art and Expanded Cinema,"Emphasis is on the creation, manipulation, and display of moving image works. Projects, which will embody intersections between video art, sound art, experimental cinema and animation, are non-commercial in nature and situated within a contemporary art context. Students engage in critical inquiry through required readings and research as a supplement to creative projects.",4 sh,ART 2600,Expression; Advanced Studies; Multimedia Authoring Elective,
https://elon.smartcatalogiq.com/en/2025-2026/academic-catalog/courses/art-art/300/art-3640,ART3640,Photography: Pinhole to Pixel,"This course explores the technical and conceptual principles of photography from past to present by examining the early historical analog to the current digital photographic practices. Through lectures, readings, and hands-on assignments, the course will focus on the rise of specific photographic processes and movements, and follow related aesthetical and theoretical issues. Projects will emphasize the formation of individual solutions to a given photographic problem and the presentation of student work for discussion and criticism. Students will complete a series of carefully structured assignments, leading to a written proposal for a self-directed final project.",4 sh,ART 2600 or ART 2610,Expression; Advanced Studies,Fall
https://elon.smartcatalogiq.com/en/2025-2026/academic-catalog/courses/art-art/300/art-3650,ART3650,Photography: Invention and Construction,"This course will focus on the creation of visual language in photography and explore its role in clarifying the meaning and the intent of the Image-maker. Emphasis will be placed on strengthening students' technical and conceptual understandings of contemporary photography as a means of artistic self-expression. Examination of important practitioners of the medium and discourse pertaining to critical topics in current photography will provide students with the insight needed to undertake projects that expand the possibilities of the medium. Students will complete a series of thematic assignments, leading to a written proposal for a self-directed final project.",4 sh,ART 2600 or ART 2610,Expression; Advanced Studies,Spring
https://elon.smartcatalogiq.com/en/2025-2026/academic-catalog/courses/art-art/400/art-4000,ART4000,Advanced Projects in Ceramics,"A continuation ofART 3000, emphasis in this course is on increased individual exploration of a single form-making process, glaze calculation and kiln firing.",4 sh,ART 3000,Expression; Advanced Studies,
https://elon.smartcatalogiq.com/en/2025-2026/academic-catalog/courses/art-art/400/art-4640,ART4640,Advanced Project-Photography: Pinhole to Pixel,"This course emphasizes self-directed exploration of analog and/or digital photography, resulting in the creation of an extensive project or body of work. Students will craft proposals and artist statements, conduct research, and prepare this work for distribution or display.",4 sh,ART 3640,Expression; Advanced Studies,ART 464
https://elon.smartcatalogiq.com/en/2025-2026/academic-catalog/courses/art-art/400/art-4600,ART4600,Advanced Projects in Intermedia,"This course provides an opportunity for students to develop self-directed projects based on individual creative and research interests.  In the course, students will propose project themes that should reflect a line of inquiry or cohesive concept that they wish to spend considerable time researching.  Technique and process are open and should reflect both the student’s strengths and individual investment in tackling new software, media and ideas.  Approaches to projects include, but are not limited to: print-based works, hybrid digital and analog works, video art, installation/site-specific works, interactivity and physical computing, experimental animation, and sound-based art.",4 sh,"One of the following courses is required; ART 3600, ART 3610, ART, 3620.",Expression; Advanced Studies,Spring
https://elon.smartcatalogiq.com/en/2025-2026/academic-catalog/courses/art-art/400/art-4020,ART4020,Advanced Projects in Drawing and Painting,This continuation ofART 3020emphasizes increased individual exploration of the medium and the development of a focused body of work.,4 sh,ART 3020,Expression; Advanced Studies,FallSpring
https://elon.smartcatalogiq.com/en/2025-2026/academic-catalog/courses/art-art/400/art-4650,ART4650,Advanced Project-Photography: Invention and Construction,"This course emphasizes self-directed exploration of contemporary photographic practice, resulting in the creation of an extensive project or body of work. Students will craft proposals and artist statements, conduct research, and prepare this work for distribution or display.",4 sh,ART 3650,Expression; Advanced Studies,ART 465
https://elon.smartcatalogiq.com/en/2025-2026/academic-catalog/courses/art-art/400/art-4971,ART4971,Senior Seminar II â BA,This course completes the capstone experience for the BA art major. Emphasis is placed on guiding students through the thesis development process and culminates in the completion and public exhibition/presentation of the thesis project. Professional practices in the discipline continue to be highlighted throughout the course.,2 sh,ART 4970,Expression; Advanced Studies,Spring
https://elon.smartcatalogiq.com/en/2025-2026/academic-catalog/courses/art-art/400/art-4970,ART4970,Senior Seminar I â BA,"This course begins the capstone experience for the BA major and emphasizes the development of the thesis project proposal. Through readings, writing, discussion, and critique students will also be guided in developing a personal creative practice that reflects their artistic identity and professional goals. Professional practices in the discipline are highlighted throughout the course.",2 sh,Any 3000-level ART studio course.,Expression; Advanced Studies,Fall
https://elon.smartcatalogiq.com/en/2025-2026/academic-catalog/courses/art-art/400/art-4974,ART4974,Senior Seminar I - BFA,"This course begins the capstone experience for majors in the BFA degree, focusing on the thesis project proposal. BFA students will develop a thesis body of work over the course of two semesters, demonstrating proficiency in their media of focus. Through readings, writing, discussion, and critique students will be guided in situating their work within a contemporary art context. Professional practices in the discipline are also highlighted throughout the course.",2 sh,Any two 3000-level ART studio courses; ARH 3200.,Expression; Advanced Studies,Fall
https://elon.smartcatalogiq.com/en/2025-2026/academic-catalog/courses/art-art/400/art-4975,ART4975,Senior Seminar II - BFA,"This course completes the capstone experience for majors in the BFA degree, focusing on further developing the student's thesis body of work and culminating in a gallery exhibition at the end of the semester. Professional practices in the discipline continue to be highlighted throughout the course, with an additional emphasis on preparation for graduate study or entry into the profession.",2 sh,ART 4974,Expression; Advanced Studies,Spring
https://elon.smartcatalogiq.com/en/2025-2026/academic-catalog/courses/bio-biology/200/bio-2122,BIO2122,General Microbiology for Health Professionals,"In a general survey of microorganisms, study emphasizes bacteria, their cytophysiological characteristics and classification, viruses, microbial diseases and immunity, and the role of microorganisms in human affairs. Designed for non-majors who will be pursuing health-related career paths.",3 sh,BIO 1112; BIO 1113; junior standing or permission of instructor,Science; Laboratory; Biology Elective,FallSpring
https://elon.smartcatalogiq.com/en/2025-2026/academic-catalog/courses/bio-biology/200/bio-2123,BIO2123,General Microbiology for Health Professionals Lab,Students have three hours of laboratory experience with topics complementing concurrent study in BIO2122.,1 sh,"BIO 1112, BIO 1113, junior standing or permission of instructor",Laboratory Science,FallSpring
https://elon.smartcatalogiq.com/en/2025-2026/academic-catalog/courses/bio-biology/200/bio-2150,BIO2150,Diversity of Life,"This course examines the basic concepts of biological form and function based on evolutionary relationships and diversity. Students investigate the natural history of local species and their role in community dynamics. Laboratory experiences emphasize field investigations, including sampling techniques, species identification and data analysis.",4 sh,ENS 1110/ENS 1130 or BIO 2512/BIO 2513,Science; Laboratory; Biology Elective,BIO 215
https://elon.smartcatalogiq.com/en/2025-2026/academic-catalog/courses/bio-biology/200/bio-2212,BIO2212,Principles of Genetics,"Students learn basic concepts and laboratory techniques used in classic and modern genetics. Topics covered include transmission, molecular and population genetic principles and their implications in the modern world.",3 sh,"BIO 1112, 1113 and sophomore standing.",Science; Laboratory; Neuroscience Elective; Public Health Elective; Biology Elective,BIO 245
https://elon.smartcatalogiq.com/en/2025-2026/academic-catalog/courses/bio-biology/200/bio-2420,BIO2420,Neurophysiology,"This course is designed to provide a detailed working knowledge of how neurons function at the cellular level.  We will consider neurons as electrochemically based information-processing cells, in isolation and as part of simple neural circuits.  The general principles of cellular neurophysiology common to all neurons will be addressed, emphasizing non-human animals.  Examples from pathophysiology, neuropharmacology, and toxicology will be considered.  We will also review the sensory systems of human and non-human organisms.  This course will not cover human cognition, emotional regulation, or large-scale organization.  Basic knowledge of cell biology (at the level ofBIO 1112orBIO 2412) is required, including the following topics: subcellular organelles, membrane structure and the fluid mosaic model, the central dogma, and protein structure.",4 sh,"BIO 1112 and BIO 1113, or BIO 2412 and BIO 2413",Science,Fall
https://elon.smartcatalogiq.com/en/2025-2026/academic-catalog/courses/bio-biology/200/bio-2512,BIO2512,Introductory Population Biology,"Topics of study in this introduction to organization and function of biological systems at the population level including population genetics, patterns and mechanics of evolutionary change and basic concepts of ecology.",3 sh,"BIO Majors - BIO 1112, BIO 1113, BIO 1514; all other majors, sophomore standing with faculty approval",Science; Public Health Elective; Biology Elective,BIO 212
https://elon.smartcatalogiq.com/en/2025-2026/academic-catalog/courses/bio-biology/200/bio-2620,BIO2520,Experimental Design,"This seminar course will examine experimental designs commonly used by biological and environmental scientists. Through discussion of scientific papers drawn from the published literature, the participants in this seminar class will learn how to design laboratory and field experiments that discern statistically significant effects in a time- and energy-efficient manner. Emphasis will be placed on developing a strong conceptual understanding of the advantages and limitations of various experimental designs and statistical analysis tools. Some of the topics to be covered include pseudoreplication, random sampling, quasi-experiments, factorial experiments, split-plot designs, block designs and the role of ethics in research.",2 sh,BIO 1514 and STS 1100 OR STS 2120,Science; Biology Elective,BIO 262
https://elon.smartcatalogiq.com/en/2025-2026/academic-catalog/courses/bio-biology/200/bio-2513,BIO2513,Population Biology Laboratory,Students have three hours of laboratory experience per week with topics complementing concurrent study inBIO 2512. This course is required for biology majors.,1 sh,"BIO Majors - BIO 1112, 1113, 1514; all other majors, sophomore standing with faculty approval.",Science; Laboratory; Public Health Elective; Biology Elective,BIO 214
https://elon.smartcatalogiq.com/en/2025-2026/academic-catalog/courses/bio-biology/200/bio-2710,BIO2710,Special Topics Seminar,Study focuses on one biological topic per seminar in this nonlaboratory discussion course for biology majors. Topics are determined by student and faculty interest.,2-4 sh,Instructor's consent.,Science; Biology Elective,BIO 271
https://elon.smartcatalogiq.com/en/2025-2026/academic-catalog/courses/bio-biology/300/bio-3104,BIO3104,Biotechnology,"Students explore how biological systems are utilized in scientific research. In collaboration with their peers, students will apply the techniques of molecular biology (restriction digestion, transformation, DNA hybridization, PCR, etc.) to investigate a research question. Emphasis will be placed on protocol design, solution preparation and critical analysis of research data. Additionally, the social context of biotechnology will be investigated as students explore the risks and rewards in this expanding field. Two laboratory periods, two class hours per week.",4 sh,BIO 2212,Science; Advanced Studies; Biology Elective,BIO 348
https://elon.smartcatalogiq.com/en/2025-2026/academic-catalog/courses/bio-biology/300/bio-3122,BIO3122,Microbiology,"This course provides the student with a broad base in the biology of microorganisms. Topics include cell structure, molecular biology, genetics, physiology, evolution, classification, growth and control, interactions with humans and applied aspects. Three class hours, one laboratory per week.",4 sh,"BIO 1514, BIO 2212, CHM 1110, CHM 1120 and junior standing or consent of instructor",Science; Laboratory; Advanced Studies; Biology Elective,BIO 321
https://elon.smartcatalogiq.com/en/2025-2026/academic-catalog/courses/bio-biology/300/bio-3112,BIO3112,Human Histology,"Students survey human body tissues (especially of the cardiovascular, alimentary, respiratory, urinary and reproductive systems), stressing tissue identification and the relationship of microanatomy to physiology of the human body. Three class hours, one laboratory per week.",4 sh,BIO 1112 and BIO 1113,Science; Laboratory; Advanced Studies; Biology Elective,BIO 325
https://elon.smartcatalogiq.com/en/2025-2026/academic-catalog/courses/bio-biology/300/bio-3210,BIO3210,Survey of Biochemistry,"This is a one-semester course, that focuses on  the major themes of biochemistry within a biological context. There will be special emphasis on protein structure/function, enzyme kinetics and on carbohydrate and lipid metabolism. To facilitate an in-depth understanding of these fundamental principles, we will explore specific cases where abnormal biochemical processes result in disease. In addition to case studies the course will use a variety of teaching styles from traditional lecture to team-based problem solving. This course was designed with those interested in the allied health professions (such as PA or Nursing) in mind. Students considering medical/dental/veterinary tracks are encouraged to take the lab-based CHM/CHML 3510 Biochemistry 1.",4 sh,"BIO 1112/BIO 1113, CHM 1120, and either CHM 2110 OR BIO 2212, with at least 3rd year standing",Science; Biology Elective,BIO 329
https://elon.smartcatalogiq.com/en/2025-2026/academic-catalog/courses/bio-biology/300/bio-3200,BIO3200,Biochemical Basis of Disease,"The focus of this course is to integrate biochemical concepts with normal human function and investigate diseases that can result from abnormal biochemistry. Each major class of macromolecules (carbohydrates, proteins, lipids and nucleic acids) and major metabolic pathways will be introduced by a disease resulting from their dysfunction. By understanding the molecular basis of the disease, the student will gain a fundamental understanding of the underlying biochemistry. This course will utilize a variety of learning techniques.",4 sh,BIO 2212,Science; Advanced Studies; Biology Elective,BIO 328
https://elon.smartcatalogiq.com/en/2025-2026/academic-catalog/courses/bio-biology/300/bio-3230,BIO3230,Immunology,"Students in this seminar course will learn: 1) the fundamentals of immunology, 2) understand the roles of the various immune cells, 3) apply their understanding to various diseases associated with inappropriate immune responses, and 4) learn how the experiments contributed to the understanding of the immune system. This course will be taught by the Problem Based Learning method, which promotes student engagement and learning. Additionally, students are expected to read current research papers, participate in discussions, write a review paper and give a presentation. Four class hours per week.",4 sh,BIO 2212 or permission of the instructor,Science; Advanced Studies; Biology Elective,BIO 327
https://elon.smartcatalogiq.com/en/2025-2026/academic-catalog/courses/bio-biology/300/bio-3220,BIO3220,Introduction to Cancer Biology,"For the past 50 years, the understanding of how cancer disease occurs and how it can be managed has become possible through basic research and the use of molecular biology on cellular processes. Through the knowledge gained from research and newly developed therapies, the prevention of cancer has advanced. In this course, the hallmarks in cancer, cellular processes disrupted in cancer cells, types of cancer, and treatments will be introduced and discussed. There will be an emphasis on understanding the molecular, cellular, and biochemical techniques encountered in primary papers. Students are expected to identify and read current primary literature, and participate in discussions.",4 sh,BIO 2212,Science; Advanced Studies; Biology Elective; Biochemistry Elective,
https://elon.smartcatalogiq.com/en/2025-2026/academic-catalog/courses/bio-biology/300/bio-3502,BIO3502,Comparative Vertebrate Structure and Function,"This course is an evolutionary approach to the form and function of vertebrates. Students will investigate a diversity of traits and follow the evolutionary changes of these traits from the earliest vertebrates to mammals. The primary focus is on the move from aquatic to terrestrial habitats, the evolution of flight and the evolution of endothermy. Students will compare changes in form and function of the major organ systems through laboratory dissection of the jawless fish, shark, amphibian and mammal.",4 sh,"BIO 2512, BIO 2513 and BIO 1514",Science; Advanced Studies; Neuroscience Elective; Biology Elective,BIO 318
https://elon.smartcatalogiq.com/en/2025-2026/academic-catalog/courses/bio-biology/300/bio-3532,BIO3532,The Biology of Animal Behavior,"This course examines why animals behave the way they do. Specific topics include the causation, development, function and evolution of behavior in wild and captive animals. Three class hours and one laboratory per week.",4 sh,"BIO 2512, BIO 2513 and BIO 1514 or permission of instructor",Science; Laboratory; Advanced Studies; Neuroscience Elective; Biology Elective,BIO 331
https://elon.smartcatalogiq.com/en/2025-2026/academic-catalog/courses/bio-biology/300/bio-3510,BIO3510,Comparative and Functional Neurobiology,"This course sets forth a conceptual framework for understanding comparative and functional vertebrate neurobiology. The course will help students build a strong foundation in evolutionary biological anatomy and development of the vertebrate brain and nervous system. Course content will emphasize comparative structural integrity, functional and basic clinical concepts (normal versus abnormal) related to neuroanatomical control of vertebrates. Finally, this course intends to satisfy those interested in the anatomy of the nervous system and how it corresponds to the way animals function in the world. Four class hours per week.",4 sh,BIO 1514 and BIO 2212; or BIO 2312 and BIO 2412; or PSY 2400 or PSY 3470 or permission of the instructor,Science; Advanced Studies; Biology Elective,BIO 319
https://elon.smartcatalogiq.com/en/2025-2026/academic-catalog/courses/bio-biology/300/bio-3522,BIO3522,Developmental Biology,"This course examines the changes that occur at the cellular and subcellular level as a single-cell zygote develops into a multi-cellular organism. Topics include fertilization, blastula formation, gastrulation and organogenesis. Three class hours, one laboratory per week.",4 sh,"BIO 1514, CHM 1110, and CHM 1120",Science; Advanced Studies; Biology Elective,BIO 316
https://elon.smartcatalogiq.com/en/2025-2026/academic-catalog/courses/bio-biology/300/bio-3571,BIO3571,Microbial Ecology,"This course focuses on the ecology and evolution of microbes with an emphasis on bacteria, fungi and viruses. As new molecular technology drives our understanding of these microscopic organisms, the diversity and prominence of these microbes, how they interact with their surroundings and the important roles that they play are becoming clearer. The lecture portion of the course includes student discussion of primary literature. The lab portion of the course is centered on molecular and culture-based analysis of environmental samples. Three class hours and one laboratory per week.",4 sh,BIO 1514 and BIO 2212,Science; Advanced Studies; Biology Elective,BIO 333
https://elon.smartcatalogiq.com/en/2025-2026/academic-catalog/courses/bio-biology/300/bio-3572,BIO3572,Herpetology,"This course explores the ecology, conservation and evolution of reptiles and amphibians. Amphibians (frogs and salamanders) represent the direct descendents of the first vertebrates to successfully make the leap to terrestrial life. Reptiles (turtles, lizards and snakes) have successfully occupied nearly every niche on earth at one time or another. Together these groups make up a major proportion of the vertebrates currently living today. In this course we will investigate the unique feeding, reproduction, environmental and life history adaptations found in these ecologically important organisms. Three class hours, one laboratory per week. The laboratory will include both field and lab experiences.",4 sh,BIO 1514,Science; Advanced Studies; Biology Elective,BIO 334
https://elon.smartcatalogiq.com/en/2025-2026/academic-catalog/courses/bio-biology/300/bio-3542,BIO3542,Dendrology,"Dendrology will provide an introduction to the trees and other woody plants that are native to or commonly found in the southeastern United States. Lecture will involve an overview of plant taxonomy, nomenclature and diagnostic characteristics of trees seen in lab. In addition, lecture will cover the ecology and economic and cultural significance of trees. The purpose of lab is to identify trees in the field and, except in extraordinary circumstances, lab will be outside at locations both on and off-campus. Three class hours, one laboratory per week.",4 sh,BIO 1514 or ENS 2150,Science; Advanced Studies; Biology Elective,BIO 347
https://elon.smartcatalogiq.com/en/2025-2026/academic-catalog/courses/bio-biology/300/bio-3602,BIO3602,Wetlands Ecology and Management,"This course will present the biological, chemical and physical properties of wetland ecosystems in North America. Topics will include hydrology, biogeochemistry, biological adaptations, ecology and functional aspects of wetlands. Principles behind wetland classification, delineation and management will also be introduced. This class will maintain a strong field component involving field techniques, monitoring and evaluation of wetlands. At least two weekend field trips, involving rigorous scientific inquiry will be required.",4 sh,BIO 1514 or ENS 2150 or permission of instructor,Science; Laboratory; Advanced Studies; Biology Elective,BIO 364
https://elon.smartcatalogiq.com/en/2025-2026/academic-catalog/courses/bio-biology/300/bio-3612,BIO3612,Aquatic Biology: the Study of Inland Waters,"This course considers the chemical, physical and biological properties of freshwater ecosystems, including streams, rivers, ponds and lakes. Topics include the geomorphology of inland waters, thermal stratification, nutrient cycles, community metabolism, plankton community dynamics, seasonal succession and eutrophication resulting from human activities. Weekly laboratory meetings provide hands-on experience with the field techniques of freshwater scientists.",4 sh,BIO 1514 or ENS 2150,Science; Laboratory; Advanced Studies; Biology Elective,BIO 342
https://elon.smartcatalogiq.com/en/2025-2026/academic-catalog/courses/bio-biology/300/bio-3632,BIO3632,Evolution,"In this course, students investigate the causes, rates and implications of evolutionary change in biological systems. Evolution by natural selection is the unifying theory of biology linking phenomena that occur at many different levels of biological organization. Thus, natural selection is studied in depth. Other topics include speciation, rates of molecular change, causes of mass extinctions and sexual selection. Three lecture hours, one laboratory per week.",4 sh,"BIO 2512, BIO 2513 and BIO 2212",Science; Advanced Studies; Biology Elective,BIO 344
https://elon.smartcatalogiq.com/en/2025-2026/academic-catalog/courses/bio-biology/300/bio-3622,BIO3622,General Ecology,"Students explore ecological principles at population, community and ecosystem levels in this study of the interrelationships of organisms with their biotic and abiotic environments. Three lecture hours, one laboratory per week.",4 sh,"Prerequisites for environmental studies major: BIO 2512, BIO 2513, and BIO 2150",Science; Laboratory; Advanced Studies; Biology Elective,BIO 350
https://elon.smartcatalogiq.com/en/2025-2026/academic-catalog/courses/bio-biology/300/bio-3642,BIO3642,Field Biology,"In this field-oriented course, restricted to selected natural taxa, environments or biological phenomena, in-depth field study may include identification, classification, life histories and relationships among organisms.",4 sh,Permission of instructor,Science; Laboratory; Experiential Learning Requirement; Advanced Studies; Biology Elective,BIO 335
https://elon.smartcatalogiq.com/en/2025-2026/academic-catalog/courses/bio-biology/300/bio-3650,BIO3650,Toxicology,"This course will survey the principles of toxicology pertaining to human health and risk assessment. Using case studies, current scientific literature, data analysis and discussion, we will examine the three main categories of descriptive, mechanistic and regulatory toxicology. Fundamental concepts - such as dose, route, site, duration and frequency of exposure; absorption; distribution; excretion; chemical interactions; metabolism; and dose response - will be introduced. Building on that foundation, students will investigate methods used to assess carcinogenesis, mutagenesis and teratogenesis. Four class hours per week.",4 sh,BIO 1514 or BIO 2212,Science; Advanced Studies; Biology Elective,BIO 324
https://elon.smartcatalogiq.com/en/2025-2026/academic-catalog/courses/bio-biology/400/bio-4212,BIO4212,Topics in Advanced Genetics,"This course will engage students in the study of advanced research and techniques in genetics. The theme of the course will change with instructors but will include the applications of advanced concepts in transmission, molecular and population genetics to problem solving in the modern world. Three class hours, one laboratory per week.",4 sh,BIO 2212 and junior standing.,Science; Laboratory; Advanced Studies; Biology Elective,BIO 445
https://elon.smartcatalogiq.com/en/2025-2026/academic-catalog/courses/bio-biology/400/bio-4110,BIO4110,Molecular and Cellular Biology,"This course is a study of the structure and function of prokaryotic and eukaryotic cells at the molecular level. It examines in depth specific biochemical pathways and processes essential to life. Topics include considerable coverage of the principles, techniques and applications of molecular biology. Four class hours.",4 sh,BIO 2212 and junior standing.,Science; Advanced Studies; Neuroscience Elective; Biology Elective,BIO 422
https://elon.smartcatalogiq.com/en/2025-2026/academic-catalog/courses/bio-biology/400/bio-4552,BIO4552,Plant Physiology,"Topics in this study of the life processes of plants include photosynthesis, mineral nutrients, movement of materials, plant growth substances and senescence. Three class hours, one laboratory per week.",4 sh,BIO 1514 and junior standing.,Science; Laboratory; Advanced Studies; Biology Elective,BIO 442
https://elon.smartcatalogiq.com/en/2025-2026/academic-catalog/courses/bio-biology/400/bio-4985,BIO4985,Internship in Biology,The internship course will fulfill the Biology experiential learning requirement for the Biology BA and BS degrees. Advanced-level work experience in a biological field is offered on an individual basis when suitable opportunities can be arranged. Students will apply their scientific presentation and written skills are part of their internship assignments.,1-4 sh,BIO 2970 or instructor approval,Science; Advanced Studies; Biology Elective; Experiential Learning Requirement,
https://elon.smartcatalogiq.com/en/2025-2026/academic-catalog/courses/bio-biology/400/bio-4999,BIO4999,Research,Students conduct laboratory and/or field research under the direction of the biology faculty. Maximum eight semester hours total credit.,1-4 sh,Permission of the department.,Science; Experiential Learning Requirement; Advanced Studies; Biology Elective,BIO 499
https://elon.smartcatalogiq.com/en/2025-2026/academic-catalog/courses/bus-business-administration/200/bus-2020,BUS2020,Business Communications,"Methods for organizing ideas, formatting information, understanding audience needs and developing a professional communication style are emphasized in this course focusing on oral and written communication. Students practice writing business reports, letters, email messages and memoranda; students sharpen their skills in effective oral presentation through individual and team presentations. Cases and exercises emphasize informative and persuasive communication.",4 sh,ENG 1100 and sophomore standing or higher.,Professional Writing Elective,BUS 202
https://elon.smartcatalogiq.com/en/2025-2026/academic-catalog/courses/bus-business-administration/200/bus-2600,BUS2600,Innovation in Israel,"This course will challenge students to critically evaluate their own cultural and business experiences and identify inherent biases, as well as to analyze the interconnectedness of international startup ecosystems at a business and cultural level.  Students will examine intercultural and international business practices, and how history, geopolitics, and economic development have influenced Israel’s development as a leader in innovation and entrepreneurship. The course will explore the country’s diverse geography, history, society, and business and identity cultures, as well as research specific historical, religious, business and cultural places, and sites to be visited. Students will experience the interplay of innovation within Israel, deemed the “start-up nation” due to its innovative and business friendly culture. Travel to Israel is an essential embedded component of the course, and guest speakers and company visits will be integrated throughout our itinerary.  Students will interact with business and local leaders, and will participate in cultural field trips and focused interactive intercultural activities and programs.",4 sh,Approval from Professors,Travel-Embedded elective,Winter
https://elon.smartcatalogiq.com/en/2025-2026/academic-catalog/courses/bus-business-administration/200/bus-2810,BUS2810,Business in the Pacific Rim,"The world has seen some dramatic economic and financial changes in the past decade.  One of the biggest stories has been the remarkable growth of the “emerging” economies, in particular the BRIC (Brazil,Russia,India,China) nations.  This short term study abroad course, comprising a 1 credit-hour STA course in the fall semester and a 4 credit-hour winter term course, considers the impact of growth in these economies on global growth and balance. The central focus of the two linked courses is to ensure students study (in the fall) and observe first-hand (in the winter) how business is conducted and to understand the influences of economic development and of evolving global business trends on various diverse Asian economies. Through their fall research and their winter travels, we also expect students to gain a better sense of differing business and economic systems, and of the challenges facing developing countries in balancing rapid urbanization and industrialization with their traditional rural economic base.",4,GBL 1810,Short-Term Study Abroad Course (Winter-Term),Winter
https://elon.smartcatalogiq.com/en/2025-2026/academic-catalog/courses/bus-business-administration/300/bus-3985,BUS3985,Internship in Business,"This course is designed to provide declared business majors with guided reflective writing assignments, while gaining hands-on, work experience. Students will work in approved internships to confirm or clarify career goals, test what they have learned in their classes, gain a clearer sense of what they still need to learn and build their professional network. Students systematically evaluate themselves and the organization in which they work over the course of the term to focus on the potential fit between a student's individual strengths/interests and the organization's environment and culture.",1-2 sh,Required second year standing with a minimum of 45 credit hours earned or permission of instructor.,Experiential Learning Requirement; Internship,FallSpringSummer
https://elon.smartcatalogiq.com/en/2025-2026/academic-catalog/courses/bus-business-administration/300/bus-3260,BUS3260,Operations and Supply Chain Managment,"This course explores the importance of operational methodologies such as demand forecasting, inventory management, project management, quality assurance, and just-in-time and lean activities within the context of supply chain management and their impact on the profitability of the company. Operations and supply chain management together form one of the three core business functions.",4 sh,"ACC 2010, ECO 2300, and junior status.",Business Elective,BUS 326
https://elon.smartcatalogiq.com/en/2025-2026/academic-catalog/courses/bus-business-administration/300/bus-3660,BUS3660,Field Experience in Business,This course revolves around visits to diverse local businesses and analyses of the businesses visited.,4 sh,Permission of instructor. Sophomore standing required.,Business Elective; Experiential Learning Requirement,BUS 366
https://elon.smartcatalogiq.com/en/2025-2026/academic-catalog/courses/cde-communication-design/3000/cde-3500,CDE3500,Web & Mobile Design,"Students develop the ability to create websites, deepen the use of coding to enhance the user experience, and apply concepts of web and mobile design. In the course, students learn best practices of user interface design for usability and accessibility, consider structures for web-based storytelling, and produce web and mobile prototypes for content delivery.",4 sh,CDE 2580: Principles of Communication Design (new name),This course can be used for the Multimedia Authoring minor,FallSpring
https://elon.smartcatalogiq.com/en/2025-2026/academic-catalog/courses/chm-chemistry/100/chm-1110,CHM1110,General Chemistry I with Lab,"This course introduces fundamental principles of chemistry with special emphasis on developing skills in quantitative reasoning. Topics include stoichiometry, nomenclature, gases, atomic structure and periodicity, theories of chemical binding and thermochemistry.",4 sh,High school chemistry,Science; Laboratory,FallSpring
https://elon.smartcatalogiq.com/en/2025-2026/academic-catalog/courses/chm-chemistry/100/chm-1120,CHM1120,General Chemistry II with Lab,"The study of fundamental chemical principles continues with chemical kinetics, liquid/solid states, chemical equilibrium (gas phase and acid/base), thermodynamics and electrochemistry.",4 sh,CHM 1110,Science; Laboratory,Spring
https://elon.smartcatalogiq.com/en/2025-2026/academic-catalog/courses/chm-chemistry/200/chm-2110,CHM2110,Organic Chemistry I with Lab,"This course introduces students to the chemistry of carbon compounds, including nomenclature, the influence of structure on physical/chemical properties, reaction mechanisms, stereochemistry, conformational analysis, synthesis and characteristic reactions of different organic compounds.",4 sh,CHM 1120,Science; Laboratory; Biology Elective; Neuroscience Elective,Fall
https://elon.smartcatalogiq.com/en/2025-2026/academic-catalog/courses/chm-chemistry/200/chm-2120,CHM2120,Organic Chemistry II with Lab,"Continuing the study of organic chemistry, this course emphasizes more complex reactions and synthesis. It also covers conjugation, aromaticity and structural determination methods, including UV-VIS, IR and NMR spectroscopies, as well as mass spectrometry.",4 sh,CHM 2110,Science; Laboratory,Spring
https://elon.smartcatalogiq.com/en/2025-2026/academic-catalog/courses/chm-chemistry/300/chm-3210,CHM3210,Instrumental Analysis,"This course offers theory and practice of instrumental methods, with emphasis placed on spectroscopic (UV/VIS, IR, NMR, AA) and mass spectrometric methods of analysis.",4 sh,"CHM 2110, CHM 3110",Science; Advanced Studies,Spring
https://elon.smartcatalogiq.com/en/2025-2026/academic-catalog/courses/chm-chemistry/300/chm-3050,CHM3050,Environmental Chemistry,"This course provides a survey of chemical topics applying to selected pollutants in the air, water and soil. Topics include production and diffusion, photochemical processes, techniques for analysis, acid-base and redox chemistry, environmental and biological effects.",4 sh,CHM 2110; C- or better in CHM 1120,Science; Advanced Studies; Public Health Elective,Spring
https://elon.smartcatalogiq.com/en/2025-2026/academic-catalog/courses/chm-chemistry/300/chm-3320,CHM3320,Physical Chemistry I,"The mathematical development of the physical principles of chemistry is the main theme of the course.  Topics to be addressed include gases, thermodynamics, equilibria and kinetics.",4 sh,"MTH 1510, PHY 2020 or PHY 2220; C- or better in CHM 1120",Science; Advanced Studies,Fall
https://elon.smartcatalogiq.com/en/2025-2026/academic-catalog/courses/chm-chemistry/300/chm-3110,CHM3110,Quantitative Analysis,"This course introduces chemical methods of quantitative analysis, including classical, volumetric and selected instrumental methods, a discussion of error and uncertainty in measurements, and elementary statistics. Discussion also covers the underlying physical and chemical theories and laws with emphasis on chemical equilibrium.",4 sh,C- or better in CHM 1120,Science; Advanced Studies,Fall
https://elon.smartcatalogiq.com/en/2025-2026/academic-catalog/courses/chm-chemistry/300/chm-333,CHM3330,Physical Chemistry Laboratory,"Laboratory course to complement the topics covered inCHM 3320andCHM 3340, specifically thermodynamics, equilibria, kinetics, quantum mechanics and spectroscopy. Students will utilize available instrumentation to aid in their investigations. Outcomes from experiments will include writing formal laboratory reports in journal style and various forms of presentation. Each week students will meet for a 1-hour pre-laboratory lecture followed by 3 hours of hands-on experimentation. Co- or prerequisite:CHM 3320, Physical Chemistry I.",0 sh,CHM 3320: Physical Chemistry I,Lab Science,Fall
https://elon.smartcatalogiq.com/en/2025-2026/academic-catalog/courses/chm-chemistry/300/chm-3340,CHM3340,Physical Chemistry II,"The principles of quantum mechanics are developed and illustrated by the use of simple systems. Spectroscopic techniques are investigated as tools for probing structure and properties of molecules. Other topics may include group theory, statistical thermodynamics or selected special topics.",4 sh,"CHM 3320, MTH 2510, PHY 2020 or 2220",Science; Advanced Studies,CHM 334
https://elon.smartcatalogiq.com/en/2025-2026/academic-catalog/courses/chm-chemistry/300/chm-3410,CHM3410,Inorganic Chemistry,"Inorganic Chemistry is the study of elements across the periodic chart and integrates the concepts of organic, physical, nuclear and solid state chemistry. This course will allow an in-depth understanding of atomic structure, the structure and energy of molecular and ionic compounds, the stoichiometry and energy of oxidation and reduction reactions, the fundamentals and applications of the chemistry of coordination compounds and their reaction mechanisms, and the use of literature in order to achieve student competency. The application of physical methods of structure determination of inorganic compounds by magnetic and spectral methods, including magnetic susceptibility, UV/VIS and IR spectroscopies and NMR spectrometry will be presented throughout the course.",4 sh,C- or better in CHM 2120,Science; Advanced Studies,Fall
https://elon.smartcatalogiq.com/en/2025-2026/academic-catalog/courses/chm-chemistry/300/chm-3520,CHM3520,Biochemistry Laboratory,"Primarily this is a course that focuses ondoingscience – the practical application of the concepts learned in lecture. It introduces students to the fundamental principles and lab techniques of biochemistry with special emphasis on developing skills in protein extraction, purification, qualitative and quantitative analysis, ligand binding, and enzyme kinetics, and will do so in a way that is collaborative and scientific method-driven. The entire course is designed around a single multi-part experiment that students will help to design and guide throughout the semester. Throughout the course of the research project, students will compile their findings in a manuscript to be submitted for publication to the peer-reviewed journal,Journal of Biological Chemistry(JBC). To earn credit within the major, students must earn a C- or better in this lab course.",0 sh,Students enrolled in CHM 3520 will either need to be enrolled or have already completed CHM 3510.,Lab Science,Fall
https://elon.smartcatalogiq.com/en/2025-2026/academic-catalog/courses/chm-chemistry/300/chm-3510,CHM3510,Biochemistry I,"This is a survey of biochemistry as it relates to the physiology of organisms. Topics include biochemical methodology, buffers, proteins (structure, function and synthesis), enzymes, bioenergetics, anabolism and catabolism of carbohydrates and lipids, and metabolic regulation.",4 sh,C- or better in CHM 2120,Science; Advanced Studies; Neuroscience Elective,Fall
https://elon.smartcatalogiq.com/en/2025-2026/academic-catalog/courses/chm-chemistry/300/chm-3530,CHM3530,Biochemistry II,"This course is the second semester of a two semester Biochemistry course (CHM/BIO 3510/3530).  We will cover the major metabolic pathways (processing of fats, amino acids, protein, and nucleic acids), biochemical signaling and nucleic acids and protein synthesis. Material presented will be related to real world applications such as health, disease, and the functioning of mammalian systems. The main text book, primary literature, and case studies will provide the framework of information.",4 sh,CHM 3510,Science; Advanced Studies,Spring
https://elon.smartcatalogiq.com/en/2025-2026/academic-catalog/courses/chm-chemistry/300/chm-3550,CHM3550,Medicinal and Pharmaceutical Chemistry,"This is a lecture course designed to introduce the topics and techniques involved in medicinal and pharmaceutical chemistry theory and research. There will be an emphasis on major drug classes, their history and therapeutic application in disease, identification, synthesis and development of drugs, structure-function relationships of pharmaceutical agents, and biotransformation and drug metabolism in the body.",4 sh,CHM 3510 (can be take as a co-requisite); or permission of department chair,Science; Advanced Studies; Neuroscience Elective,CHM 355
https://elon.smartcatalogiq.com/en/2025-2026/academic-catalog/courses/chm-chemistry/400/chm-4010,CHM4010,Advanced Chemistry Laboratory,"The goal in Advanced Chemistry Lab courses is to: (1) provide students with a breadth of experiences in terms of concepts, practical skills, and instrumental usage, over a series of courses while (2) fostering a deeper understanding of core knowledge gained in lecture courses throughout the Chemistry and Biochemistry curricula. Students will be able to prepare laboratory reports of a style suitable for publication in a peer-reviewed journal. The fundamental structure of Advanced Lab is based on the American Chemical Society description of the laboratory experience. There are multiple versions ofCHM 4010, which are taught on a four-semester cycle. Each timeCHM 4010is taken, the course will appear as a separate entry on the student's transcript. To register for Advanced Chemistry Lab, a student must be enrolled in or have completed at least one of the following courses:CHM 3050,CHM 3110,CHM 3210, orCHM 3410.",0 sh,"A student can register for CHM 4010 if they are currently taking or have previously taken CHM 3050, CHM 3110, CHM 3210, or CHM 3410.",Lab science,FallSpring
https://elon.smartcatalogiq.com/en/2025-2026/academic-catalog/courses/chm-chemistry/400/chm-4971,CHM4971,Senior Seminar in Biochemistry,"This capstone course for senior biochemistry majors includes (1) analyzing and understanding advanced biochemical topics using current literature as the major source of information, (2) developing and writing a novel scientific research proposal, and (3) presenting information through both informal in-class discussions of journal articles and a more formal oral seminar presentation.",3 sh,CHM 3510,Science; Advanced Studies,CHM 495
https://elon.smartcatalogiq.com/en/2025-2026/academic-catalog/courses/chm-chemistry/400/chm-4970,CHM4970,Senior Seminar in Chemistry,"This capstone course will combine examination of an advanced special topic that draws from several sub-disciplines in chemistry with an intensive student seminar presentation based on recent literature. Possible topics include physical organic, bioanyalytical, advanced environmental and organometallic chemistry.",3 sh,Senior standing and CHM 3320,Science; Advanced Studies,CHM 494
https://elon.smartcatalogiq.com/en/2025-2026/academic-catalog/courses/chm-chemistry/400/chm-4985,CHM4985,Internship,Students gain advanced-level work experience in a chemical field.,1-4 sh,Permission of department,Science; Internship; Experiential Learning Requirement; Advanced Studies,CHM 481
https://elon.smartcatalogiq.com/en/2025-2026/academic-catalog/courses/chm-chemistry/400/chm-4999,CHM4999,Research,"In collaboration with a chemistry faculty member, students undertake experimental or theoretical investigations.",1-3 sh,Approval of department chair,Science; Experiential Learning Requirement; Advanced Studies,CHM 499
https://elon.smartcatalogiq.com/en/2025-2026/academic-catalog/courses/chn-chinese/100/chn-1020,CHN1020,Elementary Chinese II,This course continues the development of elementary skills for students who have already had a solid introduction to Chinese. It builds students’ literacy knowledge and expands their vocabulary and grammar with which they can discuss a wider range of topics about their daily lives. Emphasis is placed on oral communication in the classroom through consistent interaction among students and the instructor. Communicative activities in pairs and small groups lead students from structured practice to free expression. Proficiency goal on the ACTFL scale: Novice High.,4 sh,CHN 1010,Civilization; Asian Studies Elective,CHN 122
https://elon.smartcatalogiq.com/en/2025-2026/academic-catalog/courses/chn-chinese/200/chn-2010,CHN2010,Intermediate Chinese I,"This intermediate course completes the introduction of the basic grammatical structures and places an increased emphasis on recognizing and writing characters in Chinese. In addition, it continues to develop students’ listening and speaking skills so that students may communicate more effectively on a broader range of topics about their daily lives, both in spoken and in written Chinese. Proficiency goal on the ACTFL scale: Intermediate Low.",4 sh,CHN 1020,Civilization; Asian Studies Elective; Art History Elective,CHN 221
https://elon.smartcatalogiq.com/en/2025-2026/academic-catalog/courses/chn-chinese/200/chn-2020,CHN2020,Intermediate Chinese II,"This course provides an intensive review of the grammatical structures taught inCHN 1010-CHN 2010and introduces more complex linguistic structures while placing an increased focus on intercultural awareness in Chinese. Students continue to develop listening and speaking skills through in-class pair and group work, music, film and other media. They begin to communicate orally beyond the sentence level on a wider range of topics about their daily lives, and they begin writing at a paragraph level. Proficiency goal on the ACTFL scale: Intermediate Mid.",4 sh,CHN 2010,Civilization; Asian Studies Elective; Art History Elective; IGS: Global Studies Area,CHN 222
https://elon.smartcatalogiq.com/en/2025-2026/academic-catalog/courses/chn-chinese/300/chn-3210,CHN3210,Advanced Chinese I,"This course introduces more complex linguistic structures in Chinese while placing an increased focus on intercultural awareness. Intermediate to advanced reading, writing and speaking skills continue to develop through increasingly sophisticated topics. Strong emphasis is placed on oral communication through small group activities and projects in which students express themselves using connected discourse. Proficiency goal on the ACTFL scale: Intermediate High/Advanced Low.",4 sh,CHN 2020 or placement at this level.,Civilization; Advanced Studies; Art History Elective,CHN 321
https://elon.smartcatalogiq.com/en/2025-2026/academic-catalog/courses/chn-chinese/300/chn-3220,CHN3220,Advanced Chinese II,"The course builds students' linguistic skills by expanding their repertoire of words and structures used in discussing complex topics. The course introduces issues faced by Chinese or Chinese American individuals in the changing era, including health and wellness, environmental protection, gender equality, Chinatown, and money management and investment. Supplementary materials, such as articles, movies, and field trips, help students gain an understanding of the topics under discussion from different perspectives and develop their critical thinking skills. Additionally, students acquire skills in developing arguments by utilizing basic argument structures through oral presentations and a term project. A significant amount of preparation is expected. The proficiency goal on the ACTFL scale is Intermediate High to Advanced Low in reading and writing; Intermediate High in listening and speaking.",4 sh,"CHN 3210, placement at this level, or permission from the instructor.",Civilization; Advanced Studies,Spring
https://elon.smartcatalogiq.com/en/2025-2026/academic-catalog/courses/cjs-criminal-justice-studies/400/cjs-4985,CJS4985,Internship in Criminal Justice Studies,Students apply classroom knowledge within a workplace setting relevant to the discipline of criminal justice studies.,2 - 4 sh,"Junior standing, at least one of the three core courses required for the CJS Minor, and approval of instructor and program coordinator.",Experiential Learning Requirement; Criminal Justice Elective,
https://elon.smartcatalogiq.com/en/2025-2026/academic-catalog/courses/cjs-criminal-justice-studies/400/cjs-4991,CJS4991,Independent Study,Advanced study on a topic of special interest.,1-4 sh,"Junior standing, at least one core course and approval of instructor and program coordinator.",Criminal Justice Elective,CJS 491
https://elon.smartcatalogiq.com/en/2025-2026/academic-catalog/courses/com-communications/3000/com-3350,COM3350,Sports and Media,"A symbiotic relationship exists between athletic competition and the media. This course traces the century-old expansion of media coverage of athletics as well as social science research, weighing the capability of the media to participate in shaping and packaging sports content and programming as forms of popular culture.",4 sh,COM 1000 or SPT 2120,American Studies Elective,FallWinterSpring
https://elon.smartcatalogiq.com/en/2025-2026/academic-catalog/courses/com-communications/3000/com-3985,COM3985,Communications Internship,"All students must complete a professionally supervised internship in journalism, strategic communications, cinema and television arts, communication design or media analytics. Students secure an internship with the guidance and prior approval of the school’s internship director.",1 or 2 sh,COM 1000 and COM 2000 required; COM 2200 recommended,Internship; Experiential Learning Requirement,FallWinterSpringSummer
https://elon.smartcatalogiq.com/en/2025-2026/academic-catalog/courses/cor-elon-core-curriculum/300/cor-3000,COR3000,"Race, Memory, and the ""Lost Cause""","If the South lost the Civil War, why are there hundreds of Confederate monuments still standing over city squares, college campuses, and public parks?  What can controversies over Confederate symbols tell us about how memory shapes American culture?",4 sh,Open to students in the third or fourth year of study.,Core Integrative Seminar,COR 300
https://elon.smartcatalogiq.com/en/2025-2026/academic-catalog/courses/cor-elon-core-curriculum/300/cor-3010,COR3010,Becoming an Adult in the Modern Era,"This course explores how large-scale social forces have shaped what it means to become adult in modern society, as well as the cultural consequences of contemporary patterns in the transition to adulthood. Students will apply multiple disciplinary lenses to the study of the transition to adulthood, including perspectives in sociology, demography, neuroscience, developmental psychology, anthropology, public health, and moral philosophy. Generational differences in becoming an adult will be explored, and attention will be paid to diversity in experiences, with attention to global variation, immigrant experiences, and the roles of disability and illness, sexual orientation, race/ethnicity, and social class in becoming an adult.",4 sh,Open to students in the third or fourth year of study.,Core Integrative Seminar,COR 301
https://elon.smartcatalogiq.com/en/2025-2026/academic-catalog/courses/cor-elon-core-curriculum/300/cor-3020,COR3020,Italian Cinema,"Italy has given human civilization among its most precious works of art (The Sistine Chapel, The Mona Lisa); literature (Dante, Calvino); political science (Machiavelli, Gramsci); music (Verdi, Puccini); science (Galileo, Volta); cars and design (Ferrari, Lamborghini); films (Rossellini, Fellini); and, of course, pizza. Unfortunately (or maybe it's because of that?), it has also given civilization one other thing: the Mafia. The Mafia is a very complicated thing. It is cultural, economic, financial, historical, sociological, geographical, linguistic, national, international, and VERY political phenomenon. It has to do with issues concerning class, gender, the family. This course will look at the Mafia through the prism of Italian and Italian-American films, trying to discern the differences, especially the difference between myth and reality. We will accompany, so to speak, our movies with some literary, political, historical, and critical readings in order to read these movies in a comparative fashion and in their historical context. Films will include Rossellini's spectacular version of Tommasi di Lampedusa'sThe Leopard, Alberto Lattuada'sIl Mafioso, Francesco Rosi'sHands over the Cityand Salvatore Giuliano, Francis Ford Coppola'sThe Godfather I and II, Martin Scorsese'sCasino, Matteo Garrone'sGomorrah, Marco Turco'sExcellent Cadavers, as well as one episode ofThe Sopranos.",4 sh,Open to students in the third or fourth year of study.,Core Integrative Seminar; Italian Studies Elective; IGS: Europe Regional Concentration; International Business Regional Area Course,COR 302
https://elon.smartcatalogiq.com/en/2025-2026/academic-catalog/courses/cor-elon-core-curriculum/300/cor-3030,COR3030,The Culture of Rock,"This course examines the evolution of rock music and the subcultures centered upon that music, from the 1950s through the 1970s and beyond. It incorporates analysis of important theories, films, and cultural artifacts.",4 sh,Open to students in the third or fourth year of study.,Core Integrative Seminar; American Studies Elective,COR 303
https://elon.smartcatalogiq.com/en/2025-2026/academic-catalog/courses/cor-elon-core-curriculum/300/cor-3040,COR3040,The Great Films,"This course examines cinema along the distinct but inextricably bound tracks of art, society, and industry. Drawing upon history, film history, aesthetics, cultural studies, critical theory, and other disciplines, this course will provide intensive analysis of twelve motion pictures which, though inextricably bound to the historical, cultural, artistic, economic, commercial, and political forces of a specific time, have stood the test of time and continue to resonate with modern audiences-they are Great Films.",4 sh,Open to students in the third or fourth year of study.,Core Integrative Seminar,COR 304
https://elon.smartcatalogiq.com/en/2025-2026/academic-catalog/courses/cor-elon-core-curriculum/300/cor-3050,COR3050,Interdisciplinary Zen,"In this seminar we will study the ritual and philosophy of Zen and the relationship scholars have noted between Zen and physics and Zen and the Japanese arts (such as painting, haiku, calligraphy, and martial arts). To ground our study, we will practice sitting meditation and visit a local Zen center.",4 sh,Open to students in the third or fourth year of study.,Core Integrative Seminar; Asian Studies Elective,COR 305
https://elon.smartcatalogiq.com/en/2025-2026/academic-catalog/courses/cor-elon-core-curriculum/300/cor-3060,COR3060,College Athletics Administration,"This course provides a comprehensive and interdisciplinary examination of intercollegiate athletics in higher education.  Although intercollegiate athletics has played an integral and undeniably significant role in the American system of higher education since the mid-nineteenth century, the debate about its purpose and how to govern college athletics still exists. This course will include an historical overview of college sport (1850 - present), an introduction to the organizational structures and policies governing member institutions and will focus on a variety of events and issues that speak to the impact of intercollegiate athletics at colleges and universities. Topics will be used to challenge student's ability to critically examine current administrative issues.  Many issues will challenge personal philosophies of sport and its place in higher education.  Topics include-among others-the debate surrounding required academic standards for college athletes, athletic department relationships with corporate entities and media partners, the impact of sports programs on campus culture, student-athlete well-being, the role of college and university presidents in intercollegiate athletics, and how college sports interacts with Title IX and gender equity. Through readings and discussions we will consider various prescriptive alternatives for the challenges facing the college athletics.",4 sh,Open to students in the third or fourth year of study.,Core Integrative Seminar; Sport and Event Management Minor Elective,COR 306
https://elon.smartcatalogiq.com/en/2025-2026/academic-catalog/courses/cor-elon-core-curriculum/300/cor-3080,COR3080,Health Care Strategies for the 21st Century,"This course will focus on how strategic health care marketing management can be used to solve health care problems. The course examines how different markets define value and how health care service and product providers use innovation to meet market needs. It will also explore how the marketing mix (product, price, place, and promotion) is effectively managed in different types of health care organizations. The course is highly interactive. Students will work in teams to develop ""live"" marketing plans for a local health care organization.",4 sh,Open to students in the third or fourth year of study.,Core Integrative Seminar; Public Health Elective,COR 308
https://elon.smartcatalogiq.com/en/2025-2026/academic-catalog/courses/cor-elon-core-curriculum/300/cor-3070,COR3070,The Future Now,"What does the future hold for humankind? This course explores the social, economic and political implications of the future now being projected by experts in all fields of study. Learn how to recognize, evaluate and work to adapt to expected future realities in an age in which nested networks influence everything (Facebook, the interstate highway system, sustainable resources, etc.) to a greater degree than ever before. Build new paradigms, engage in an intriguing quest for foresight and prepare yourself to work toward the best future possible as you synthesize a better understanding of the impact of accelerating change.",4 sh,Open to students in the third or fourth year of study.,Core Integrative Seminar,COR 307
https://elon.smartcatalogiq.com/en/2025-2026/academic-catalog/courses/cor-elon-core-curriculum/300/cor-3100,COR3100,The Museum Collection: Material Culture & the Creation of Meaning,"This seminar will introduce students to the practice of managing objects within a museum context including: collections development, accepted museum registration methods, cataloging, condition reporting, caring for the collection, and an exploration of ethical and philosophical concerns with museum collections. Once students have been familiarized with collections policy and practice, they will examine how, through the presentation of objects, museums can (and do) create meaning. Course readings will include sources specific to the care, presentation, and management of museum collections as well as material culture theory, art criticism, reflections on the power of interpretation, and the process of exhibiting “culture” and history.",4 sh,Open to students in the third or fourth year of study.,Core Integrative Seminar,COR 310
https://elon.smartcatalogiq.com/en/2025-2026/academic-catalog/courses/cor-elon-core-curriculum/300/cor-3090,COR3090,Millennial Imagination,"This course is a look at creative futures – an exploration of what might actually be possible for our society and world, right now, without anything fancy technologically but with a lot more imagination. First we spend some time awakening our own social creativity. We then survey some “out of the box” possibilities across a wide range of areas, including alternative schools (and alternatives to school); different ways to organize (or dis-organize) work; alternative architectures and arts; new kinds of global political order; more celebratory ways to relate to nature; and the question of Mars. There will be a lot of reading, but then again, how can you resist titles like Massive Change (Bruce Mau) or Beyond Civilization (Daniel Quinn) or How to Re-Imagine the World?",4 sh,Open to students in the third or fourth year of study.,Core Integrative Seminar,COR 309
https://elon.smartcatalogiq.com/en/2025-2026/academic-catalog/courses/cor-elon-core-curriculum/300/cor-3110,COR3110,Globalization of Hip-Hop,"This course will examine the power of language as a voice for communities and a force for change. Through both popular and academic texts we will look at, first, the origins and spread of hip-hop music in the United States, giving voice to an underrepresented community. We will critically examine concepts such as representation, appropriation, genre, and authenticity in order to understand how hip-hop originated as a music form and became a highly developed youth culture both in the United States and across the globe. This course will incorporate concepts from economics, art history, cultural studies, education, and linguistics, as well as a variety of multimedia to explore, challenge, and explain the global spread of hip-hop music.",4 sh,Open to students in the third or fourth year of study.,Core Integrative Seminar,COR 311
https://elon.smartcatalogiq.com/en/2025-2026/academic-catalog/courses/cor-elon-core-curriculum/300/cor-3130,COR3130,"Law, Faith and Tolerance","Students will explore how different societies, and different academic disciplines, have made sense of competing views about law, faith, and tolerance. This class will begin and end with “traditional” seminar sessions, but for much of the term students will play two month-long games that are part of the Reacting to the Past project. In each game, every student will assume the role of a historical figure during a time of conflict. To win a game, a student must understand and apply ideas from core texts to persuade other students that a particular view of law, faith, and tolerance should prevail.",4 sh,Open to students in the third or fourth year of study.,Core Integrative Seminar,COR 313
https://elon.smartcatalogiq.com/en/2025-2026/academic-catalog/courses/cor-elon-core-curriculum/300/cor-3120,COR3120,Teaching and Learning Financial Literacy,"“How does health insurance work?”  “What is a 401(k) and how do I use it?” “How will finances impact my ability to reach personal goals?” Many people, and especially college students, struggle to answer these questions. In this class, students will first investigate basic financial principles that can help prepare them for a life after college.   The class will then transition to discussing challenges related to gaining and promoting financial literacy in society.  We will explore the social, emotional and societal problems that often result from a lack of financial literacy, and how these problems affect health and wellness for many individuals and families.  Finally, for a Capstone Project, each student will create a project that utilizes their skills and interest, including those gained throughout their experience at Elon, in helping to promote financial literacy on campus and in the local community.",4 sh,Open to students in the third or fourth year of study.,Core Integrative Seminar,COR 312
https://elon.smartcatalogiq.com/en/2025-2026/academic-catalog/courses/cor-elon-core-curriculum/300/cor-3150,COR3150,Power and Obedience,"It is normal for people to attempt to influence the behavior of others. This course will examine the various methods of influence that have the most success, as well as the characteristics of people who are most easily influenced. Ramifications for individuals and societies will be discussed.",4 sh,Open to students in the third or fourth year of study.,Core Integrative Seminar; Leadership Studies Elective,COR 315
https://elon.smartcatalogiq.com/en/2025-2026/academic-catalog/courses/cor-elon-core-curriculum/300/cor-3140,COR3140,Plants and Civilization,"This course will explore the diversity of plants and their relationships with people. The primary focus will pertain to the interconnections between botany and culture. This includes social, economic, political, medicinal, and historical aspects of plants and plant products in civilization. This course will provide a better understanding and appreciation of how plants are used by humans, including pharmaceutical, industrial, and nutritional products, as well as the role plants play in maintaining a healthy planet.",4 sh,Open to students in the third or fourth year of study.,Core Integrative Seminar,COR 314
https://elon.smartcatalogiq.com/en/2025-2026/academic-catalog/courses/cor-elon-core-curriculum/300/cor-3160,COR3160,Growing Up: Coordinating Complex Systems,"This course will engage students in understanding cognitive, motor, social and emotional development in children from infancy to adolescence. Further exploration will include the etiology of neurological/developmental diseases or disabilities in children as well as how these affect the integration of each of these systems/components throughout a child's development.",4 sh,Open to students in the third or fourth year of study.,Core Integrative Seminar,COR 316
https://elon.smartcatalogiq.com/en/2025-2026/academic-catalog/courses/cor-elon-core-curriculum/300/cor-3170,COR3170,Living in an Upside-Down World: Kafka and the Kafkaesque,"We live in a time when individual control is illusory. Unseen forces take the upper hand. Vague threats—terrorism, climate change, that other political party—haunt the back of our minds. We continue with daily life, knowing the sky hasn’t fallen, but with the persistent sense that something is out of place. That vague notion is Kafka’s landscape. His works are not violent or shocking; they’re weird but recognizable, like a bizarre dream. Through focused study of Kafka’sThe Trialand other works (film, graphic novels), students and the instructor will try to define this frequently-used but poorly-defined term, applying it to academic questions and to life beyond the classroom, investigating what the Kafkaesque can teach us about modern existence and the individual’s role in society.",4 sh,Open to students in the third or fourth year of study.,Core Integrative Seminar; German Studies Elective,COR 317
https://elon.smartcatalogiq.com/en/2025-2026/academic-catalog/courses/cor-elon-core-curriculum/300/cor-3190,COR3190,"The Camera Eye, the Camera I","Alfred Hitchcock’sRear Windowand Michelangelo Antonioni’sBlow Upinspired numerous filmgoers to pick up cameras and become professional photographers in the 1950s and 1960s. Holding a central position in both the history of cinema and photography, these films explore many important themes uniquely connected to both mediums. Since the release ofRear WindowandBlow Upphotography has arisen as a popular subject in contemporary film. Through the lens of art, film, psychology, gender, and visual culture studies, this course will explore the reasons behind photography’s popularity as a film subject and unravel the complex and multi-faceted issues embedded in these fictitious narratives. Students will also evaluate film themes in relation to real world situations by putting into question how photographs and moving images are used in media and the role they play in our personal histories. A collaborative “mash-up” will be the course capstone project, where students will have the opportunity to recontextualize clips and scenes from films central to the course to create new narratives, commentary, and meaning.",4 sh,Open to students in the third or fourth year of study.,Core Integrative Seminar,Spring
https://elon.smartcatalogiq.com/en/2025-2026/academic-catalog/courses/cor-elon-core-curriculum/300/cor-3180,COR3180,The World in your Cup: an Interdisciplinary Look at Coffee,"According to research conducted by the National Coffee Association, USA, coffee is the most commonly consumed beverage in the U.S.; 79% of U.S. Americans over the age of 18 have consumed coffee within the past year.[1]From the farmer who cultivates coffee on a steep hillside in Chiapas, Mexico to the consumer who purchases a daily latte from The Oak House, the production and consumption of coffee touches on many academic disciplines including history, biology, sustainability, fair trade, business, sociology, law, and human rights. We will study the multiple steps in the global coffee supply chain, from cultivation to consumption, as well as overarching factors such as government regulations, coffee’s impact on health, the sociology of coffee consumption, and coffee-related careers. The Core Capstone Project will be a writing-as-a-citizen project in which students engage a real audience around a specific issue in the coffee production chain.",4 sh,Open to students in the third or fourth year of study.,Core Integrative Seminar,COR 318
https://elon.smartcatalogiq.com/en/2025-2026/academic-catalog/courses/cor-elon-core-curriculum/300/cor-3200,COR3200,Cross-Cultural Exchanges of the Atlantic World,"This course will examine cross-cultural exchanges that occurred in the Atlantic World (Europe, Africa, and the Americas) between the years of 1492 to 1821. We will explore exchanges between different groups of peoples and societies, broadening our understanding of not only what the Atlantic World encompasses and represents but also the new and changing identities, institutions, and ideologies that resulted from European contact with Africa and the Americas. Central to the course is the analysis of the complex and multi-directional exchanges between these vastly different peoples and culture(s) and their direct relation to the development of early modern imperial societies.",4 sh,Open to students in the third or fourth year of study.,Core Integrative Seminar,COR 320
https://elon.smartcatalogiq.com/en/2025-2026/academic-catalog/courses/cor-elon-core-curriculum/300/cor-3210,COR3210,Entrepreneurship and the Arts,"Musicians, artists, writers and other artistic people face special challenges creating and operating ventures focused on their artistic endeavors. This course, designed for students who are not majoring in Business, addresses how to start a new enterprise and many of the unique problems and circumstances encountered in establishing and operating such a venture. Since many arts organizations are not-for-profit, special attention will be placed on the idiosyncrasies of non-profit organizations.  Emphasis will be placed on the development of business and project plans and the operations of arts-related ventures.",4 sh,Open to students in the third or fourth year of study.,Core Integrative Seminar,COR 321
https://elon.smartcatalogiq.com/en/2025-2026/academic-catalog/courses/cor-elon-core-curriculum/300/cor-3230,COR3230,Work and Society in a Globally Networked Age,"In this course, we will explore the changing nature of work from a socio-historical perspective in which particular emphasis will be placed on current trends and the resulting societal implications in our global age of an increasingly globally networked economy. In the process, we will look at how work has been created, organized, performed, valued and compensated at different points in history. The course will also include exploration into credentialing and hiring practices related to issues of education, skills, experience, gender, race, class, etc. The overarching goal of the course will be for students to have a better understanding of work and the implications of current work-related trends within the larger socio-historical context.",4 sh,Open to students in the third or fourth year of study.,Core Integrative Seminar,COR 323
https://elon.smartcatalogiq.com/en/2025-2026/academic-catalog/courses/cor-elon-core-curriculum/300/cor-3260,COR3260,Human Sexuality,"This course provides the comprehensive study of biological, cultural and psychosocial sexuality throughout the life cycle, including male and female physiology, reproduction, contraception, sexual identity, gender roles, intimate relationships, sexually transmitted diseases and variant sexual behaviors. This course is writing intensive.",4 sh,Open to students in the third or fourth year of study.,"Core Integrative  Seminar; Women's Gender, and Sexualities Studies Elective; Public Health Elective",COR 326
https://elon.smartcatalogiq.com/en/2025-2026/academic-catalog/courses/cor-elon-core-curriculum/300/cor-3240,COR3240,Substance Abuse and Human Behavior,"This course provides an interdisciplinary overview of factors influencing alcohol and other drug use including facets of personality, culture and genetics. Students examine issues from a public health model and investigate prevention strategies based on lifestyle choices and harm reduction. Local, national and international issues are explored through presentations, class discussions, field trips and a research paper on alcohol and other drug issues in a country other than the United States.",4 sh,Open to students in the third or fourth year of study.,Core Integrative Seminar; Public Health Elective,COR 324
https://elon.smartcatalogiq.com/en/2025-2026/academic-catalog/courses/cor-elon-core-curriculum/300/cor-3250,COR3250,Math Origami,"Origami bridges centuries of genius in art and science. The spread of origami can be thought of as a measure of globalization. This writing-intensive course is an interdisciplinary exploration of the significant ties between origami and various majors across campus. As a class, we will investigate the strong ties between mathematics and art in the forms of origami. Student presentations will explore the traditional elements of creativity as well as implications in the student's own major. While art majors and minors learn how to become artists, all students who study a visual art learn imaginative and innovative problem solving. This course will allow students to investigate their major and express it in a new fashion.",4 sh,Open to students in the third or fourth year of study.,Core Integrative Seminar,COR 325
https://elon.smartcatalogiq.com/en/2025-2026/academic-catalog/courses/cor-elon-core-curriculum/300/cor-3270,COR3270,"Women, Culture and Development","This course primarily investigates the economic status of women in the labor market, how that role has changed over time and the differences between labor market outcomes for both men and women. Topics include gender differences in the work place, labor force participation trends and its consequences for family, as well as race, ethnic and cultural issues across countries. The aim is to provide students with a broader comparative understanding of women in an international context by incorporating socio-political-cultural-historical and economic perspectives. The class will be designed around discussions, presentation of ideas, and creative ways of working together in learning and exploring the role of culture, development and women.",4 sh,Open to students in the third or fourth year of study.,"Core Integrative Seminar; Women's Gender, and Sexualities Studies Elective",COR 327
https://elon.smartcatalogiq.com/en/2025-2026/academic-catalog/courses/cor-elon-core-curriculum/300/cor-3280,COR3280,The Modern Summer Olympic Games,"The course will investigate various aspects of the modern summer Olympic Games. Beginning in Athens in 1896, the political, moral, ethical, economic and philosophic ideas which dominate the Olympics will be discussed. Students will be challenged to see the Olympics from many perspectives instead of just the sport/athleticism point of view. Students will also discuss significant instances pertaining to the various games, including, but not limited to, the 1936 Berlin Games, 1972 Munich Games, 1980 Moscow Games and 2008 Beijing Games. Future games may also be addressed.",4 sh,Open to students in the third or fourth year of study.,Core Integrative Seminar,COR 328
https://elon.smartcatalogiq.com/en/2025-2026/academic-catalog/courses/cor-elon-core-curriculum/300/cor-3290,COR3290,In Search of Fair Division,"Is it possible to develop a method for determining election results that is always fair? Answering this simple question is anything but a simple task. In fact, fairness is a complex idea, and it applies to numerous areas of our life. In this course, students will explore and apply concepts from voting theory, fairness criteria, and apportionment. Meeting objectives of this course requires you to combine what is learned from previous courses, related readings, and class activities to address novel questions of fairness regarding social representation in numerous settings. Essay writing and a final comprehensive writing project will complement simulations, presentations, short films, and role playing. Upper level students interested in a range of disciplines including sociology, history, political science, mathematics, and business will find this course of lasting benefit. All interested students are encouraged to enroll.",4 sh,Open to students in the third or fourth year of study.,Core Integrative Seminar,COR 329
https://elon.smartcatalogiq.com/en/2025-2026/academic-catalog/courses/cor-elon-core-curriculum/300/cor-3300,COR3300,Leading for Change: an Institutional and Cross-Systems Approach for Racial Equity,"This interdisciplinary course will provide a unique leadership development opportunity that prepares students to address the challenges of racial equity. In addition, this course will promote a commitment from students to applied leadership in their current activities and future careers through: a firm understanding and definition of racism, power, and privilege; historic and current structures that sustain racism, power, and privilege; and tools and resources to address racial, ethnic, and tribal inequity.",4 sh,Open to students in the third or fourth year of study.,Core Integrative Seminar,COR 330
https://elon.smartcatalogiq.com/en/2025-2026/academic-catalog/courses/cor-elon-core-curriculum/300/cor-3320,COR3320,Utopias & Dystopias,"My primary aim inUtopias & Dystopiasis to motivate you (the student) to deeply think about what YOU want the world to be like, and hopefully motivate you to strive towards making it that way. Organizing questions could be: What would a perfect society look like? Why is American so fascinated with post-apocalyptic entertainment? What roles do imagined futures play in our current social and political decision making? Such questions will orient this class where we wrestle with the cultural mirrors of utopia and dystopia that tell us so much about the times in which they were generated. For instance, what does the current societal fascination with zombie apocalypse tell us about this moment in time?",4 sh,Open to students in the third or fourth year of study.,Core Integrative Seminar,COR 332
https://elon.smartcatalogiq.com/en/2025-2026/academic-catalog/courses/cor-elon-core-curriculum/300/cor-3310,COR3310,Wilderness and Adventure Therapy,"This course will introduce students to the skills needed to successfully facilitate therapeutic wilderness and adventure experiences by exploring the concepts and practices underpinning these approaches. A broad spectrum of theory, research, and current applications for wilderness and adventure therapy will be discussed and investigated, including how outdoor experiences can reduce stress, restore attention, enhance self-concept, and promote personal meaning. The course will focus on the use of these therapies to restore, remediate, and/or rehabilitate individuals with various illnesses and/or disabilities. Students will be assigned a fictional case study, and will develop throughout the course a corresponding therapy plan incorporating studied techniques as the capstone project.",4 sh,Open to students in the third or fourth year of study.,Core Integrative Seminar,COR 331
https://elon.smartcatalogiq.com/en/2025-2026/academic-catalog/courses/cor-elon-core-curriculum/300/cor-3340,COR3340,Engaging in Public Discourse about Social and Cultural Issues,"Students will learn how to express themselves articulately, intellectually and persuasively about social and cultural issues in public forums using perspectives, theories, concepts and research from their studies in the liberal arts. This capstone seminar will be structured as an interactive, interdisciplinary workshop in which students learn how to engage in discourse (especially through writing, but also speaking) in public, non-academic venues including magazine articles, op-ed pieces, social media, blogs, speaking engagements and more. Students will learn how to select a socio-cultural issue for public discourse, how to identify relevant academic knowledge, how to identify appropriate public venues, how to pitch their ideas to editors or other gatekeepers, and how to write and talk about academic ideas in language accessible to the public. Emphasis will be placed on writing as a citizen and writing to learn. Students will complete projects that will be ready for submission for public venues.",4 sh,Open to students in the third or fourth year of study.,Core Integrative Seminar,COR 334
https://elon.smartcatalogiq.com/en/2025-2026/academic-catalog/courses/cor-elon-core-curriculum/300/cor-3350,COR3350,Family Stories,"In this interdisciplinary seminar, we will examine family relationships in the context of psychological research and literature. In our analysis, we will utilize psychological theories and research to understand developmental, social and cultural influences on family members' beliefs and behaviors, particularly as they are portrayed in novels and films. We will investigate issues related to parenting, gender and sexuality, identity formation, and more. Students will also explore their own family stories in a class project.",4 sh,Open to students in the third or fourth year of study.,Core Integrative Seminar,COR 335
https://elon.smartcatalogiq.com/en/2025-2026/academic-catalog/courses/cor-elon-core-curriculum/300/cor-3330,COR3330,Religion and Art of Asia,"This course explores the symbiosis of religious thought and expression in the pan-Asian sphere. It investigates the history of Indian, Chinese and Japanese religious art and architecture and considers Asia's contemporary material and popular culture as both expressions of and constructions for the sacred.",4 sh,Open to students in the third or fourth year of study.,Core Integrative Seminar; Asian Studies Elective; IGS: Asia Regional Concentration; International Business Regional Area Course,COR 333
https://elon.smartcatalogiq.com/en/2025-2026/academic-catalog/courses/cor-elon-core-curriculum/300/cor-3370,COR3370,Sustainable Seas: Envisioning a New Future for Earth's Oceans,"The students in this course will develop and imagine a pathway to lead to sustainable use of the oceans by the growing human population.   Earth’s oceans represent the greatest unexplored region of our planet, a major component of the climate system, and a vast reservoir of resources that has been mined since the earliest human civilizations arose.  Industrialization and technological innovation have led to ocean-wide pollution, harmful algal blooms, over-exploitation of fish stocks, coral reef death, and ocean acidification.  Despite these problems, the interaction between humans and the oceans is not destined to follow a path of mutual destruction.  Creative and imaginative people can envision a sustainable future in which the oceans will supply food, carbon free energy, medicines, and climate stabilization.  Students will explore innovative approaches in the fields of environmental ethics, resource management, international policy, ecological economics, and ocean science that will lead to this sustainable future.",4 sh,Open to students in the third or fourth year of study.,Core Integrative Seminar,COR 337
https://elon.smartcatalogiq.com/en/2025-2026/academic-catalog/courses/cor-elon-core-curriculum/300/cor-3380,COR3380,American Adolescence,"This interdisciplinary seminar explores the male and female experience of coming of age in America.  We will study major psychological and sociological theories of adolescence, and examine how the transition from childhood to adult life is represented in literature and film. This course is writing intensive.",4 sh,Open to students in the third or fourth year of study.,"Core Integrative Seminar; American Studies Elective; Women's, Gender, and Sexualities Studies Elective",COR 338
https://elon.smartcatalogiq.com/en/2025-2026/academic-catalog/courses/cor-elon-core-curriculum/300/cor-3390,COR3390,Exploring Mathematical Thinking and Access,Title: Count Me In - Our World by the Numbers,4 sh,Open to students in the third or fourth year of study.,Core Integrative Seminar,COR 339
https://elon.smartcatalogiq.com/en/2025-2026/academic-catalog/courses/acc-accounting/400/acc-4985,ACC4985,Internship in Accounting,"This course is designed to provide declared accounting majors with guided reflective writing assignments, while gaining hands-on work experience. Students will work in approved internships to confirm or clarify career goals, test what they have learned in their classes, gain a clearer sense of what they still need to learn, and build their professional network. Students systematically evaluate themselves and the organization in which they work over the course of the term to focus on the potential fit between a student's individual strengths/interests and the organization's environment and culture.",1-2 sh,ACC 3310 and junior standing,Experiential Learning Requirement; Internship,FallSpringSummer
https://elon.smartcatalogiq.com/en/2025-2026/academic-catalog/courses/act-acting/1000/act-1120,ACT1120,Acting I,"Students are introduced to and practice the Meisner technique, starting with basic repetition, continuing through and including the final improvisation. The semester ends with scene work incorporating the moment to moment listening skills acquired from the Meisner exercises.",4 sh,B.F.A. theatre arts/music theatre majors or permission of instructor,Theatre Arts Elective,Fall
https://elon.smartcatalogiq.com/en/2025-2026/academic-catalog/courses/act-acting/200/act-2221,ACT2221,Acting III,"This is an advanced course in performance skill for B.F.A. music theatre and B.F.A. theatre arts students only. Students are introduced to advanced Meisner exercises that teach the art of the impediment and cause-and-effect listening and responding through the physical instrument, text specificity using standard nursery rhymes and the building of character through point of view exercises utilizing Master's Spoon River Anthology. The semester ends with scene work designed to incorporate the various skills taught in exercise.",4 sh,ACT 2220,Theatre Arts Elective,Spring
https://elon.smartcatalogiq.com/en/2025-2026/academic-catalog/courses/act-acting/200/act-2220,ACT2220,Acting II,Students prepare scenework exercises to continue developing acting skills with focus on realistic drama approached through a Stanislavski-based methodology.,4 sh,ACT 1120,Theatre Arts Elective,Fall
https://elon.smartcatalogiq.com/en/2025-2026/academic-catalog/courses/act-acting/200/act-2226,ACT2226,Vocal Production II,"This course is designed to increase the actor's understanding of their vocal instrument, and the range of choices they can consciously employ as a dynamic communicator and an impersonator of human behavior. Students will examine the physical actions that produce identifiable sounds of human speech, with special emphasis on the sounds of American English. Study will include the manner in which these speech actions are rendered in print by use of the symbols of the International Phonetic Alphabet.",2 sh,ACT 2225; B.F.A. acting majors or permission of instructor,Theatre Arts Elective,Spring
https://elon.smartcatalogiq.com/en/2025-2026/academic-catalog/courses/act-acting/200/act-2225,ACT2225,The Dynamic Instrument,"This course is an experiential investigation of the vocal/physical instrument, designed to increase the actor's awareness and expressive use of the instrument. Focus will be on the release of tensions and behaviors that diminish the efficiency of communication, as well as warm-up techniques for rehearsal and performance.",1 sh,B.F.A. acting majors or permission of instructor only,Theatre Arts Elective,Fall
https://elon.smartcatalogiq.com/en/2025-2026/academic-catalog/courses/act-acting/300/act-3320,ACT3320,Acting IV: Special Topics,"In this course for advanced performers, each semester examines a different topic such as audition techniques, stage dialects, acting for the camera and period style.",2-4 sh,"ACT 2220, ACT 2221 or permission of instructor, ACT majors only",Advanced Studies; Theatre Arts Elective,FallSpring
https://elon.smartcatalogiq.com/en/2025-2026/academic-catalog/courses/act-acting/300/act-3322,ACT3322,Stage Combat,"This course is designed to develop the actor's ability to perform, in both a safe and theatrically effective manner, plays that represent physical violence. It will develop a level of proficiency in unarmed combat and explore techniques for working with weapons. Emphasis will be placed on melding the technical/athletic aspect of stage combat with effective use of the actor's craft.",4 sh,"ACT 2220, ACT 2221 or permission of instructor",Advanced Studies; Theatre Arts Elective,ACT 322
https://elon.smartcatalogiq.com/en/2025-2026/academic-catalog/courses/act-acting/300/act-3321,ACT3321,Acting for the Camera,This course will provide an introductory examination and exploration of the technique of acting for the camera. Students will learn to apply their previous acting training to the specific demands of this medium.,4 sh,"ACT 2220, ACT 2221 or permission of instructor",Advanced Studies; Theatre Arts Elective,Fall
https://elon.smartcatalogiq.com/en/2025-2026/academic-catalog/courses/act-acting/300/act-3325,ACT3325,Vocal Production III,"This course is designed to meet the needs of the intermediate B.F.A. acting student. Students will continue to learn to apply vocal exercises and warm-ups by designing their own versions based on the information provided inACT 2225and 2226. Students will learn how to use their phonetic tools to analyze both classical and contemporary dialogue and verse to better understand why a playwright has chosen specific sounds and words, and how as performers they might bring these sounds to organic life. They will learn how to use sounds as tools for organic acting. They will be introduced to scansion technique for verse speaking, phonetic length and technical analysis of both poetic and contemporary writing.",1 sh,"ACT 2225, ACT 2226; acting majors or permission of instructor",Advanced Studies; Theatre Arts Elective,Spring
https://elon.smartcatalogiq.com/en/2025-2026/academic-catalog/courses/act-acting/300/act-3326,ACT3326,Vocal Production IV,This course is designed to meet the needs of the upper-level B.F.A. acting major. Students will learn the technical process of transforming an author's text to a given accent or dialect and to organically produce the voice of a foreign or regional speaker.,2 sh,"ACT 2225, ACT 2226, ACT 3325; acting majors or permission of instructor only.",Advanced Studies; Theatre Arts Elective,Fall
https://elon.smartcatalogiq.com/en/2025-2026/academic-catalog/courses/act-acting/300/act-3331,ACT3331,Playscript Analysis,Students learn various methods of analyzing playscripts as a basis for interpretation for all theatre artists.,4 sh,"DTS 1001, DTS 1015; ACT 1120 or ACT 1125; or permission of instructor",Advanced Studies; Theatre Arts Elective,Fall
https://elon.smartcatalogiq.com/en/2025-2026/academic-catalog/courses/act-acting/300/act-3332,ACT3332,Play Direction,"Working methods of the stage director, from analysis through rehearsal, are the focus of this study, which culminates in a scene project by each student. Discussion emphasizes decision making and communicating with actors.",4 sh,ACT 3331,Advanced Studies; Theatre Arts Elective,Spring
https://elon.smartcatalogiq.com/en/2025-2026/academic-catalog/courses/ams-american-studies/200/ams-2200,AMS2200,Playing in the USA,"If there is something we learned since the Covid-19 pandemic in the U.S. is that peopleneedsports. For a large segment of the population that crosses all sorts of identities, sports are important, even vital. Why is that the case? And what does that tell us about the U.S. society? Perhaps, it is becauseplay, as Johan Huizinga suggests, has “a significant function” (= there is some sense to it) and gives meaning toaction. Consequently, play provides us with a tool to explore fundamental structures of both western civilization and American society and, in the guise of sports, to examine the American character, its myths, symbols, values, beliefs, achievements, and failures. To achieve this goal, we will look at literary and cultural representations of several sports and work our way through them theoretically, historically, and thematically. We will read novels and poems about baseball and love, and about football, violence, and war. We will watch movies and documentaries about boxing, race, whiteness, masculinity, and femininity. We will talk about football and concussions. We will use a variety of essays to talk about sport and politics.",4,None,AMS Minor (elective),Spring
https://elon.smartcatalogiq.com/en/2025-2026/academic-catalog/courses/ant-anthropology/200/ant-2150,ANT2150,Qualitative Research Methods,"This course examines the ways qualitative analyses (non-numerical data) help social scientists explore questions of meaning within specific social and cultural contexts, and historical moments. Specific topics include: participant observation, focus groups, open-ended interviewing, thematic coding, archival research and data analysis with a qualitative computer software program. The complementary relationship between qualitative and quantitative research methods will be considered, with a sustained focus on the particular strengths and weaknesses of qualitative research design.",4 sh,SOC 1110 or ANT 1120,Society; Anthropology Elective; Professional Writing Elective,ANT 215
https://elon.smartcatalogiq.com/en/2025-2026/academic-catalog/courses/ant-anthropology/200/ant-2160,ANT2160,Quantitative Research Methods,"This course examines the ways quantitative analyses (numerical data) help social scientists investigate issues, problems and relationships within social and cultural contexts. Specific topics include: discussion of the scientific method, survey methodology, sampling techniques, hypothesis testing, aggregate level analysis, and issues of reliability, validity and generalizability, as well as data analysis with SPSS. The complementary relationship between quantitative and qualitative research designs will be considered, with a focus on the strengths and weaknesses of quantitative research design.",4 sh,SOC 1110 or ANT 1120,Anthropology Elective; Professional Writing Elective,ANT 216
https://elon.smartcatalogiq.com/en/2025-2026/academic-catalog/courses/ant-anthropology/200/ant-2610,ANT2610,Anthropological Theory,"This course introduces students to some of the major social theories and debates that inspire and inform anthropological analysis. Students will investigate a range of theoretical propositions concerning such topics as agency, structure, subjectivity, history, social change, power, culture and the politics of representation.",4 sh,ANT 1120,Anthropology Elective; Advanced Studies,
https://elon.smartcatalogiq.com/en/2025-2026/academic-catalog/courses/ant-anthropology/300/ant-3120,ANT3120,North American Indian Cultures,"In this course, we will examine the cultures of selected American Indian tribes in the U.S. The class will take as a dual focus current issues in Indian country implicated by diverse worldviews, and expressive culture as a way to understand the performed beliefs and values of a community. Current issues will include multiple constructions of identity, fishing and hunting rights, sovereignty, casinos and cultural appropriation. Aspects of expressive culture will include material culture such as pottery and sand-painting, orally and visually performed genres such as storytelling and dance, and spiritual beliefs and practices, particularly as conveyed through ritual and festival. Focus will be on contemporary American Indian cultures in their relevant social, cross-cultural and historical contexts.",4 sh,ANT 1120 or SOC 1110,Society; Advanced Studies; American Studies Elective,ANT 312
https://elon.smartcatalogiq.com/en/2025-2026/academic-catalog/courses/ant-anthropology/300/ant-3245,ANT3245,Anthropology of Food and Foodways,"This course is a study of food and foodways from an anthropological perspective. Students explore the myriad of ways in which food-related behaviors influence human health with attention to the interplay between biology, culture, and power. Core principles for the course are food safety, security, sovereignty, sustainability, and sociality. Using those lenses, students consider foods as medicines or poisons, the relationship between differential access to resources and health, the importance of the power and representation in making changes to food systems to support community health, tensions between maintaining worker health and the food supply, and the ways in which relationships and identities are forged and maintained through ritual and shared cuisines.",4,none,"major, minor",Fall
https://elon.smartcatalogiq.com/en/2025-2026/academic-catalog/courses/ant-anthropology/400/ant-4610,ANT4970,Senior Seminar in Anthropology,"This capstone course reviews major areas of anthropology and provides further opportunity to share research on these topics. Students conduct research ranging from how anthropological knowledge can be applied occupationally and politically to more basic, academic topics. Students compile a senior intellectual portfolio that includes examples of their academic achievements across their years of anthropological study; therefore, students should be mindful of this requirement and retain electronic copies of work that they may want to include in this portfolio.",4 sh,"ANT 2150, ANT 2160, ANT 3610 and senior ANT major status.",Anthropology Elective; Advanced Studies,ANT 461
https://elon.smartcatalogiq.com/en/2025-2026/academic-catalog/courses/ant-anthropology/400/ant-4986,ANT4986,Internship in Anthropology,"Teaching, research, service and occupational internships are offered. Limited to four semester hours credit applicable to anthropology major or minor.",1-4 sh,Department permission and at least sophomore standing.,Anthropology Elective; Advanced Studies; Experiential Learning Requirement; Internship,ANT 482
https://elon.smartcatalogiq.com/en/2025-2026/academic-catalog/courses/ant-anthropology/400/ant-4990,ANT4990,Teaching and Learning Apprenticeship in Anthropology,"Teaching and Learning Apprentices work with a faculty mentor on a particular course. This experience is intended for exceptional students who wish to deepen their knowledge of the discipline, gain a better understanding of the professional academic life, engage in a meaningful mentoring relationship with a faculty mentor around issues related to teaching, enhance their interpersonal and communication skills, and develop their leadership skills. The experience may be of particular value to students who wish to pursue a career in higher education or teaching in general.",1-4 sh,"This apprenticeship requires satisfactory completion of the following: The TLA (teaching and learning apprentice) must have a) completed the course for which she/he will be a TLA with a grade of at least an A-, b) completed higher level relevant course work that prepares the student to be a TLA with a minimum grade of B+, or c) by permission of the department chair; The TLA must have a cumulative GPA of 3.0 or higher; The TLA must have junior or senior standing",Society; Advanced Studies,ANT 489
https://elon.smartcatalogiq.com/en/2025-2026/academic-catalog/courses/ant-anthropology/400/ant-4999,ANT4999,Independent Research in Anthropology,The student develops an individual project of original research under the guidance of a professor within the department.,1-8 sh,"ANT 2150, ANT 2160, at least sophomore standing, and Anthropology major or minor",Anthropology Elective; Advanced Studies; Experiential Learning Requirement,ANT 499
https://elon.smartcatalogiq.com/en/2025-2026/academic-catalog/courses/arb-arabic/200/arb-2010,ARB2010,Intermediate Arabic I,"This course is designed to reinforce the vocabulary and grammar covered in 1010 and 1020 through active use in simulated settings. The course builds on prior knowledge to teach advanced vocabulary and grammar necessary for various real life scenarios and communication contexts that are expected in an Arabic speaking environment.  The course focuses on proper pronunciation and word selection to help students retrieve and utilize newly acquired knowledge with ease and proficiency. This course is suitable for students who plan to study abroad or visit Arabic speaking countries as well as students working on service projects that serve Arabic speaking individuals. The course also contains a cultural component that explains certain linguistic preferences, recommended word choices, and other speech-related etiquette.",4 sh,ARB 1020 or placement at this level.,Civilization; Middle East Studies Elective,ARB 221
https://elon.smartcatalogiq.com/en/2025-2026/academic-catalog/courses/arb-arabic/100/arb-1020,ARB1020,Elementary Arabic II,"This course is the second of a two-semester elementary level in Modern Standard Arabic and Middle Eastern culture.  This course is designed for students who have mastered reading and writingArabic script and basic grammatical structures.  Through various topics, the course focuses on further developing students' proficiency in reading, writing, listening, and speaking skills in Modern Standard Arabic.  Students will be introduced to a wide range of vocabulary through 8 main topics and elements of Arabic grammar that are most suitable for these contexts. Prerequisite:ARB 1010or placement at this level.",4 sh,ARB 1010 or placement at this level,Civilization; Middle East Studies Elective,ARB 122
https://elon.smartcatalogiq.com/en/2025-2026/academic-catalog/courses/arh-art-history/300/arh-3010,ARH3010,Art History Methodologies,"This course introduces students to the various methodologies used to analyze a work of art as well as the role that the study of art history has played in defining contemporary visual culture. The course material will be presented through assigned readings and class discussion, highlighting the work of contemporary and historically significant art historians, philosophers, art critics and artists.",4 sh,One 2000 level ARH course.,Art History Elective; Advanced Studies; Civilization,ARH 301
https://elon.smartcatalogiq.com/en/2025-2026/academic-catalog/courses/arh-art-history/400/arh-4970,ARH4970,Senior Seminar in Art History,"A capstone experience for majors, this course offers students experience in researching, writing and presenting a senior thesis project.",4 sh,ARH 3010,Art History Elective; Advanced Studies; Civilization,ARH 495
https://elon.smartcatalogiq.com/en/2025-2026/academic-catalog/courses/arh-art-history/400/arh-4990,ARH4990,Teaching and Learning Apprenticeship in Art History,"Junior and senior art history majors, especially those considering careers in art history or teaching in general, may wish to deepen their experience by working closely with a faculty mentor on a course. The course in question must have been taken by the student prior to enrollment and a detailed plan for the apprenticeship must be worked out with the course instructor in advance.",1-4 sh,"This apprenticeship requires satisfactory completion of the following: The TLA (teaching and learning apprentice) must have a) completed the course for which she/he will be a TLA with a grade of at least an A-, b) completed higher level relevant course work that prepares the student to be a TLA with a minimum grade of B+, or c) by permission of the department chair; The TLA must have a cumulative GPA of 3.0 or higher; The TLA must have junior or senior standing",Advanced Studies; Civilization; Art History Elective,ARH 489
https://elon.smartcatalogiq.com/en/2025-2026/academic-catalog/courses/arh-art-history/400/arh-4999,ARH4999,Independent Research in Art History,"In conjunction with a faculty mentor, the student will formulate and execute an original research project.",1-4 sh,Juniors or Senior standing with permission of instructor,Advanced Studies; Art History Elective; Civilization; Experiential Learning Requirement,ARH 499
https://elon.smartcatalogiq.com/en/2025-2026/academic-catalog/courses/art-art/300/art-3000,ART3000,Ceramics II,"Students continue fromART 2000with emphasis on wheel-thrown forms, glaze mixing, kiln firing and studio management.",4 sh,ART 2000,Expression; Advanced Studies,
https://elon.smartcatalogiq.com/en/2025-2026/academic-catalog/courses/art-art/300/art-3010,ART3010,Drawing II,"This course expands upon the foundational concepts of Art 2010, delving deeper into various media, techniques, content, and image critique. Students will work with the figure, while exploring a variety of drawing strategies such as serial imagery, single form studies, landscape and large-scale drawing, gesture, narrative, and experimental approaches. Emphasis will be placed on developing each student's personal artistic vision through the refinement of techniques, critical inquiry, and an understanding of the visual language and expressive representation inherent in drawing.",4 sh,ART 2010,Expression; Advanced Studies,Fall
https://elon.smartcatalogiq.com/en/2025-2026/academic-catalog/courses/art-art/300/art-3020,ART3020,Painting II,"A continuation ofART 2020, this class emphasizes individual development, advanced critical analysis of visual images and productive exploration of the medium.",4 sh,ART 2020,Expression; Advanced Studies,Spring
https://elon.smartcatalogiq.com/en/2025-2026/academic-catalog/courses/art-art/300/art-3390,ART3390,Eco Art,"Eco-art addresses the environmental crisis in a number of creative ways, often involving activism, collaboration and eco-friendly"" practices and methodologies. To reflect the movement itself, the course is designed to be cross-disciplinary, combining art with environmental ethics and ecology. Creative projects will focus on weaving social responsibility into the making of art and they will embrace the nature of art/science collaborations.",4 sh,"Any ART, ENS or ENE course, or permission of instructor",Expression; Advanced Studies; Environmental Studies Elective; Peace and Conflict Studies Elective,Spring
https://elon.smartcatalogiq.com/en/2025-2026/academic-catalog/courses/art-art/300/art-3600,ART3600,The Altered Image in Digital Art,"Students further investigate the creative potential of the computer through projects that integrate advanced software tools with strategies for creating complex imagery.  Emphasis is on the creation, manipulation and display of still images for print and screen-based environments. Students continue their critical inquiry into the medium through required readings and research.",4 sh,ART 2600,Expression; Professional Writing Elective; Advanced Studies; Multimedia Authoring Elective,Fall
https://elon.smartcatalogiq.com/en/2025-2026/academic-catalog/courses/art-art/300/art-3610,ART3610,Interactive Art,"This is a hands-on course where students learn how to create interactive art works and environments by considering the expressive potential of motion, change, touch, and time. We will focus on art related principles while creating cybernetic and physical systems for real-time interaction. Course time will be spent learning software and physical computing techniques with the goal of creating interactive art projects. Through readings and discussions, we will cover topics ranging from interactive art/music, design, space, bio-art, net.art, land art, and installation. Offered Fall or Spring.",4 sh,ART 2600,Expression; Advanced Studies,Spring
https://elon.smartcatalogiq.com/en/2025-2026/academic-catalog/courses/art-art/300/art-3640,ART3640,Photography: Pinhole to Pixel,"This course explores the technical and conceptual principles of photography from past to present by examining the early historical analog to the current digital photographic practices. Through lectures, readings, and hands-on assignments, the course will focus on the rise of specific photographic processes and movements, and follow related aesthetical and theoretical issues. Projects will emphasize the formation of individual solutions to a given photographic problem and the presentation of student work for discussion and criticism. Students will complete a series of carefully structured assignments, leading to a written proposal for a self-directed final project.",4 sh,ART 2600 or ART 2610,Expression; Advanced Studies,Fall
https://elon.smartcatalogiq.com/en/2025-2026/academic-catalog/courses/art-art/300/art-3650,ART3650,Photography: Invention and Construction,"This course will focus on the creation of visual language in photography and explore its role in clarifying the meaning and the intent of the Image-maker. Emphasis will be placed on strengthening students' technical and conceptual understandings of contemporary photography as a means of artistic self-expression. Examination of important practitioners of the medium and discourse pertaining to critical topics in current photography will provide students with the insight needed to undertake projects that expand the possibilities of the medium. Students will complete a series of thematic assignments, leading to a written proposal for a self-directed final project.",4 sh,ART 2600 or ART 2610,Expression; Advanced Studies,Spring
https://elon.smartcatalogiq.com/en/2025-2026/academic-catalog/courses/art-art/300/art-3620,ART3620,Video Art and Expanded Cinema,"Emphasis is on the creation, manipulation, and display of moving image works. Projects, which will embody intersections between video art, sound art, experimental cinema and animation, are non-commercial in nature and situated within a contemporary art context. Students engage in critical inquiry through required readings and research as a supplement to creative projects.",4 sh,ART 2600,Expression; Advanced Studies; Multimedia Authoring Elective,
https://elon.smartcatalogiq.com/en/2025-2026/academic-catalog/courses/art-art/400/art-4000,ART4000,Advanced Projects in Ceramics,"A continuation ofART 3000, emphasis in this course is on increased individual exploration of a single form-making process, glaze calculation and kiln firing.",4 sh,ART 3000,Expression; Advanced Studies,
https://elon.smartcatalogiq.com/en/2025-2026/academic-catalog/courses/art-art/400/art-4600,ART4600,Advanced Projects in Intermedia,"This course provides an opportunity for students to develop self-directed projects based on individual creative and research interests.  In the course, students will propose project themes that should reflect a line of inquiry or cohesive concept that they wish to spend considerable time researching.  Technique and process are open and should reflect both the student’s strengths and individual investment in tackling new software, media and ideas.  Approaches to projects include, but are not limited to: print-based works, hybrid digital and analog works, video art, installation/site-specific works, interactivity and physical computing, experimental animation, and sound-based art.",4 sh,"One of the following courses is required; ART 3600, ART 3610, ART, 3620.",Expression; Advanced Studies,Spring
https://elon.smartcatalogiq.com/en/2025-2026/academic-catalog/courses/art-art/400/art-4020,ART4020,Advanced Projects in Drawing and Painting,This continuation ofART 3020emphasizes increased individual exploration of the medium and the development of a focused body of work.,4 sh,ART 3020,Expression; Advanced Studies,FallSpring
https://elon.smartcatalogiq.com/en/2025-2026/academic-catalog/courses/art-art/400/art-4970,ART4970,Senior Seminar I â BA,"This course begins the capstone experience for the BA major and emphasizes the development of the thesis project proposal. Through readings, writing, discussion, and critique students will also be guided in developing a personal creative practice that reflects their artistic identity and professional goals. Professional practices in the discipline are highlighted throughout the course.",2 sh,Any 3000-level ART studio course.,Expression; Advanced Studies,Fall
https://elon.smartcatalogiq.com/en/2025-2026/academic-catalog/courses/art-art/400/art-4640,ART4640,Advanced Project-Photography: Pinhole to Pixel,"This course emphasizes self-directed exploration of analog and/or digital photography, resulting in the creation of an extensive project or body of work. Students will craft proposals and artist statements, conduct research, and prepare this work for distribution or display.",4 sh,ART 3640,Expression; Advanced Studies,ART 464
https://elon.smartcatalogiq.com/en/2025-2026/academic-catalog/courses/art-art/400/art-4971,ART4971,Senior Seminar II â BA,This course completes the capstone experience for the BA art major. Emphasis is placed on guiding students through the thesis development process and culminates in the completion and public exhibition/presentation of the thesis project. Professional practices in the discipline continue to be highlighted throughout the course.,2 sh,ART 4970,Expression; Advanced Studies,Spring
https://elon.smartcatalogiq.com/en/2025-2026/academic-catalog/courses/art-art/400/art-4650,ART4650,Advanced Project-Photography: Invention and Construction,"This course emphasizes self-directed exploration of contemporary photographic practice, resulting in the creation of an extensive project or body of work. Students will craft proposals and artist statements, conduct research, and prepare this work for distribution or display.",4 sh,ART 3650,Expression; Advanced Studies,ART 465
https://elon.smartcatalogiq.com/en/2025-2026/academic-catalog/courses/art-art/400/art-4974,ART4974,Senior Seminar I - BFA,"This course begins the capstone experience for majors in the BFA degree, focusing on the thesis project proposal. BFA students will develop a thesis body of work over the course of two semesters, demonstrating proficiency in their media of focus. Through readings, writing, discussion, and critique students will be guided in situating their work within a contemporary art context. Professional practices in the discipline are also highlighted throughout the course.",2 sh,Any two 3000-level ART studio courses; ARH 3200.,Expression; Advanced Studies,Fall
https://elon.smartcatalogiq.com/en/2025-2026/academic-catalog/courses/art-art/400/art-4975,ART4975,Senior Seminar II - BFA,"This course completes the capstone experience for majors in the BFA degree, focusing on further developing the student's thesis body of work and culminating in a gallery exhibition at the end of the semester. Professional practices in the discipline continue to be highlighted throughout the course, with an additional emphasis on preparation for graduate study or entry into the profession.",2 sh,ART 4974,Expression; Advanced Studies,Spring
https://elon.smartcatalogiq.com/en/2025-2026/academic-catalog/courses/bio-biology/200/bio-2123,BIO2123,General Microbiology for Health Professionals Lab,Students have three hours of laboratory experience with topics complementing concurrent study in BIO2122.,1 sh,"BIO 1112, BIO 1113, junior standing or permission of instructor",Laboratory Science,FallSpring
https://elon.smartcatalogiq.com/en/2025-2026/academic-catalog/courses/bio-biology/200/bio-2122,BIO2122,General Microbiology for Health Professionals,"In a general survey of microorganisms, study emphasizes bacteria, their cytophysiological characteristics and classification, viruses, microbial diseases and immunity, and the role of microorganisms in human affairs. Designed for non-majors who will be pursuing health-related career paths.",3 sh,BIO 1112; BIO 1113; junior standing or permission of instructor,Science; Laboratory; Biology Elective,FallSpring
https://elon.smartcatalogiq.com/en/2025-2026/academic-catalog/courses/bio-biology/200/bio-2150,BIO2150,Diversity of Life,"This course examines the basic concepts of biological form and function based on evolutionary relationships and diversity. Students investigate the natural history of local species and their role in community dynamics. Laboratory experiences emphasize field investigations, including sampling techniques, species identification and data analysis.",4 sh,ENS 1110/ENS 1130 or BIO 2512/BIO 2513,Science; Laboratory; Biology Elective,BIO 215
https://elon.smartcatalogiq.com/en/2025-2026/academic-catalog/courses/bio-biology/200/bio-2212,BIO2212,Principles of Genetics,"Students learn basic concepts and laboratory techniques used in classic and modern genetics. Topics covered include transmission, molecular and population genetic principles and their implications in the modern world.",3 sh,"BIO 1112, 1113 and sophomore standing.",Science; Laboratory; Neuroscience Elective; Public Health Elective; Biology Elective,BIO 245
https://elon.smartcatalogiq.com/en/2025-2026/academic-catalog/courses/bio-biology/200/bio-2513,BIO2513,Population Biology Laboratory,Students have three hours of laboratory experience per week with topics complementing concurrent study inBIO 2512. This course is required for biology majors.,1 sh,"BIO Majors - BIO 1112, 1113, 1514; all other majors, sophomore standing with faculty approval.",Science; Laboratory; Public Health Elective; Biology Elective,BIO 214
https://elon.smartcatalogiq.com/en/2025-2026/academic-catalog/courses/bio-biology/200/bio-2512,BIO2512,Introductory Population Biology,"Topics of study in this introduction to organization and function of biological systems at the population level including population genetics, patterns and mechanics of evolutionary change and basic concepts of ecology.",3 sh,"BIO Majors - BIO 1112, BIO 1113, BIO 1514; all other majors, sophomore standing with faculty approval",Science; Public Health Elective; Biology Elective,BIO 212
https://elon.smartcatalogiq.com/en/2025-2026/academic-catalog/courses/bio-biology/200/bio-2420,BIO2420,Neurophysiology,"This course is designed to provide a detailed working knowledge of how neurons function at the cellular level.  We will consider neurons as electrochemically based information-processing cells, in isolation and as part of simple neural circuits.  The general principles of cellular neurophysiology common to all neurons will be addressed, emphasizing non-human animals.  Examples from pathophysiology, neuropharmacology, and toxicology will be considered.  We will also review the sensory systems of human and non-human organisms.  This course will not cover human cognition, emotional regulation, or large-scale organization.  Basic knowledge of cell biology (at the level ofBIO 1112orBIO 2412) is required, including the following topics: subcellular organelles, membrane structure and the fluid mosaic model, the central dogma, and protein structure.",4 sh,"BIO 1112 and BIO 1113, or BIO 2412 and BIO 2413",Science,Fall
https://elon.smartcatalogiq.com/en/2025-2026/academic-catalog/courses/bio-biology/200/bio-2620,BIO2520,Experimental Design,"This seminar course will examine experimental designs commonly used by biological and environmental scientists. Through discussion of scientific papers drawn from the published literature, the participants in this seminar class will learn how to design laboratory and field experiments that discern statistically significant effects in a time- and energy-efficient manner. Emphasis will be placed on developing a strong conceptual understanding of the advantages and limitations of various experimental designs and statistical analysis tools. Some of the topics to be covered include pseudoreplication, random sampling, quasi-experiments, factorial experiments, split-plot designs, block designs and the role of ethics in research.",2 sh,BIO 1514 and STS 1100 OR STS 2120,Science; Biology Elective,BIO 262
https://elon.smartcatalogiq.com/en/2025-2026/academic-catalog/courses/bio-biology/200/bio-2710,BIO2710,Special Topics Seminar,Study focuses on one biological topic per seminar in this nonlaboratory discussion course for biology majors. Topics are determined by student and faculty interest.,2-4 sh,Instructor's consent.,Science; Biology Elective,BIO 271
https://elon.smartcatalogiq.com/en/2025-2026/academic-catalog/courses/bio-biology/300/bio-3104,BIO3104,Biotechnology,"Students explore how biological systems are utilized in scientific research. In collaboration with their peers, students will apply the techniques of molecular biology (restriction digestion, transformation, DNA hybridization, PCR, etc.) to investigate a research question. Emphasis will be placed on protocol design, solution preparation and critical analysis of research data. Additionally, the social context of biotechnology will be investigated as students explore the risks and rewards in this expanding field. Two laboratory periods, two class hours per week.",4 sh,BIO 2212,Science; Advanced Studies; Biology Elective,BIO 348
https://elon.smartcatalogiq.com/en/2025-2026/academic-catalog/courses/bio-biology/300/bio-3112,BIO3112,Human Histology,"Students survey human body tissues (especially of the cardiovascular, alimentary, respiratory, urinary and reproductive systems), stressing tissue identification and the relationship of microanatomy to physiology of the human body. Three class hours, one laboratory per week.",4 sh,BIO 1112 and BIO 1113,Science; Laboratory; Advanced Studies; Biology Elective,BIO 325
https://elon.smartcatalogiq.com/en/2025-2026/academic-catalog/courses/bio-biology/300/bio-3122,BIO3122,Microbiology,"This course provides the student with a broad base in the biology of microorganisms. Topics include cell structure, molecular biology, genetics, physiology, evolution, classification, growth and control, interactions with humans and applied aspects. Three class hours, one laboratory per week.",4 sh,"BIO 1514, BIO 2212, CHM 1110, CHM 1120 and junior standing or consent of instructor",Science; Laboratory; Advanced Studies; Biology Elective,BIO 321
https://elon.smartcatalogiq.com/en/2025-2026/academic-catalog/courses/bio-biology/300/bio-3220,BIO3220,Introduction to Cancer Biology,"For the past 50 years, the understanding of how cancer disease occurs and how it can be managed has become possible through basic research and the use of molecular biology on cellular processes. Through the knowledge gained from research and newly developed therapies, the prevention of cancer has advanced. In this course, the hallmarks in cancer, cellular processes disrupted in cancer cells, types of cancer, and treatments will be introduced and discussed. There will be an emphasis on understanding the molecular, cellular, and biochemical techniques encountered in primary papers. Students are expected to identify and read current primary literature, and participate in discussions.",4 sh,BIO 2212,Science; Advanced Studies; Biology Elective; Biochemistry Elective,
https://elon.smartcatalogiq.com/en/2025-2026/academic-catalog/courses/bio-biology/300/bio-3210,BIO3210,Survey of Biochemistry,"This is a one-semester course, that focuses on  the major themes of biochemistry within a biological context. There will be special emphasis on protein structure/function, enzyme kinetics and on carbohydrate and lipid metabolism. To facilitate an in-depth understanding of these fundamental principles, we will explore specific cases where abnormal biochemical processes result in disease. In addition to case studies the course will use a variety of teaching styles from traditional lecture to team-based problem solving. This course was designed with those interested in the allied health professions (such as PA or Nursing) in mind. Students considering medical/dental/veterinary tracks are encouraged to take the lab-based CHM/CHML 3510 Biochemistry 1.",4 sh,"BIO 1112/BIO 1113, CHM 1120, and either CHM 2110 OR BIO 2212, with at least 3rd year standing",Science; Biology Elective,BIO 329
https://elon.smartcatalogiq.com/en/2025-2026/academic-catalog/courses/bio-biology/300/bio-3200,BIO3200,Biochemical Basis of Disease,"The focus of this course is to integrate biochemical concepts with normal human function and investigate diseases that can result from abnormal biochemistry. Each major class of macromolecules (carbohydrates, proteins, lipids and nucleic acids) and major metabolic pathways will be introduced by a disease resulting from their dysfunction. By understanding the molecular basis of the disease, the student will gain a fundamental understanding of the underlying biochemistry. This course will utilize a variety of learning techniques.",4 sh,BIO 2212,Science; Advanced Studies; Biology Elective,BIO 328
https://elon.smartcatalogiq.com/en/2025-2026/academic-catalog/courses/bio-biology/300/bio-3230,BIO3230,Immunology,"Students in this seminar course will learn: 1) the fundamentals of immunology, 2) understand the roles of the various immune cells, 3) apply their understanding to various diseases associated with inappropriate immune responses, and 4) learn how the experiments contributed to the understanding of the immune system. This course will be taught by the Problem Based Learning method, which promotes student engagement and learning. Additionally, students are expected to read current research papers, participate in discussions, write a review paper and give a presentation. Four class hours per week.",4 sh,BIO 2212 or permission of the instructor,Science; Advanced Studies; Biology Elective,BIO 327
https://elon.smartcatalogiq.com/en/2025-2026/academic-catalog/courses/bio-biology/300/bio-3502,BIO3502,Comparative Vertebrate Structure and Function,"This course is an evolutionary approach to the form and function of vertebrates. Students will investigate a diversity of traits and follow the evolutionary changes of these traits from the earliest vertebrates to mammals. The primary focus is on the move from aquatic to terrestrial habitats, the evolution of flight and the evolution of endothermy. Students will compare changes in form and function of the major organ systems through laboratory dissection of the jawless fish, shark, amphibian and mammal.",4 sh,"BIO 2512, BIO 2513 and BIO 1514",Science; Advanced Studies; Neuroscience Elective; Biology Elective,BIO 318
https://elon.smartcatalogiq.com/en/2025-2026/academic-catalog/courses/bio-biology/300/bio-3510,BIO3510,Comparative and Functional Neurobiology,"This course sets forth a conceptual framework for understanding comparative and functional vertebrate neurobiology. The course will help students build a strong foundation in evolutionary biological anatomy and development of the vertebrate brain and nervous system. Course content will emphasize comparative structural integrity, functional and basic clinical concepts (normal versus abnormal) related to neuroanatomical control of vertebrates. Finally, this course intends to satisfy those interested in the anatomy of the nervous system and how it corresponds to the way animals function in the world. Four class hours per week.",4 sh,BIO 1514 and BIO 2212; or BIO 2312 and BIO 2412; or PSY 2400 or PSY 3470 or permission of the instructor,Science; Advanced Studies; Biology Elective,BIO 319
https://elon.smartcatalogiq.com/en/2025-2026/academic-catalog/courses/bio-biology/300/bio-3522,BIO3522,Developmental Biology,"This course examines the changes that occur at the cellular and subcellular level as a single-cell zygote develops into a multi-cellular organism. Topics include fertilization, blastula formation, gastrulation and organogenesis. Three class hours, one laboratory per week.",4 sh,"BIO 1514, CHM 1110, and CHM 1120",Science; Advanced Studies; Biology Elective,BIO 316
https://elon.smartcatalogiq.com/en/2025-2026/academic-catalog/courses/bio-biology/300/bio-3532,BIO3532,The Biology of Animal Behavior,"This course examines why animals behave the way they do. Specific topics include the causation, development, function and evolution of behavior in wild and captive animals. Three class hours and one laboratory per week.",4 sh,"BIO 2512, BIO 2513 and BIO 1514 or permission of instructor",Science; Laboratory; Advanced Studies; Neuroscience Elective; Biology Elective,BIO 331
https://elon.smartcatalogiq.com/en/2025-2026/academic-catalog/courses/bio-biology/300/bio-3542,BIO3542,Dendrology,"Dendrology will provide an introduction to the trees and other woody plants that are native to or commonly found in the southeastern United States. Lecture will involve an overview of plant taxonomy, nomenclature and diagnostic characteristics of trees seen in lab. In addition, lecture will cover the ecology and economic and cultural significance of trees. The purpose of lab is to identify trees in the field and, except in extraordinary circumstances, lab will be outside at locations both on and off-campus. Three class hours, one laboratory per week.",4 sh,BIO 1514 or ENS 2150,Science; Advanced Studies; Biology Elective,BIO 347
https://elon.smartcatalogiq.com/en/2025-2026/academic-catalog/courses/bio-biology/300/bio-3571,BIO3571,Microbial Ecology,"This course focuses on the ecology and evolution of microbes with an emphasis on bacteria, fungi and viruses. As new molecular technology drives our understanding of these microscopic organisms, the diversity and prominence of these microbes, how they interact with their surroundings and the important roles that they play are becoming clearer. The lecture portion of the course includes student discussion of primary literature. The lab portion of the course is centered on molecular and culture-based analysis of environmental samples. Three class hours and one laboratory per week.",4 sh,BIO 1514 and BIO 2212,Science; Advanced Studies; Biology Elective,BIO 333
https://elon.smartcatalogiq.com/en/2025-2026/academic-catalog/courses/bio-biology/300/bio-3572,BIO3572,Herpetology,"This course explores the ecology, conservation and evolution of reptiles and amphibians. Amphibians (frogs and salamanders) represent the direct descendents of the first vertebrates to successfully make the leap to terrestrial life. Reptiles (turtles, lizards and snakes) have successfully occupied nearly every niche on earth at one time or another. Together these groups make up a major proportion of the vertebrates currently living today. In this course we will investigate the unique feeding, reproduction, environmental and life history adaptations found in these ecologically important organisms. Three class hours, one laboratory per week. The laboratory will include both field and lab experiences.",4 sh,BIO 1514,Science; Advanced Studies; Biology Elective,BIO 334
https://elon.smartcatalogiq.com/en/2025-2026/academic-catalog/courses/bio-biology/300/bio-3612,BIO3612,Aquatic Biology: the Study of Inland Waters,"This course considers the chemical, physical and biological properties of freshwater ecosystems, including streams, rivers, ponds and lakes. Topics include the geomorphology of inland waters, thermal stratification, nutrient cycles, community metabolism, plankton community dynamics, seasonal succession and eutrophication resulting from human activities. Weekly laboratory meetings provide hands-on experience with the field techniques of freshwater scientists.",4 sh,BIO 1514 or ENS 2150,Science; Laboratory; Advanced Studies; Biology Elective,BIO 342
https://elon.smartcatalogiq.com/en/2025-2026/academic-catalog/courses/bio-biology/300/bio-3602,BIO3602,Wetlands Ecology and Management,"This course will present the biological, chemical and physical properties of wetland ecosystems in North America. Topics will include hydrology, biogeochemistry, biological adaptations, ecology and functional aspects of wetlands. Principles behind wetland classification, delineation and management will also be introduced. This class will maintain a strong field component involving field techniques, monitoring and evaluation of wetlands. At least two weekend field trips, involving rigorous scientific inquiry will be required.",4 sh,BIO 1514 or ENS 2150 or permission of instructor,Science; Laboratory; Advanced Studies; Biology Elective,BIO 364
https://elon.smartcatalogiq.com/en/2025-2026/academic-catalog/courses/bio-biology/300/bio-3622,BIO3622,General Ecology,"Students explore ecological principles at population, community and ecosystem levels in this study of the interrelationships of organisms with their biotic and abiotic environments. Three lecture hours, one laboratory per week.",4 sh,"Prerequisites for environmental studies major: BIO 2512, BIO 2513, and BIO 2150",Science; Laboratory; Advanced Studies; Biology Elective,BIO 350
https://elon.smartcatalogiq.com/en/2025-2026/academic-catalog/courses/bio-biology/300/bio-3632,BIO3632,Evolution,"In this course, students investigate the causes, rates and implications of evolutionary change in biological systems. Evolution by natural selection is the unifying theory of biology linking phenomena that occur at many different levels of biological organization. Thus, natural selection is studied in depth. Other topics include speciation, rates of molecular change, causes of mass extinctions and sexual selection. Three lecture hours, one laboratory per week.",4 sh,"BIO 2512, BIO 2513 and BIO 2212",Science; Advanced Studies; Biology Elective,BIO 344
https://elon.smartcatalogiq.com/en/2025-2026/academic-catalog/courses/bio-biology/300/bio-3642,BIO3642,Field Biology,"In this field-oriented course, restricted to selected natural taxa, environments or biological phenomena, in-depth field study may include identification, classification, life histories and relationships among organisms.",4 sh,Permission of instructor,Science; Laboratory; Experiential Learning Requirement; Advanced Studies; Biology Elective,BIO 335
https://elon.smartcatalogiq.com/en/2025-2026/academic-catalog/courses/bio-biology/300/bio-3650,BIO3650,Toxicology,"This course will survey the principles of toxicology pertaining to human health and risk assessment. Using case studies, current scientific literature, data analysis and discussion, we will examine the three main categories of descriptive, mechanistic and regulatory toxicology. Fundamental concepts - such as dose, route, site, duration and frequency of exposure; absorption; distribution; excretion; chemical interactions; metabolism; and dose response - will be introduced. Building on that foundation, students will investigate methods used to assess carcinogenesis, mutagenesis and teratogenesis. Four class hours per week.",4 sh,BIO 1514 or BIO 2212,Science; Advanced Studies; Biology Elective,BIO 324
https://elon.smartcatalogiq.com/en/2025-2026/academic-catalog/courses/bio-biology/400/bio-4552,BIO4552,Plant Physiology,"Topics in this study of the life processes of plants include photosynthesis, mineral nutrients, movement of materials, plant growth substances and senescence. Three class hours, one laboratory per week.",4 sh,BIO 1514 and junior standing.,Science; Laboratory; Advanced Studies; Biology Elective,BIO 442
https://elon.smartcatalogiq.com/en/2025-2026/academic-catalog/courses/bio-biology/400/bio-4212,BIO4212,Topics in Advanced Genetics,"This course will engage students in the study of advanced research and techniques in genetics. The theme of the course will change with instructors but will include the applications of advanced concepts in transmission, molecular and population genetics to problem solving in the modern world. Three class hours, one laboratory per week.",4 sh,BIO 2212 and junior standing.,Science; Laboratory; Advanced Studies; Biology Elective,BIO 445
https://elon.smartcatalogiq.com/en/2025-2026/academic-catalog/courses/bio-biology/400/bio-4110,BIO4110,Molecular and Cellular Biology,"This course is a study of the structure and function of prokaryotic and eukaryotic cells at the molecular level. It examines in depth specific biochemical pathways and processes essential to life. Topics include considerable coverage of the principles, techniques and applications of molecular biology. Four class hours.",4 sh,BIO 2212 and junior standing.,Science; Advanced Studies; Neuroscience Elective; Biology Elective,BIO 422
https://elon.smartcatalogiq.com/en/2025-2026/academic-catalog/courses/bio-biology/400/bio-4985,BIO4985,Internship in Biology,The internship course will fulfill the Biology experiential learning requirement for the Biology BA and BS degrees. Advanced-level work experience in a biological field is offered on an individual basis when suitable opportunities can be arranged. Students will apply their scientific presentation and written skills are part of their internship assignments.,1-4 sh,BIO 2970 or instructor approval,Science; Advanced Studies; Biology Elective; Experiential Learning Requirement,
https://elon.smartcatalogiq.com/en/2025-2026/academic-catalog/courses/bio-biology/400/bio-4999,BIO4999,Research,Students conduct laboratory and/or field research under the direction of the biology faculty. Maximum eight semester hours total credit.,1-4 sh,Permission of the department.,Science; Experiential Learning Requirement; Advanced Studies; Biology Elective,BIO 499
https://elon.smartcatalogiq.com/en/2025-2026/academic-catalog/courses/bus-business-administration/200/bus-2020,BUS2020,Business Communications,"Methods for organizing ideas, formatting information, understanding audience needs and developing a professional communication style are emphasized in this course focusing on oral and written communication. Students practice writing business reports, letters, email messages and memoranda; students sharpen their skills in effective oral presentation through individual and team presentations. Cases and exercises emphasize informative and persuasive communication.",4 sh,ENG 1100 and sophomore standing or higher.,Professional Writing Elective,BUS 202
https://elon.smartcatalogiq.com/en/2025-2026/academic-catalog/courses/bus-business-administration/200/bus-2600,BUS2600,Innovation in Israel,"This course will challenge students to critically evaluate their own cultural and business experiences and identify inherent biases, as well as to analyze the interconnectedness of international startup ecosystems at a business and cultural level.  Students will examine intercultural and international business practices, and how history, geopolitics, and economic development have influenced Israel’s development as a leader in innovation and entrepreneurship. The course will explore the country’s diverse geography, history, society, and business and identity cultures, as well as research specific historical, religious, business and cultural places, and sites to be visited. Students will experience the interplay of innovation within Israel, deemed the “start-up nation” due to its innovative and business friendly culture. Travel to Israel is an essential embedded component of the course, and guest speakers and company visits will be integrated throughout our itinerary.  Students will interact with business and local leaders, and will participate in cultural field trips and focused interactive intercultural activities and programs.",4 sh,Approval from Professors,Travel-Embedded elective,Winter
https://elon.smartcatalogiq.com/en/2025-2026/academic-catalog/courses/bus-business-administration/200/bus-2810,BUS2810,Business in the Pacific Rim,"The world has seen some dramatic economic and financial changes in the past decade.  One of the biggest stories has been the remarkable growth of the “emerging” economies, in particular the BRIC (Brazil,Russia,India,China) nations.  This short term study abroad course, comprising a 1 credit-hour STA course in the fall semester and a 4 credit-hour winter term course, considers the impact of growth in these economies on global growth and balance. The central focus of the two linked courses is to ensure students study (in the fall) and observe first-hand (in the winter) how business is conducted and to understand the influences of economic development and of evolving global business trends on various diverse Asian economies. Through their fall research and their winter travels, we also expect students to gain a better sense of differing business and economic systems, and of the challenges facing developing countries in balancing rapid urbanization and industrialization with their traditional rural economic base.",4,GBL 1810,Short-Term Study Abroad Course (Winter-Term),Winter
https://elon.smartcatalogiq.com/en/2025-2026/academic-catalog/courses/bus-business-administration/300/bus-3660,BUS3660,Field Experience in Business,This course revolves around visits to diverse local businesses and analyses of the businesses visited.,4 sh,Permission of instructor. Sophomore standing required.,Business Elective; Experiential Learning Requirement,BUS 366
https://elon.smartcatalogiq.com/en/2025-2026/academic-catalog/courses/bus-business-administration/300/bus-3260,BUS3260,Operations and Supply Chain Managment,"This course explores the importance of operational methodologies such as demand forecasting, inventory management, project management, quality assurance, and just-in-time and lean activities within the context of supply chain management and their impact on the profitability of the company. Operations and supply chain management together form one of the three core business functions.",4 sh,"ACC 2010, ECO 2300, and junior status.",Business Elective,BUS 326
https://elon.smartcatalogiq.com/en/2025-2026/academic-catalog/courses/bus-business-administration/300/bus-3985,BUS3985,Internship in Business,"This course is designed to provide declared business majors with guided reflective writing assignments, while gaining hands-on, work experience. Students will work in approved internships to confirm or clarify career goals, test what they have learned in their classes, gain a clearer sense of what they still need to learn and build their professional network. Students systematically evaluate themselves and the organization in which they work over the course of the term to focus on the potential fit between a student's individual strengths/interests and the organization's environment and culture.",1-2 sh,Required second year standing with a minimum of 45 credit hours earned or permission of instructor.,Experiential Learning Requirement; Internship,FallSpringSummer
https://elon.smartcatalogiq.com/en/2025-2026/academic-catalog/courses/cde-communication-design/3000/cde-3500,CDE3500,Web & Mobile Design,"Students develop the ability to create websites, deepen the use of coding to enhance the user experience, and apply concepts of web and mobile design. In the course, students learn best practices of user interface design for usability and accessibility, consider structures for web-based storytelling, and produce web and mobile prototypes for content delivery.",4 sh,CDE 2580: Principles of Communication Design (new name),This course can be used for the Multimedia Authoring minor,FallSpring
https://elon.smartcatalogiq.com/en/2025-2026/academic-catalog/courses/chm-chemistry/100/chm-1110,CHM1110,General Chemistry I with Lab,"This course introduces fundamental principles of chemistry with special emphasis on developing skills in quantitative reasoning. Topics include stoichiometry, nomenclature, gases, atomic structure and periodicity, theories of chemical binding and thermochemistry.",4 sh,High school chemistry,Science; Laboratory,FallSpring
https://elon.smartcatalogiq.com/en/2025-2026/academic-catalog/courses/chm-chemistry/100/chm-1120,CHM1120,General Chemistry II with Lab,"The study of fundamental chemical principles continues with chemical kinetics, liquid/solid states, chemical equilibrium (gas phase and acid/base), thermodynamics and electrochemistry.",4 sh,CHM 1110,Science; Laboratory,Spring
https://elon.smartcatalogiq.com/en/2025-2026/academic-catalog/courses/chm-chemistry/200/chm-2110,CHM2110,Organic Chemistry I with Lab,"This course introduces students to the chemistry of carbon compounds, including nomenclature, the influence of structure on physical/chemical properties, reaction mechanisms, stereochemistry, conformational analysis, synthesis and characteristic reactions of different organic compounds.",4 sh,CHM 1120,Science; Laboratory; Biology Elective; Neuroscience Elective,Fall
https://elon.smartcatalogiq.com/en/2025-2026/academic-catalog/courses/chm-chemistry/200/chm-2120,CHM2120,Organic Chemistry II with Lab,"Continuing the study of organic chemistry, this course emphasizes more complex reactions and synthesis. It also covers conjugation, aromaticity and structural determination methods, including UV-VIS, IR and NMR spectroscopies, as well as mass spectrometry.",4 sh,CHM 2110,Science; Laboratory,Spring
https://elon.smartcatalogiq.com/en/2025-2026/academic-catalog/courses/chm-chemistry/300/chm-3210,CHM3210,Instrumental Analysis,"This course offers theory and practice of instrumental methods, with emphasis placed on spectroscopic (UV/VIS, IR, NMR, AA) and mass spectrometric methods of analysis.",4 sh,"CHM 2110, CHM 3110",Science; Advanced Studies,Spring
https://elon.smartcatalogiq.com/en/2025-2026/academic-catalog/courses/chm-chemistry/300/chm-3110,CHM3110,Quantitative Analysis,"This course introduces chemical methods of quantitative analysis, including classical, volumetric and selected instrumental methods, a discussion of error and uncertainty in measurements, and elementary statistics. Discussion also covers the underlying physical and chemical theories and laws with emphasis on chemical equilibrium.",4 sh,C- or better in CHM 1120,Science; Advanced Studies,Fall
https://elon.smartcatalogiq.com/en/2025-2026/academic-catalog/courses/chm-chemistry/300/chm-3050,CHM3050,Environmental Chemistry,"This course provides a survey of chemical topics applying to selected pollutants in the air, water and soil. Topics include production and diffusion, photochemical processes, techniques for analysis, acid-base and redox chemistry, environmental and biological effects.",4 sh,CHM 2110; C- or better in CHM 1120,Science; Advanced Studies; Public Health Elective,Spring
https://elon.smartcatalogiq.com/en/2025-2026/academic-catalog/courses/chm-chemistry/300/chm-3320,CHM3320,Physical Chemistry I,"The mathematical development of the physical principles of chemistry is the main theme of the course.  Topics to be addressed include gases, thermodynamics, equilibria and kinetics.",4 sh,"MTH 1510, PHY 2020 or PHY 2220; C- or better in CHM 1120",Science; Advanced Studies,Fall
https://elon.smartcatalogiq.com/en/2025-2026/academic-catalog/courses/chm-chemistry/300/chm-333,CHM3330,Physical Chemistry Laboratory,"Laboratory course to complement the topics covered inCHM 3320andCHM 3340, specifically thermodynamics, equilibria, kinetics, quantum mechanics and spectroscopy. Students will utilize available instrumentation to aid in their investigations. Outcomes from experiments will include writing formal laboratory reports in journal style and various forms of presentation. Each week students will meet for a 1-hour pre-laboratory lecture followed by 3 hours of hands-on experimentation. Co- or prerequisite:CHM 3320, Physical Chemistry I.",0 sh,CHM 3320: Physical Chemistry I,Lab Science,Fall
https://elon.smartcatalogiq.com/en/2025-2026/academic-catalog/courses/chm-chemistry/300/chm-3410,CHM3410,Inorganic Chemistry,"Inorganic Chemistry is the study of elements across the periodic chart and integrates the concepts of organic, physical, nuclear and solid state chemistry. This course will allow an in-depth understanding of atomic structure, the structure and energy of molecular and ionic compounds, the stoichiometry and energy of oxidation and reduction reactions, the fundamentals and applications of the chemistry of coordination compounds and their reaction mechanisms, and the use of literature in order to achieve student competency. The application of physical methods of structure determination of inorganic compounds by magnetic and spectral methods, including magnetic susceptibility, UV/VIS and IR spectroscopies and NMR spectrometry will be presented throughout the course.",4 sh,C- or better in CHM 2120,Science; Advanced Studies,Fall
https://elon.smartcatalogiq.com/en/2025-2026/academic-catalog/courses/chm-chemistry/300/chm-3510,CHM3510,Biochemistry I,"This is a survey of biochemistry as it relates to the physiology of organisms. Topics include biochemical methodology, buffers, proteins (structure, function and synthesis), enzymes, bioenergetics, anabolism and catabolism of carbohydrates and lipids, and metabolic regulation.",4 sh,C- or better in CHM 2120,Science; Advanced Studies; Neuroscience Elective,Fall
https://elon.smartcatalogiq.com/en/2025-2026/academic-catalog/courses/chm-chemistry/300/chm-3340,CHM3340,Physical Chemistry II,"The principles of quantum mechanics are developed and illustrated by the use of simple systems. Spectroscopic techniques are investigated as tools for probing structure and properties of molecules. Other topics may include group theory, statistical thermodynamics or selected special topics.",4 sh,"CHM 3320, MTH 2510, PHY 2020 or 2220",Science; Advanced Studies,CHM 334
https://elon.smartcatalogiq.com/en/2025-2026/academic-catalog/courses/chm-chemistry/300/chm-3520,CHM3520,Biochemistry Laboratory,"Primarily this is a course that focuses ondoingscience – the practical application of the concepts learned in lecture. It introduces students to the fundamental principles and lab techniques of biochemistry with special emphasis on developing skills in protein extraction, purification, qualitative and quantitative analysis, ligand binding, and enzyme kinetics, and will do so in a way that is collaborative and scientific method-driven. The entire course is designed around a single multi-part experiment that students will help to design and guide throughout the semester. Throughout the course of the research project, students will compile their findings in a manuscript to be submitted for publication to the peer-reviewed journal,Journal of Biological Chemistry(JBC). To earn credit within the major, students must earn a C- or better in this lab course.",0 sh,Students enrolled in CHM 3520 will either need to be enrolled or have already completed CHM 3510.,Lab Science,Fall
https://elon.smartcatalogiq.com/en/2025-2026/academic-catalog/courses/chm-chemistry/300/chm-3530,CHM3530,Biochemistry II,"This course is the second semester of a two semester Biochemistry course (CHM/BIO 3510/3530).  We will cover the major metabolic pathways (processing of fats, amino acids, protein, and nucleic acids), biochemical signaling and nucleic acids and protein synthesis. Material presented will be related to real world applications such as health, disease, and the functioning of mammalian systems. The main text book, primary literature, and case studies will provide the framework of information.",4 sh,CHM 3510,Science; Advanced Studies,Spring
https://elon.smartcatalogiq.com/en/2025-2026/academic-catalog/courses/chm-chemistry/300/chm-3550,CHM3550,Medicinal and Pharmaceutical Chemistry,"This is a lecture course designed to introduce the topics and techniques involved in medicinal and pharmaceutical chemistry theory and research. There will be an emphasis on major drug classes, their history and therapeutic application in disease, identification, synthesis and development of drugs, structure-function relationships of pharmaceutical agents, and biotransformation and drug metabolism in the body.",4 sh,CHM 3510 (can be take as a co-requisite); or permission of department chair,Science; Advanced Studies; Neuroscience Elective,CHM 355
https://elon.smartcatalogiq.com/en/2025-2026/academic-catalog/courses/chm-chemistry/400/chm-4010,CHM4010,Advanced Chemistry Laboratory,"The goal in Advanced Chemistry Lab courses is to: (1) provide students with a breadth of experiences in terms of concepts, practical skills, and instrumental usage, over a series of courses while (2) fostering a deeper understanding of core knowledge gained in lecture courses throughout the Chemistry and Biochemistry curricula. Students will be able to prepare laboratory reports of a style suitable for publication in a peer-reviewed journal. The fundamental structure of Advanced Lab is based on the American Chemical Society description of the laboratory experience. There are multiple versions ofCHM 4010, which are taught on a four-semester cycle. Each timeCHM 4010is taken, the course will appear as a separate entry on the student's transcript. To register for Advanced Chemistry Lab, a student must be enrolled in or have completed at least one of the following courses:CHM 3050,CHM 3110,CHM 3210, orCHM 3410.",0 sh,"A student can register for CHM 4010 if they are currently taking or have previously taken CHM 3050, CHM 3110, CHM 3210, or CHM 3410.",Lab science,FallSpring
https://elon.smartcatalogiq.com/en/2025-2026/academic-catalog/courses/chm-chemistry/400/chm-4970,CHM4970,Senior Seminar in Chemistry,"This capstone course will combine examination of an advanced special topic that draws from several sub-disciplines in chemistry with an intensive student seminar presentation based on recent literature. Possible topics include physical organic, bioanyalytical, advanced environmental and organometallic chemistry.",3 sh,Senior standing and CHM 3320,Science; Advanced Studies,CHM 494
https://elon.smartcatalogiq.com/en/2025-2026/academic-catalog/courses/chm-chemistry/400/chm-4971,CHM4971,Senior Seminar in Biochemistry,"This capstone course for senior biochemistry majors includes (1) analyzing and understanding advanced biochemical topics using current literature as the major source of information, (2) developing and writing a novel scientific research proposal, and (3) presenting information through both informal in-class discussions of journal articles and a more formal oral seminar presentation.",3 sh,CHM 3510,Science; Advanced Studies,CHM 495
https://elon.smartcatalogiq.com/en/2025-2026/academic-catalog/courses/chm-chemistry/400/chm-4985,CHM4985,Internship,Students gain advanced-level work experience in a chemical field.,1-4 sh,Permission of department,Science; Internship; Experiential Learning Requirement; Advanced Studies,CHM 481
https://elon.smartcatalogiq.com/en/2025-2026/academic-catalog/courses/chm-chemistry/400/chm-4999,CHM4999,Research,"In collaboration with a chemistry faculty member, students undertake experimental or theoretical investigations.",1-3 sh,Approval of department chair,Science; Experiential Learning Requirement; Advanced Studies,CHM 499
https://elon.smartcatalogiq.com/en/2025-2026/academic-catalog/courses/chn-chinese/100/chn-1020,CHN1020,Elementary Chinese II,This course continues the development of elementary skills for students who have already had a solid introduction to Chinese. It builds students’ literacy knowledge and expands their vocabulary and grammar with which they can discuss a wider range of topics about their daily lives. Emphasis is placed on oral communication in the classroom through consistent interaction among students and the instructor. Communicative activities in pairs and small groups lead students from structured practice to free expression. Proficiency goal on the ACTFL scale: Novice High.,4 sh,CHN 1010,Civilization; Asian Studies Elective,CHN 122
https://elon.smartcatalogiq.com/en/2025-2026/academic-catalog/courses/chn-chinese/200/chn-2010,CHN2010,Intermediate Chinese I,"This intermediate course completes the introduction of the basic grammatical structures and places an increased emphasis on recognizing and writing characters in Chinese. In addition, it continues to develop students’ listening and speaking skills so that students may communicate more effectively on a broader range of topics about their daily lives, both in spoken and in written Chinese. Proficiency goal on the ACTFL scale: Intermediate Low.",4 sh,CHN 1020,Civilization; Asian Studies Elective; Art History Elective,CHN 221
https://elon.smartcatalogiq.com/en/2025-2026/academic-catalog/courses/chn-chinese/200/chn-2020,CHN2020,Intermediate Chinese II,"This course provides an intensive review of the grammatical structures taught inCHN 1010-CHN 2010and introduces more complex linguistic structures while placing an increased focus on intercultural awareness in Chinese. Students continue to develop listening and speaking skills through in-class pair and group work, music, film and other media. They begin to communicate orally beyond the sentence level on a wider range of topics about their daily lives, and they begin writing at a paragraph level. Proficiency goal on the ACTFL scale: Intermediate Mid.",4 sh,CHN 2010,Civilization; Asian Studies Elective; Art History Elective; IGS: Global Studies Area,CHN 222
https://elon.smartcatalogiq.com/en/2025-2026/academic-catalog/courses/chn-chinese/300/chn-3210,CHN3210,Advanced Chinese I,"This course introduces more complex linguistic structures in Chinese while placing an increased focus on intercultural awareness. Intermediate to advanced reading, writing and speaking skills continue to develop through increasingly sophisticated topics. Strong emphasis is placed on oral communication through small group activities and projects in which students express themselves using connected discourse. Proficiency goal on the ACTFL scale: Intermediate High/Advanced Low.",4 sh,CHN 2020 or placement at this level.,Civilization; Advanced Studies; Art History Elective,CHN 321
https://elon.smartcatalogiq.com/en/2025-2026/academic-catalog/courses/chn-chinese/300/chn-3220,CHN3220,Advanced Chinese II,"The course builds students' linguistic skills by expanding their repertoire of words and structures used in discussing complex topics. The course introduces issues faced by Chinese or Chinese American individuals in the changing era, including health and wellness, environmental protection, gender equality, Chinatown, and money management and investment. Supplementary materials, such as articles, movies, and field trips, help students gain an understanding of the topics under discussion from different perspectives and develop their critical thinking skills. Additionally, students acquire skills in developing arguments by utilizing basic argument structures through oral presentations and a term project. A significant amount of preparation is expected. The proficiency goal on the ACTFL scale is Intermediate High to Advanced Low in reading and writing; Intermediate High in listening and speaking.",4 sh,"CHN 3210, placement at this level, or permission from the instructor.",Civilization; Advanced Studies,Spring
https://elon.smartcatalogiq.com/en/2025-2026/academic-catalog/courses/cjs-criminal-justice-studies/400/cjs-4985,CJS4985,Internship in Criminal Justice Studies,Students apply classroom knowledge within a workplace setting relevant to the discipline of criminal justice studies.,2 - 4 sh,"Junior standing, at least one of the three core courses required for the CJS Minor, and approval of instructor and program coordinator.",Experiential Learning Requirement; Criminal Justice Elective,
https://elon.smartcatalogiq.com/en/2025-2026/academic-catalog/courses/cjs-criminal-justice-studies/400/cjs-4991,CJS4991,Independent Study,Advanced study on a topic of special interest.,1-4 sh,"Junior standing, at least one core course and approval of instructor and program coordinator.",Criminal Justice Elective,CJS 491
https://elon.smartcatalogiq.com/en/2025-2026/academic-catalog/courses/com-communications/3000/com-3350,COM3350,Sports and Media,"A symbiotic relationship exists between athletic competition and the media. This course traces the century-old expansion of media coverage of athletics as well as social science research, weighing the capability of the media to participate in shaping and packaging sports content and programming as forms of popular culture.",4 sh,COM 1000 or SPT 2120,American Studies Elective,FallWinterSpring
https://elon.smartcatalogiq.com/en/2025-2026/academic-catalog/courses/com-communications/3000/com-3985,COM3985,Communications Internship,"All students must complete a professionally supervised internship in journalism, strategic communications, cinema and television arts, communication design or media analytics. Students secure an internship with the guidance and prior approval of the school’s internship director.",1 or 2 sh,COM 1000 and COM 2000 required; COM 2200 recommended,Internship; Experiential Learning Requirement,FallWinterSpringSummer
https://elon.smartcatalogiq.com/en/2025-2026/academic-catalog/courses/cor-elon-core-curriculum/300/cor-3000,COR3000,"Race, Memory, and the ""Lost Cause""","If the South lost the Civil War, why are there hundreds of Confederate monuments still standing over city squares, college campuses, and public parks?  What can controversies over Confederate symbols tell us about how memory shapes American culture?",4 sh,Open to students in the third or fourth year of study.,Core Integrative Seminar,COR 300
https://elon.smartcatalogiq.com/en/2025-2026/academic-catalog/courses/cor-elon-core-curriculum/300/cor-3020,COR3020,Italian Cinema,"Italy has given human civilization among its most precious works of art (The Sistine Chapel, The Mona Lisa); literature (Dante, Calvino); political science (Machiavelli, Gramsci); music (Verdi, Puccini); science (Galileo, Volta); cars and design (Ferrari, Lamborghini); films (Rossellini, Fellini); and, of course, pizza. Unfortunately (or maybe it's because of that?), it has also given civilization one other thing: the Mafia. The Mafia is a very complicated thing. It is cultural, economic, financial, historical, sociological, geographical, linguistic, national, international, and VERY political phenomenon. It has to do with issues concerning class, gender, the family. This course will look at the Mafia through the prism of Italian and Italian-American films, trying to discern the differences, especially the difference between myth and reality. We will accompany, so to speak, our movies with some literary, political, historical, and critical readings in order to read these movies in a comparative fashion and in their historical context. Films will include Rossellini's spectacular version of Tommasi di Lampedusa'sThe Leopard, Alberto Lattuada'sIl Mafioso, Francesco Rosi'sHands over the Cityand Salvatore Giuliano, Francis Ford Coppola'sThe Godfather I and II, Martin Scorsese'sCasino, Matteo Garrone'sGomorrah, Marco Turco'sExcellent Cadavers, as well as one episode ofThe Sopranos.",4 sh,Open to students in the third or fourth year of study.,Core Integrative Seminar; Italian Studies Elective; IGS: Europe Regional Concentration; International Business Regional Area Course,COR 302
https://elon.smartcatalogiq.com/en/2025-2026/academic-catalog/courses/cor-elon-core-curriculum/300/cor-3030,COR3030,The Culture of Rock,"This course examines the evolution of rock music and the subcultures centered upon that music, from the 1950s through the 1970s and beyond. It incorporates analysis of important theories, films, and cultural artifacts.",4 sh,Open to students in the third or fourth year of study.,Core Integrative Seminar; American Studies Elective,COR 303
https://elon.smartcatalogiq.com/en/2025-2026/academic-catalog/courses/cor-elon-core-curriculum/300/cor-3010,COR3010,Becoming an Adult in the Modern Era,"This course explores how large-scale social forces have shaped what it means to become adult in modern society, as well as the cultural consequences of contemporary patterns in the transition to adulthood. Students will apply multiple disciplinary lenses to the study of the transition to adulthood, including perspectives in sociology, demography, neuroscience, developmental psychology, anthropology, public health, and moral philosophy. Generational differences in becoming an adult will be explored, and attention will be paid to diversity in experiences, with attention to global variation, immigrant experiences, and the roles of disability and illness, sexual orientation, race/ethnicity, and social class in becoming an adult.",4 sh,Open to students in the third or fourth year of study.,Core Integrative Seminar,COR 301
https://elon.smartcatalogiq.com/en/2025-2026/academic-catalog/courses/cor-elon-core-curriculum/300/cor-3040,COR3040,The Great Films,"This course examines cinema along the distinct but inextricably bound tracks of art, society, and industry. Drawing upon history, film history, aesthetics, cultural studies, critical theory, and other disciplines, this course will provide intensive analysis of twelve motion pictures which, though inextricably bound to the historical, cultural, artistic, economic, commercial, and political forces of a specific time, have stood the test of time and continue to resonate with modern audiences-they are Great Films.",4 sh,Open to students in the third or fourth year of study.,Core Integrative Seminar,COR 304
https://elon.smartcatalogiq.com/en/2025-2026/academic-catalog/courses/cor-elon-core-curriculum/300/cor-3070,COR3070,The Future Now,"What does the future hold for humankind? This course explores the social, economic and political implications of the future now being projected by experts in all fields of study. Learn how to recognize, evaluate and work to adapt to expected future realities in an age in which nested networks influence everything (Facebook, the interstate highway system, sustainable resources, etc.) to a greater degree than ever before. Build new paradigms, engage in an intriguing quest for foresight and prepare yourself to work toward the best future possible as you synthesize a better understanding of the impact of accelerating change.",4 sh,Open to students in the third or fourth year of study.,Core Integrative Seminar,COR 307
https://elon.smartcatalogiq.com/en/2025-2026/academic-catalog/courses/cor-elon-core-curriculum/300/cor-3050,COR3050,Interdisciplinary Zen,"In this seminar we will study the ritual and philosophy of Zen and the relationship scholars have noted between Zen and physics and Zen and the Japanese arts (such as painting, haiku, calligraphy, and martial arts). To ground our study, we will practice sitting meditation and visit a local Zen center.",4 sh,Open to students in the third or fourth year of study.,Core Integrative Seminar; Asian Studies Elective,COR 305
https://elon.smartcatalogiq.com/en/2025-2026/academic-catalog/courses/cor-elon-core-curriculum/300/cor-3060,COR3060,College Athletics Administration,"This course provides a comprehensive and interdisciplinary examination of intercollegiate athletics in higher education.  Although intercollegiate athletics has played an integral and undeniably significant role in the American system of higher education since the mid-nineteenth century, the debate about its purpose and how to govern college athletics still exists. This course will include an historical overview of college sport (1850 - present), an introduction to the organizational structures and policies governing member institutions and will focus on a variety of events and issues that speak to the impact of intercollegiate athletics at colleges and universities. Topics will be used to challenge student's ability to critically examine current administrative issues.  Many issues will challenge personal philosophies of sport and its place in higher education.  Topics include-among others-the debate surrounding required academic standards for college athletes, athletic department relationships with corporate entities and media partners, the impact of sports programs on campus culture, student-athlete well-being, the role of college and university presidents in intercollegiate athletics, and how college sports interacts with Title IX and gender equity. Through readings and discussions we will consider various prescriptive alternatives for the challenges facing the college athletics.",4 sh,Open to students in the third or fourth year of study.,Core Integrative Seminar; Sport and Event Management Minor Elective,COR 306
https://elon.smartcatalogiq.com/en/2025-2026/academic-catalog/courses/cor-elon-core-curriculum/300/cor-3080,COR3080,Health Care Strategies for the 21st Century,"This course will focus on how strategic health care marketing management can be used to solve health care problems. The course examines how different markets define value and how health care service and product providers use innovation to meet market needs. It will also explore how the marketing mix (product, price, place, and promotion) is effectively managed in different types of health care organizations. The course is highly interactive. Students will work in teams to develop ""live"" marketing plans for a local health care organization.",4 sh,Open to students in the third or fourth year of study.,Core Integrative Seminar; Public Health Elective,COR 308
https://elon.smartcatalogiq.com/en/2025-2026/academic-catalog/courses/cor-elon-core-curriculum/300/cor-3090,COR3090,Millennial Imagination,"This course is a look at creative futures – an exploration of what might actually be possible for our society and world, right now, without anything fancy technologically but with a lot more imagination. First we spend some time awakening our own social creativity. We then survey some “out of the box” possibilities across a wide range of areas, including alternative schools (and alternatives to school); different ways to organize (or dis-organize) work; alternative architectures and arts; new kinds of global political order; more celebratory ways to relate to nature; and the question of Mars. There will be a lot of reading, but then again, how can you resist titles like Massive Change (Bruce Mau) or Beyond Civilization (Daniel Quinn) or How to Re-Imagine the World?",4 sh,Open to students in the third or fourth year of study.,Core Integrative Seminar,COR 309
https://elon.smartcatalogiq.com/en/2025-2026/academic-catalog/courses/cor-elon-core-curriculum/300/cor-3100,COR3100,The Museum Collection: Material Culture & the Creation of Meaning,"This seminar will introduce students to the practice of managing objects within a museum context including: collections development, accepted museum registration methods, cataloging, condition reporting, caring for the collection, and an exploration of ethical and philosophical concerns with museum collections. Once students have been familiarized with collections policy and practice, they will examine how, through the presentation of objects, museums can (and do) create meaning. Course readings will include sources specific to the care, presentation, and management of museum collections as well as material culture theory, art criticism, reflections on the power of interpretation, and the process of exhibiting “culture” and history.",4 sh,Open to students in the third or fourth year of study.,Core Integrative Seminar,COR 310
https://elon.smartcatalogiq.com/en/2025-2026/academic-catalog/courses/cor-elon-core-curriculum/300/cor-3120,COR3120,Teaching and Learning Financial Literacy,"“How does health insurance work?”  “What is a 401(k) and how do I use it?” “How will finances impact my ability to reach personal goals?” Many people, and especially college students, struggle to answer these questions. In this class, students will first investigate basic financial principles that can help prepare them for a life after college.   The class will then transition to discussing challenges related to gaining and promoting financial literacy in society.  We will explore the social, emotional and societal problems that often result from a lack of financial literacy, and how these problems affect health and wellness for many individuals and families.  Finally, for a Capstone Project, each student will create a project that utilizes their skills and interest, including those gained throughout their experience at Elon, in helping to promote financial literacy on campus and in the local community.",4 sh,Open to students in the third or fourth year of study.,Core Integrative Seminar,COR 312
https://elon.smartcatalogiq.com/en/2025-2026/academic-catalog/courses/cor-elon-core-curriculum/300/cor-3110,COR3110,Globalization of Hip-Hop,"This course will examine the power of language as a voice for communities and a force for change. Through both popular and academic texts we will look at, first, the origins and spread of hip-hop music in the United States, giving voice to an underrepresented community. We will critically examine concepts such as representation, appropriation, genre, and authenticity in order to understand how hip-hop originated as a music form and became a highly developed youth culture both in the United States and across the globe. This course will incorporate concepts from economics, art history, cultural studies, education, and linguistics, as well as a variety of multimedia to explore, challenge, and explain the global spread of hip-hop music.",4 sh,Open to students in the third or fourth year of study.,Core Integrative Seminar,COR 311
https://elon.smartcatalogiq.com/en/2025-2026/academic-catalog/courses/cor-elon-core-curriculum/300/cor-3130,COR3130,"Law, Faith and Tolerance","Students will explore how different societies, and different academic disciplines, have made sense of competing views about law, faith, and tolerance. This class will begin and end with “traditional” seminar sessions, but for much of the term students will play two month-long games that are part of the Reacting to the Past project. In each game, every student will assume the role of a historical figure during a time of conflict. To win a game, a student must understand and apply ideas from core texts to persuade other students that a particular view of law, faith, and tolerance should prevail.",4 sh,Open to students in the third or fourth year of study.,Core Integrative Seminar,COR 313
https://elon.smartcatalogiq.com/en/2025-2026/academic-catalog/courses/cor-elon-core-curriculum/300/cor-3140,COR3140,Plants and Civilization,"This course will explore the diversity of plants and their relationships with people. The primary focus will pertain to the interconnections between botany and culture. This includes social, economic, political, medicinal, and historical aspects of plants and plant products in civilization. This course will provide a better understanding and appreciation of how plants are used by humans, including pharmaceutical, industrial, and nutritional products, as well as the role plants play in maintaining a healthy planet.",4 sh,Open to students in the third or fourth year of study.,Core Integrative Seminar,COR 314
https://elon.smartcatalogiq.com/en/2025-2026/academic-catalog/courses/cor-elon-core-curriculum/300/cor-3150,COR3150,Power and Obedience,"It is normal for people to attempt to influence the behavior of others. This course will examine the various methods of influence that have the most success, as well as the characteristics of people who are most easily influenced. Ramifications for individuals and societies will be discussed.",4 sh,Open to students in the third or fourth year of study.,Core Integrative Seminar; Leadership Studies Elective,COR 315
https://elon.smartcatalogiq.com/en/2025-2026/academic-catalog/courses/cor-elon-core-curriculum/300/cor-3160,COR3160,Growing Up: Coordinating Complex Systems,"This course will engage students in understanding cognitive, motor, social and emotional development in children from infancy to adolescence. Further exploration will include the etiology of neurological/developmental diseases or disabilities in children as well as how these affect the integration of each of these systems/components throughout a child's development.",4 sh,Open to students in the third or fourth year of study.,Core Integrative Seminar,COR 316
https://elon.smartcatalogiq.com/en/2025-2026/academic-catalog/courses/cor-elon-core-curriculum/300/cor-3170,COR3170,Living in an Upside-Down World: Kafka and the Kafkaesque,"We live in a time when individual control is illusory. Unseen forces take the upper hand. Vague threats—terrorism, climate change, that other political party—haunt the back of our minds. We continue with daily life, knowing the sky hasn’t fallen, but with the persistent sense that something is out of place. That vague notion is Kafka’s landscape. His works are not violent or shocking; they’re weird but recognizable, like a bizarre dream. Through focused study of Kafka’sThe Trialand other works (film, graphic novels), students and the instructor will try to define this frequently-used but poorly-defined term, applying it to academic questions and to life beyond the classroom, investigating what the Kafkaesque can teach us about modern existence and the individual’s role in society.",4 sh,Open to students in the third or fourth year of study.,Core Integrative Seminar; German Studies Elective,COR 317
https://elon.smartcatalogiq.com/en/2025-2026/academic-catalog/courses/cor-elon-core-curriculum/300/cor-3180,COR3180,The World in your Cup: an Interdisciplinary Look at Coffee,"According to research conducted by the National Coffee Association, USA, coffee is the most commonly consumed beverage in the U.S.; 79% of U.S. Americans over the age of 18 have consumed coffee within the past year.[1]From the farmer who cultivates coffee on a steep hillside in Chiapas, Mexico to the consumer who purchases a daily latte from The Oak House, the production and consumption of coffee touches on many academic disciplines including history, biology, sustainability, fair trade, business, sociology, law, and human rights. We will study the multiple steps in the global coffee supply chain, from cultivation to consumption, as well as overarching factors such as government regulations, coffee’s impact on health, the sociology of coffee consumption, and coffee-related careers. The Core Capstone Project will be a writing-as-a-citizen project in which students engage a real audience around a specific issue in the coffee production chain.",4 sh,Open to students in the third or fourth year of study.,Core Integrative Seminar,COR 318
https://elon.smartcatalogiq.com/en/2025-2026/academic-catalog/courses/cor-elon-core-curriculum/300/cor-3190,COR3190,"The Camera Eye, the Camera I","Alfred Hitchcock’sRear Windowand Michelangelo Antonioni’sBlow Upinspired numerous filmgoers to pick up cameras and become professional photographers in the 1950s and 1960s. Holding a central position in both the history of cinema and photography, these films explore many important themes uniquely connected to both mediums. Since the release ofRear WindowandBlow Upphotography has arisen as a popular subject in contemporary film. Through the lens of art, film, psychology, gender, and visual culture studies, this course will explore the reasons behind photography’s popularity as a film subject and unravel the complex and multi-faceted issues embedded in these fictitious narratives. Students will also evaluate film themes in relation to real world situations by putting into question how photographs and moving images are used in media and the role they play in our personal histories. A collaborative “mash-up” will be the course capstone project, where students will have the opportunity to recontextualize clips and scenes from films central to the course to create new narratives, commentary, and meaning.",4 sh,Open to students in the third or fourth year of study.,Core Integrative Seminar,Spring
https://elon.smartcatalogiq.com/en/2025-2026/academic-catalog/courses/cor-elon-core-curriculum/300/cor-3200,COR3200,Cross-Cultural Exchanges of the Atlantic World,"This course will examine cross-cultural exchanges that occurred in the Atlantic World (Europe, Africa, and the Americas) between the years of 1492 to 1821. We will explore exchanges between different groups of peoples and societies, broadening our understanding of not only what the Atlantic World encompasses and represents but also the new and changing identities, institutions, and ideologies that resulted from European contact with Africa and the Americas. Central to the course is the analysis of the complex and multi-directional exchanges between these vastly different peoples and culture(s) and their direct relation to the development of early modern imperial societies.",4 sh,Open to students in the third or fourth year of study.,Core Integrative Seminar,COR 320
https://elon.smartcatalogiq.com/en/2025-2026/academic-catalog/courses/cor-elon-core-curriculum/300/cor-3240,COR3240,Substance Abuse and Human Behavior,"This course provides an interdisciplinary overview of factors influencing alcohol and other drug use including facets of personality, culture and genetics. Students examine issues from a public health model and investigate prevention strategies based on lifestyle choices and harm reduction. Local, national and international issues are explored through presentations, class discussions, field trips and a research paper on alcohol and other drug issues in a country other than the United States.",4 sh,Open to students in the third or fourth year of study.,Core Integrative Seminar; Public Health Elective,COR 324
https://elon.smartcatalogiq.com/en/2025-2026/academic-catalog/courses/cor-elon-core-curriculum/300/cor-3210,COR3210,Entrepreneurship and the Arts,"Musicians, artists, writers and other artistic people face special challenges creating and operating ventures focused on their artistic endeavors. This course, designed for students who are not majoring in Business, addresses how to start a new enterprise and many of the unique problems and circumstances encountered in establishing and operating such a venture. Since many arts organizations are not-for-profit, special attention will be placed on the idiosyncrasies of non-profit organizations.  Emphasis will be placed on the development of business and project plans and the operations of arts-related ventures.",4 sh,Open to students in the third or fourth year of study.,Core Integrative Seminar,COR 321
https://elon.smartcatalogiq.com/en/2025-2026/academic-catalog/courses/cor-elon-core-curriculum/300/cor-3230,COR3230,Work and Society in a Globally Networked Age,"In this course, we will explore the changing nature of work from a socio-historical perspective in which particular emphasis will be placed on current trends and the resulting societal implications in our global age of an increasingly globally networked economy. In the process, we will look at how work has been created, organized, performed, valued and compensated at different points in history. The course will also include exploration into credentialing and hiring practices related to issues of education, skills, experience, gender, race, class, etc. The overarching goal of the course will be for students to have a better understanding of work and the implications of current work-related trends within the larger socio-historical context.",4 sh,Open to students in the third or fourth year of study.,Core Integrative Seminar,COR 323
https://elon.smartcatalogiq.com/en/2025-2026/academic-catalog/courses/cor-elon-core-curriculum/300/cor-3250,COR3250,Math Origami,"Origami bridges centuries of genius in art and science. The spread of origami can be thought of as a measure of globalization. This writing-intensive course is an interdisciplinary exploration of the significant ties between origami and various majors across campus. As a class, we will investigate the strong ties between mathematics and art in the forms of origami. Student presentations will explore the traditional elements of creativity as well as implications in the student's own major. While art majors and minors learn how to become artists, all students who study a visual art learn imaginative and innovative problem solving. This course will allow students to investigate their major and express it in a new fashion.",4 sh,Open to students in the third or fourth year of study.,Core Integrative Seminar,COR 325
https://elon.smartcatalogiq.com/en/2025-2026/academic-catalog/courses/cor-elon-core-curriculum/300/cor-3260,COR3260,Human Sexuality,"This course provides the comprehensive study of biological, cultural and psychosocial sexuality throughout the life cycle, including male and female physiology, reproduction, contraception, sexual identity, gender roles, intimate relationships, sexually transmitted diseases and variant sexual behaviors. This course is writing intensive.",4 sh,Open to students in the third or fourth year of study.,"Core Integrative  Seminar; Women's Gender, and Sexualities Studies Elective; Public Health Elective",COR 326
https://elon.smartcatalogiq.com/en/2025-2026/academic-catalog/courses/cor-elon-core-curriculum/300/cor-3270,COR3270,"Women, Culture and Development","This course primarily investigates the economic status of women in the labor market, how that role has changed over time and the differences between labor market outcomes for both men and women. Topics include gender differences in the work place, labor force participation trends and its consequences for family, as well as race, ethnic and cultural issues across countries. The aim is to provide students with a broader comparative understanding of women in an international context by incorporating socio-political-cultural-historical and economic perspectives. The class will be designed around discussions, presentation of ideas, and creative ways of working together in learning and exploring the role of culture, development and women.",4 sh,Open to students in the third or fourth year of study.,"Core Integrative Seminar; Women's Gender, and Sexualities Studies Elective",COR 327
https://elon.smartcatalogiq.com/en/2025-2026/academic-catalog/courses/cor-elon-core-curriculum/300/cor-3290,COR3290,In Search of Fair Division,"Is it possible to develop a method for determining election results that is always fair? Answering this simple question is anything but a simple task. In fact, fairness is a complex idea, and it applies to numerous areas of our life. In this course, students will explore and apply concepts from voting theory, fairness criteria, and apportionment. Meeting objectives of this course requires you to combine what is learned from previous courses, related readings, and class activities to address novel questions of fairness regarding social representation in numerous settings. Essay writing and a final comprehensive writing project will complement simulations, presentations, short films, and role playing. Upper level students interested in a range of disciplines including sociology, history, political science, mathematics, and business will find this course of lasting benefit. All interested students are encouraged to enroll.",4 sh,Open to students in the third or fourth year of study.,Core Integrative Seminar,COR 329
https://elon.smartcatalogiq.com/en/2025-2026/academic-catalog/courses/cor-elon-core-curriculum/300/cor-3300,COR3300,Leading for Change: an Institutional and Cross-Systems Approach for Racial Equity,"This interdisciplinary course will provide a unique leadership development opportunity that prepares students to address the challenges of racial equity. In addition, this course will promote a commitment from students to applied leadership in their current activities and future careers through: a firm understanding and definition of racism, power, and privilege; historic and current structures that sustain racism, power, and privilege; and tools and resources to address racial, ethnic, and tribal inequity.",4 sh,Open to students in the third or fourth year of study.,Core Integrative Seminar,COR 330
https://elon.smartcatalogiq.com/en/2025-2026/academic-catalog/courses/cor-elon-core-curriculum/300/cor-3280,COR3280,The Modern Summer Olympic Games,"The course will investigate various aspects of the modern summer Olympic Games. Beginning in Athens in 1896, the political, moral, ethical, economic and philosophic ideas which dominate the Olympics will be discussed. Students will be challenged to see the Olympics from many perspectives instead of just the sport/athleticism point of view. Students will also discuss significant instances pertaining to the various games, including, but not limited to, the 1936 Berlin Games, 1972 Munich Games, 1980 Moscow Games and 2008 Beijing Games. Future games may also be addressed.",4 sh,Open to students in the third or fourth year of study.,Core Integrative Seminar,COR 328
https://elon.smartcatalogiq.com/en/2025-2026/academic-catalog/courses/cor-elon-core-curriculum/300/cor-3320,COR3320,Utopias & Dystopias,"My primary aim inUtopias & Dystopiasis to motivate you (the student) to deeply think about what YOU want the world to be like, and hopefully motivate you to strive towards making it that way. Organizing questions could be: What would a perfect society look like? Why is American so fascinated with post-apocalyptic entertainment? What roles do imagined futures play in our current social and political decision making? Such questions will orient this class where we wrestle with the cultural mirrors of utopia and dystopia that tell us so much about the times in which they were generated. For instance, what does the current societal fascination with zombie apocalypse tell us about this moment in time?",4 sh,Open to students in the third or fourth year of study.,Core Integrative Seminar,COR 332
https://elon.smartcatalogiq.com/en/2025-2026/academic-catalog/courses/cor-elon-core-curriculum/300/cor-3310,COR3310,Wilderness and Adventure Therapy,"This course will introduce students to the skills needed to successfully facilitate therapeutic wilderness and adventure experiences by exploring the concepts and practices underpinning these approaches. A broad spectrum of theory, research, and current applications for wilderness and adventure therapy will be discussed and investigated, including how outdoor experiences can reduce stress, restore attention, enhance self-concept, and promote personal meaning. The course will focus on the use of these therapies to restore, remediate, and/or rehabilitate individuals with various illnesses and/or disabilities. Students will be assigned a fictional case study, and will develop throughout the course a corresponding therapy plan incorporating studied techniques as the capstone project.",4 sh,Open to students in the third or fourth year of study.,Core Integrative Seminar,COR 331
https://elon.smartcatalogiq.com/en/2025-2026/academic-catalog/courses/cor-elon-core-curriculum/300/cor-3330,COR3330,Religion and Art of Asia,"This course explores the symbiosis of religious thought and expression in the pan-Asian sphere. It investigates the history of Indian, Chinese and Japanese religious art and architecture and considers Asia's contemporary material and popular culture as both expressions of and constructions for the sacred.",4 sh,Open to students in the third or fourth year of study.,Core Integrative Seminar; Asian Studies Elective; IGS: Asia Regional Concentration; International Business Regional Area Course,COR 333
https://elon.smartcatalogiq.com/en/2025-2026/academic-catalog/courses/cor-elon-core-curriculum/300/cor-3340,COR3340,Engaging in Public Discourse about Social and Cultural Issues,"Students will learn how to express themselves articulately, intellectually and persuasively about social and cultural issues in public forums using perspectives, theories, concepts and research from their studies in the liberal arts. This capstone seminar will be structured as an interactive, interdisciplinary workshop in which students learn how to engage in discourse (especially through writing, but also speaking) in public, non-academic venues including magazine articles, op-ed pieces, social media, blogs, speaking engagements and more. Students will learn how to select a socio-cultural issue for public discourse, how to identify relevant academic knowledge, how to identify appropriate public venues, how to pitch their ideas to editors or other gatekeepers, and how to write and talk about academic ideas in language accessible to the public. Emphasis will be placed on writing as a citizen and writing to learn. Students will complete projects that will be ready for submission for public venues.",4 sh,Open to students in the third or fourth year of study.,Core Integrative Seminar,COR 334
https://elon.smartcatalogiq.com/en/2025-2026/academic-catalog/courses/cor-elon-core-curriculum/300/cor-3350,COR3350,Family Stories,"In this interdisciplinary seminar, we will examine family relationships in the context of psychological research and literature. In our analysis, we will utilize psychological theories and research to understand developmental, social and cultural influences on family members' beliefs and behaviors, particularly as they are portrayed in novels and films. We will investigate issues related to parenting, gender and sexuality, identity formation, and more. Students will also explore their own family stories in a class project.",4 sh,Open to students in the third or fourth year of study.,Core Integrative Seminar,COR 335
https://elon.smartcatalogiq.com/en/2025-2026/academic-catalog/courses/cor-elon-core-curriculum/300/cor-3370,COR3370,Sustainable Seas: Envisioning a New Future for Earth's Oceans,"The students in this course will develop and imagine a pathway to lead to sustainable use of the oceans by the growing human population.   Earth’s oceans represent the greatest unexplored region of our planet, a major component of the climate system, and a vast reservoir of resources that has been mined since the earliest human civilizations arose.  Industrialization and technological innovation have led to ocean-wide pollution, harmful algal blooms, over-exploitation of fish stocks, coral reef death, and ocean acidification.  Despite these problems, the interaction between humans and the oceans is not destined to follow a path of mutual destruction.  Creative and imaginative people can envision a sustainable future in which the oceans will supply food, carbon free energy, medicines, and climate stabilization.  Students will explore innovative approaches in the fields of environmental ethics, resource management, international policy, ecological economics, and ocean science that will lead to this sustainable future.",4 sh,Open to students in the third or fourth year of study.,Core Integrative Seminar,COR 337
https://elon.smartcatalogiq.com/en/2025-2026/academic-catalog/courses/cor-elon-core-curriculum/300/cor-3380,COR3380,American Adolescence,"This interdisciplinary seminar explores the male and female experience of coming of age in America.  We will study major psychological and sociological theories of adolescence, and examine how the transition from childhood to adult life is represented in literature and film. This course is writing intensive.",4 sh,Open to students in the third or fourth year of study.,"Core Integrative Seminar; American Studies Elective; Women's, Gender, and Sexualities Studies Elective",COR 338
https://elon.smartcatalogiq.com/en/2025-2026/academic-catalog/courses/cor-elon-core-curriculum/300/cor-3390,COR3390,Exploring Mathematical Thinking and Access,Title: Count Me In - Our World by the Numbers,4 sh,Open to students in the third or fourth year of study.,Core Integrative Seminar,COR 339
https://elon.smartcatalogiq.com/en/2025-2026/academic-catalog/courses/cor-elon-core-curriculum/300/cor-3400,COR3400,Is That Slavery?,"When we think of slavery, the 400 years of chattel bondage of Africans and their descendants in the New World usually comes to mind. Yet various forms of coerced labor have been referred to as slavery. Moreover, chattel slavery is not the only type of slavery to have ever existed. In order to appreciate the diversity of slave experiences, and drive our discussions about forced labor in general, we will learn about slavery in the ancient world and pre-colonial West Africa, and then more deeply explore the evolution of slave societies in the New World-North America, Latin America, and the Caribbean. Over the course of this semester we will examine and compare various forms of coerced labor from temporary servitude to full-fledged chattel slavery employing multiple perspectives and disciplines. We will examine slave hymns and chain-gang songs to investigate the perspectives of the bonded laborer; we will explore the political, economic, religious, and scientific rationales for coerced labor to delve into the perspective of the master/owner class; we will explore psychological, gender, and sociological studies to understand the effects of forced labor on the worker, his/her family, and the community; and we will analyze artwork and literature to consider how coerced laborers and their descendants seek to cope with their past. In order to put this information in perspective, we will conclude by completing a written project and formal presentation on modern slavery and human trafficking.",4 sh,Open to students in the third or fourth year of study.,Core Integrative Seminar,COR 340
https://elon.smartcatalogiq.com/en/2025-2026/academic-catalog/courses/cor-elon-core-curriculum/300/cor-3420,COR3420,Understanding Educational Disparities in the United States,"Since the Coleman Report of 1966, the “academic achievement gap” has been as the heart of education policy. Drawing on research and evidence from the fields of economics, education, sociology, psychology and public policy, we will critically analyze the causes, consequences and potential solutions to academic achievement gaps in the United States.  The course will begin with a critical look at the determinants of educational success. Then, we will use this research to help us better understand the causes of existing achievement gaps. Finally, we will study various education policies and debates and use our research to evaluate these policy initiatives. Course material will include readings from economics, education, psychology and policy journals, popular press articles, video clips and documentaries. Students will also read Malcolm Gladwell’s Outliers.",4 sh,Open to students in the third or fourth year of study.,Core Integrative Seminar; Poverty and Social Justice Elective,COR 342
https://elon.smartcatalogiq.com/en/2025-2026/academic-catalog/courses/cor-elon-core-curriculum/300/cor-3460,COR3460,Childbirth,"This course explores the topic of childbirth from a personal, biomedical, psychosocial, cultural, and historical perspective.  Students will explore their own birth stories and investigate how gender roles, current and historical, affect our understanding of childbirth. Students will also become familiar with the anatomy and mechanics of human reproduction, gestation, and parturition. Other topics include assisted reproductive technology, genetic counseling, and post-partum depression.",4 sh,Open to students in the third or fourth year of study.,"Core Integrative Seminar; Public Health Elective; Women's, Gender, and Sexualities Studies Elective",COR 346
https://elon.smartcatalogiq.com/en/2025-2026/academic-catalog/courses/cor-elon-core-curriculum/300/cor-3440,COR3440,Nazism and the Question of Individual Responsibility,"Imagine your government has committed an immoral or unethical act: murder, unjustified war, violation of human rights. To what degree does that act define you, as a member of your country? What is (or should have been) your responsibility before, during and after? These questions were posed with particular urgency in the wake of Nazism and the Holocaust and continue to be relevant today. In this course, we will examine how authors, playwrights, filmmakers, political theorists, historians, and other thinkers have struggled to understand and portray Holocaust perpetrators and the normal, everyday German citizens who lived alongside them. We will then examine how these thinkers’ portrayals might lead to new ways of thinking about our own roles as active, engaged citizens. The interdisciplinary focus makes this course suitable for students in all majors. This course is writing intensive. Open to students in the third or fourth year of study.",4 sh,Open to students in the third or fourth year of study.,Core Integrative Seminar,COR 344
https://elon.smartcatalogiq.com/en/2025-2026/academic-catalog/courses/cor-elon-core-curriculum/300/cor-3450,COR3450,Gender Issues in Education,"Increased access to education is frequently touted as the key to gender equity, economic development, and political empowerment. We will investigate these claims by exploring  approaches to gender equity in the international arena, learning about education as a right, as a means for increasing human capital, and as a way of helping all people reach their full potential. We will then move to historical topics in the United States such as the impact of Title IX on education and athletic participation.  Finally we will cover current gender issues such as disparities in school discipline, special education, college attendance, and the pursuit of STEM careers. Throughout, we will examine the way that gender interacts with other social categories including race, religion, and socio-economic status. For the capstone project, each student will research a topic that integrates themes from the class knowledge they have learned throughout their time at Elon.",4 sh,Open to students in the third or fourth year of study.,Core Integrative Seminar,COR 345
https://elon.smartcatalogiq.com/en/2025-2026/academic-catalog/courses/cor-elon-core-curriculum/300/cor-3470,COR3470,Aspects of Laughter,"What makes us laugh? In this course we will use insights drawn from many disciplines, including philosophy, sociology, anthropology, and psychology, to find a range of different ideas for why we laugh and what laughter means. We will test the possibilities and limitations of each concept against both our own experiences and against works of art drawn from art history, literature, film, and popular culture. Goals for this course include developing a critical awareness of how and why we laugh, including the social, political, ethical, and interpersonal implications of laughter. Students will see how laughter is a delightful yet controversial thread through the social sciences and the arts and humanities, as they bring together laughter's many aspects.",4 sh,Open to students in the third or fourth year of study.,Core Integrative Seminar,COR 347
https://elon.smartcatalogiq.com/en/2025-2026/academic-catalog/courses/cor-elon-core-curriculum/300/cor-3490,COR3490,Forensic Studies,"This course studies the impact of basic biology in forensic studies. Students will learn forensic history, methodology and techniques, investigative and media reports. Students will evaluate and discuss various basic biological applications used in forensic investigations. Students will explore how decomposing tissues give valuable advice in forensic studies and reports. In addition, a comparison of terrestrial and aquatic forensic techniques will be discussed and evaluated. Students will use biology to complete written reports related to Mock Investigative Projects (MIP). This course also includes readings and documentaries of various Forensic Studies cases. Professionals within the area of Forensic Science will give students an opportunity to learn how biology has significantly contributed to the success of investigative reports.",4 sh,Open to students in the third or fourth year of study.,Core Integrative Seminar,COR 349
https://elon.smartcatalogiq.com/en/2025-2026/academic-catalog/courses/cor-elon-core-curriculum/300/cor-3480,COR3480,Life Stories,"This course helps students identify the “life stories” they are living. It draws on literary, psychological, religious, and philosophical resources. Daily writing assignments from Sam Keen’s “Your Mythic Journey” will culminate in a personal story which remembers the past, reflects on the present, envisions a future, and clarifies personal beliefs and values. Contemporary films such a “A River Runs Through It” and conversations with community partners will serve as additional catalysts for writing one’s story.",4 sh,Open to students in the third or fourth year of study.,Core Integrative Seminar,COR 348
https://elon.smartcatalogiq.com/en/2025-2026/academic-catalog/courses/cor-elon-core-curriculum/300/cor-3500,COR3500,Analyzing the Graphic Novel - the Multiple Languages of Comics,"How do comics communicate? In this course, we will explore the vast ways comics have been used to communicate cultural, ecological, scientific, historical, and political realities since they first appeared in 1843. With a focus on non-fiction comics, you will learn:",4 sh,Open to students in the third or fourth year of study.,Core Integrative Seminar,COR 350
https://elon.smartcatalogiq.com/en/2025-2026/academic-catalog/courses/cor-elon-core-curriculum/300/cor-3520,COR3520,Classical Mythology,"Gods and mortals, monsters and heroes, rites and rituals: each of these groups (and others) played a part in what collectively has come to be called Classical Mythology. In this course, we will study a range of visual, textual, and material evidence in an effort to understand the belief systems of various ancient Mediterranean societies. A range of critical and theoretical perspectives will be brought to bear as we think about why these stories were composed, the nuances and implications of their similarities and differences across cultures, and their possible functions in ancient society. This course is writing intensive. Open to students in the third or fourth year of study.",4 sh,Open to students in the third or fourth year of study.,Core Integrative Seminar; Classical Studies Elective,COR 352
https://elon.smartcatalogiq.com/en/2025-2026/academic-catalog/courses/cor-elon-core-curriculum/300/cor-3510,COR3510,Understanding Contemporary American Indian Communities,"This seminar will use a series of case studies to examine how, why, and with what consequences contemporary Native peoples in the United States have maintained crucial institutions and practices that affirm the vitality of indigenous cultures and worldviews.",4 sh,Open to students in the third or fourth year of study.,Core Integrative Seminar,Fall
https://elon.smartcatalogiq.com/en/2025-2026/academic-catalog/courses/cor-elon-core-curriculum/300/cor-3540,COR3540,The Moral Limits of Markets,"What makes a good society? To answer the question, you must bring in ideas from religion, the fine arts, history, and science. In other words, you must put together what you learned during the Elon Core experience and use it to add your own arguments about what makes a good society.  In this course, you will tackle a specific contested issue that we face in market economies --- whether limits should be placed on the use of certain settings where people buy and sell things.  On the one hand, some argue that markets create the wealth and prosperity needed for a good society.  From such a view, you might be wary of placing any limits on the use of markets.  On the other hand, you might be concerned that buying and selling certain things harms society. This view demands limits on what can be bought and sold. The debate about the role and reach of markets continues today and some civic commentators insist that we need you to start new conversations. Let's begin the journey.",4 sh,Open to students in the third or fourth year of study.,Core Integrative Seminar,COR 354
https://elon.smartcatalogiq.com/en/2025-2026/academic-catalog/courses/cor-elon-core-curriculum/300/cor-3550,COR3550,"Law, Politics and Society","How has the Internet altered our understanding of the First Amendment rights to free speech, dissent, political organization, and security?  What does the future hold for constitutional rights in a Globalizing World? Are Christmas and the Constitution compatible? Has the balance between the Sixth Amendment right to a fair trial and the right to a free press shifted as a result of 24 hour news cycles? Is the law outmoded when considering modern medical issues like the sale of human organs or cloning? In this course we will draw insights from many disciplines, including Sociology, Political Science, Philosophy, Anthropology, Economics, Gender Studies and many others to critically examine contemporary issues in law and society. Concerned with the place of law in relation to other social institutions students will consider law in the context of broad social theories. Students will gain practice in applying theoretical social science concepts to understanding the interaction of law and society and to think critically about social justice. Through readings, Supreme Court decisions, articles by legal commentators and journalists, current news reports, film, TV, and other media, students will develop a keen awareness that law and legal thought pervade many aspects of modern life. While establishing a solid foundation of knowledge regarding the basic rules of law they will practice synthesizing their knowledge of law as a social phenomenon with the influences and effects of law on social systems. This course is writing intensive. Open to students in the third or fourth year of study.",4 sh,Open to students in the third or fourth year of study.,Core Integrative Seminar,COR 355
https://elon.smartcatalogiq.com/en/2025-2026/academic-catalog/courses/cor-elon-core-curriculum/300/cor-3530,COR3530,Resource Conflicts and Global Stability,"During the cold war era, international relations theorists and political leaders discussed security issues primarily within a framework that placed principal emphasis on military strength, strategic alliances and balance of power relationships. There was little discussion of how the distribution and availability of natural resources someday would be the source of destabilizing conflicts at the regional and international level. While recent Gulf Wars and popular films are eliciting considerable speculation about current and future conflicts over oil, researchers in many disciplines, including political science, economics, sociology and human geography, are currently investigating the interface between conflict and a wide variety of natural resources (i.e. diamonds, natural gas, water, timber etc).  Students in this course will explore the direct and indirect linkages between natural resources and the initiation or continuation of a destabilizing conflict around the world. This course is writing intensive. Open to students in the third or fourth year of study.",4 sh,Open to students in the third or fourth year of study.,Core Integrative Seminar,COR 353
https://elon.smartcatalogiq.com/en/2025-2026/academic-catalog/courses/cor-elon-core-curriculum/300/cor-3580,COR3580,American Crime Fiction through a Legal Lens,"American crime fiction represents radical changes in the genre. We will use crime fiction as a means to explore how literary works help our understanding of ethical reasoning and personal and social responsibility, which are fundamental principles of the Elon Core Mission. You will learn about the popularity of crime fiction and its various styles as shaped by American authors and how to identify the cultural, societal, and philosophical influence of crime fiction through research, problem-solving and communication skills. You will study the genre through short readings of fiction and non-fiction literary works and scenes from movies and television series. Students from various disciplines will realize there is more to crime fiction than entertainment and the intellectual challenge of the clue puzzle. You will make sense of the many agendas that might influence the outcome of a criminal investigation including law, politics, social-economic status, and survival agendas of the suspects.",4 sh,Open to students in the third or fourth year of study.,Core Integrative Seminar,COR 358
https://elon.smartcatalogiq.com/en/2025-2026/academic-catalog/courses/cor-elon-core-curriculum/300/cor-3590,COR3590,Media and the Middle East,"This course examines the ways in which the Middle East is covered and portrayed in both Western and non-Western media. It aims to broaden students' perspectives on a critical part of the world and to deepen their understanding of complex problems they read and hear about daily. By drawing on both contemporaneous and historical accounts, the course will encourage students to examine the diversity of views, each of them rooted in a different history and a different culture. The course will be taught in seminar fashion and will require substantial reading, not only in contemporary journalism but also history, religion, cultural studies and international relations. This course is writing intensive. Open to students in the third or fourth year of study. Counts toward Jewish Studies and Middle East Studies minors",4 sh,Open to students in the third or fourth year of study.,Core Integrative Seminar; IGS: Middle East Regional Concentration; International Business Regional Area Course; Middle East Studies Elective; Jewish Studies Elective,COR 359
https://elon.smartcatalogiq.com/en/2025-2026/academic-catalog/courses/cor-elon-core-curriculum/300/cor-3570,COR3570,Rome,"A city of contrasts, Rome is both legend and history, past and present, real and imaginary. As the “Eternal City” where “all roads lead”, Rome also offers an excellent case study for the enduring questions that define a liberal arts education. In this course we will explore the powers, policies, peoples and practices that make up “Rome.” Rather than follow a chronological timeframe, the course will be guided by significant questions, such as: What is good government? What is evil? What is beauty? Approaches to these questions will include discussions of the city as both a physical and a political thing as well as artistic ideas of Rome with examples ranging from Renaissance frescoes to Hollywood films. Students will complete a capstone project that uses Rome as a focal point but connects to broader material relevant to each student’s course of study at Elon. Topics could include science and the Vatican, racism, and regionalism, feminism, football, or fascism. This course is writing intensive. Open to students in the third or fourth year of study. Counts toward the Italian Studies minor and the Classical Studies minor.",4 sh,Open to students in the third or fourth year of study.,Core Integrative Seminar; International Business Regional Area Course,COR 357
https://elon.smartcatalogiq.com/en/2025-2026/academic-catalog/courses/cor-elon-core-curriculum/300/cor-3600,COR3600,The Meaning of Work,"Against traditional philosophical, political, and social Western assumptions that paint physical  labor as a form of injustice, misfortune, and the province of those who are caught in the lower realm of existence, this course seeks to understand the redemptive nature of physical labor that is contained in the intimate relationship with the earth. This course will look at the argument for “redemption through labor” philosophy put forward by the 20thcentury Zionist philosopher A.D. Gordon under which, in my childhood, I lived and worked in Israel. Such sense of redemption can also be found in Emerson who championed the “literature of the poor, the philosophy of the street, and the meaning of household life,” as well as the various lines of practice that developed from Tolstoy’s “back to nature” writings. The goal of the course is to allow the students to appreciate Gordon’s philosophy in its attempt to overcome the long Western assumption that human development or progress is necessarily analogous with an escape upwards – away from the interactive and “vulgar” nature of the physical world. The ideational objective of the course will be to explore the insightful ideas of Gordon, as well as to listen to some contemporary practitioners who found their “return to the ordinary” through work in education, agriculture, law, social work, medicine, and politics, organically redemptive and liberating. This course is writing intensive. Open to students in the third or fourth year of study.",4 sh,Open to students in the third or fourth year of study.,Core Integrative Seminar,COR 360
https://elon.smartcatalogiq.com/en/2025-2026/academic-catalog/courses/cor-elon-core-curriculum/300/cor-3620,COR3620,Understanding Diversity at Work,"Humans interact with other humans all the time. At work, these interactions take place with colleagues, peers, managers, and customers; while within geographical living communities these interactions encompass friends, neighbors, and community residents who hail from myriad backgrounds with repertoires of eclectic experiences. These individual differences carry a lot of weight in our lives. If understood and harnessed effectively, these differences benefit us and our relationships, promote creativity, catalyze performance, and enhance learning and growth; but if these differences are misunderstood they can be detrimental to interpersonal relationships, and create divides between people. Therefore, the purpose of this course is to help students understand these differences to successfully navigate amidst diversity. The course isinterdisciplinary in nature, and students will be exposed to the literature from the disciplines of management, psychology, and sociology to enhance their knowledge to work effectively within diverse settings. With opportunities to critically think about topics related to diversity, equity, and inclusion, students will learn to understand and appreciate differences in our workplaces and communities from multiple vantage points and forge a way ahead to becoming better citizens of a global community.",4 sh,Open to students in the third or fourth year of study.,Core Integrative Seminar,COR 362
https://elon.smartcatalogiq.com/en/2025-2026/academic-catalog/courses/cor-elon-core-curriculum/300/cor-3640,COR3640,Technology and Society,"This course will examine the role of invention and technology in society. Synthesizing elements of engineering, computer science, economics, history, business, and sociology, this course investigates technology both as a reflection of and as a catalyst for cultural identity and social change. Recent topics have included virtual worlds, artificial life, cyborgs, the do-it-yourself hacker ethic, posthumanism, resistance to change, and the diffusion of innovations. Using a combination of reflective and researched essays, live action role playing games, video games, films, simulations, and presentations, students will reconcile their own technology experiences with the common portrayal of technology in history and in contemporary culture. This course is writing intensive. Open to students in the third or fourth year of study.",4 sh,Open to students in the third or fourth year of study.,Core Integrative Seminar,COR 364
https://elon.smartcatalogiq.com/en/2025-2026/academic-catalog/courses/cor-elon-core-curriculum/300/cor-3650,COR3650,France Today: Multiculturalism and the French-American Experience,"This course will explore the diversity of French culture and the richness and complexity of French -American relations, both current and historical, through the lenses of colonization and immigration, the interconnectedness of socio-political, economic and educational systems, and globalization. We will also examine France's paradoxical relationship to itself and study this country's shifts in national identity due to decolonization and immigration in particular during the last century. Course materials include cultural studies texts, scholarly and news articles, French/Francophone literature in translation, video news reports and podcasts, films, documentaries, and popular music. This course is writing intensive. Open to students in the third or fourth year of study.",4 sh,Open to students in the third or fourth year of study.,Core Integrative Seminar,COR 365
https://elon.smartcatalogiq.com/en/2025-2026/academic-catalog/courses/cor-elon-core-curriculum/300/cor-3670,COR3670,Music in Contemporary American Culture,"This course explores the role of music in current American culture. An interdisciplinary focus on the manner music is integrated in American social life, media, religion and politics will culminate in a research project examining this relationship. Music's function in America's cultural development will also be studied. This course is writing intensive. Open to students in the third or fourth year of study.",4 sh,Open to students in the third or fourth year of study.,Core Integrative Seminar,COR 367
https://elon.smartcatalogiq.com/en/2025-2026/academic-catalog/courses/cor-elon-core-curriculum/300/cor-3680,COR3680,Nutrition in the 21st Century,"The purpose of this course will be to explore ways that knowledge of nutrition will help you be a better global citizen. Topics include the role nutrition plays in helping you function better cognitively, emotionally, and physically; the cultural and societal trends and controversies related to nutrition in the 21st century; and ways nutrition knowledge can help you understand the world's problems such as food insecurity and food terrorism. This course is writing intensive. Open to students in the third or fourth year of study.",4 sh,Open to students in the third or fourth year of study.,Core Integrative Seminar; Public Health Elective,COR 368
https://elon.smartcatalogiq.com/en/2025-2026/academic-catalog/courses/cor-elon-core-curriculum/300/cor-3660,COR3660,"Marx, Darwin, Freud","These revolutionary makers of the modern mind -  Marx, Darwin and Freud -  have had enduring influence on subsequent thought in such diverse fields as philosophy and politics, biology and religion, sociology and psychology. This course examines their work in light of more recent attempts to incorporate, reform and extend their insights. This course is writing intensive.  Open to students in the third or fourth year of study. Counts toward German Studies minor.",4 sh,Open to students in the third or fourth year of study.,Core Integrative Seminar; German Studies Elective,COR 366
https://elon.smartcatalogiq.com/en/2025-2026/academic-catalog/courses/cor-elon-core-curriculum/300/cor-3840,COR3840,Kennedy Assassination in Film,This course will explore the details of the assassination of President John F. Kennedy and the way it has been presented in film. Special emphasis will be placed on the study of the assassination as a film genre and any residual effects on the world of motion pictures. This course is writing intensive.  Open to students in the third or fourth year of study.,4 sh,Open to students in the third or fourth year of study.,Core Integrative Seminar,COR 384
https://elon.smartcatalogiq.com/en/2025-2026/academic-catalog/courses/cor-elon-core-curriculum/300/cor-3850,COR3850,"Stories of Self, Knowledge and Experiences: Role of Narrative in Understanding","Stories have long been used to document and communicate understandings about the world. The oral tradition of storytelling, once commonplace, seems less relevant in contemporary society. This course will consider stories as narratives of experiences that, while constructed around both fictional or real events, reflect ontological understandings of ideas, phenomena or the self. Narratives offer different approaches to represent and interpret the world, including social, cultural, and epistemic domains. Interrogating narrative requires integrative thinking building from multi-disciplinary perspectives, each providing an approach to understanding the meaning of the narrative. Through dialogic activity around narrative, participants in the course will draw on diverse perspectives to enliven and enrich our disciplinary understandings as well as conceptual understandings of narratives. This course is writing intensive. Open to students in the third or fourth year of study.",4 sh,Open to students in the third or fourth year of study.,Core Integrative Seminar,COR 385
https://elon.smartcatalogiq.com/en/2025-2026/academic-catalog/courses/cor-elon-core-curriculum/300/cor-3880,COR3880,Baseball Statistics,"The sport of baseball is fertile ground for sophisticated statistical analysis. Baseball executives, general managers and managers are relying on such analysis for decisions about player personnel, game situations and salaries. In this course, the students will first be presented with an overview of statistics and then apply statistical concepts to baseball. Students will also be responsible for a research project. This course is writing intensive. Open to students in the third or fourth year of study.",4 sh,Open to students in the third or fourth year of study.,Core Integrative Seminar,COR 388
https://elon.smartcatalogiq.com/en/2025-2026/academic-catalog/courses/cor-elon-core-curriculum/300/cor-3870,COR3870,"Pride, Humility and the Good Life","What does it really mean to be proud? There is an inherent aversion to the arrogance of a Donald Trump or the conceit and willful ignorance of King Lear, but what about the brave confidence of someone like Harriet Tubman as depicted by Aaron Douglas?  And what does it really mean to be humble? We may admire modesty and an unassuming nature, but we also feel distaste toward those whom C.S. Lewis describes as “greasy, smarmy persons, who are always telling us that, of course, they are nobody.” What is the best understanding of these qualities, and what might artists and thinkers reveal about them? And how might those insights contribute to our knowledge of a “good life?”  In this interdisciplinary seminar, we will explore these fundamental questions, culling insights from literature, art, film, and music and combining them with concepts from philosophers, social scientists, psychologists, scientists, and religious thinkers. We will test ideas against our own experiences and collaborative thinking. Goals for this course include developing a critical understanding of different perspectives on pride and humility, examining how such attributes may or may not contribute to a “good life,” honing key analysis, research, and presentation skills, and sharing one’s insights with others and the widest audience possible. This course is writing intensive. Open to students in the third or fourth year of study.",4 sh,Open to students in the third or fourth year of study.,Core Integrative Seminar,COR 387
https://elon.smartcatalogiq.com/en/2025-2026/academic-catalog/courses/cor-elon-core-curriculum/300/cor-3900,COR3900,Examining Identities: Hollywood and Sport Culture,"This course examines sport movies as a distinct category of film that communicates identities, cultural ideologies, values, and stereotypes.  Selected films will be studied in terms of their social and historical context and how social class, race, gender, sexuality, and other identities are depicted. Readings will support and draw on rhetorical theory, social critical theory, and cinema studies to examine how writers and film makers shape, reinforce, and sometimes challenge cultural norms and identities through the story line of sport.",4 sh,Open to students in the third or fourth year of study.,Core Integrative Seminar,COR 390
https://elon.smartcatalogiq.com/en/2025-2026/academic-catalog/courses/cor-elon-core-curriculum/300/cor-3920,COR3920,Authentic Leadership in Literature,"Amidst the recent scandals among political and corporate leaders, a call has been made by academicians and practicioners alike to examine the authenticity of leaders. Authentic leadership considers the values, morals, and ethics by which an individual attempts to lead others. In addition to covering a sampling of current popular press and scholarly research literature on the topic, the course will follow a recent and popular academic trend of exploring authentic leadership through classical literary works ranging from Macchiavelli's The Prince to Fitzgerald's The Great Gatsby. As such, students will not only be introduced to authentic leadership, but also study it in a creative manner which in turn can help them assess their own authenticity as they prepare for their own leadership careers. This course is writing intensive. Open to students in the third or fourth year of study. Counts toward Leadership Studies minor.",4 sh,Open to students in the third or fourth year of study.,Core Integrative Seminar; Leadership Studies Elective,COR 392
https://elon.smartcatalogiq.com/en/2025-2026/academic-catalog/courses/cor-elon-core-curriculum/300/cor-3930,COR3930,Ordinary People in the Struggle for Change,"Focusing on biographies and autobiographies of organizers and participants in labor movements we will examine the social, economic, and political conditions that led to the movements and the strategies and tactics they employ. We will look at the importance of leaders, activists, organizers, intellectuals, and others in the movements. Who were they and what were their personal motivations? We will apply this study to current labor conditions in the United States and especially in North Carolina. We will ask ourselves such questions as is it time for collective action? What can we do? Are we ready to act? This course is writing intensive. Open to students in the third or fourth year of study. Counts toward Peace and Conflict Studies minor.",4 sh,Open to students in the third or fourth year of study.,Core Integrative Seminar ; Peace and Conflict Studies Elective,COR 393
https://elon.smartcatalogiq.com/en/2025-2026/academic-catalog/courses/cor-elon-core-curriculum/300/cor-3940,COR3940,"Sports, Business, and Entertainment","Students will investigate the interaction between economic and social forces and policies in college and professional athletics. Coverage will include the major sports of baseball, football, basketball and hockey, as well as golf and soccer, among others. Topics will include the NCAA and its standards, the payment to student-athletes debate, gambling in sports, free agency and its impact, and women's athletics. Ties between the forces and policies that confront sports figures will be compared to those confronting society in general. Class will be a combination of lecture, guest speakers and discussion and will require readings. This course is writing intensive. Open to students in the third or fourth year of study.",4 sh,Open to students in the third or fourth year of study.,Core Integrative Seminar,COR 394
https://elon.smartcatalogiq.com/en/2025-2026/academic-catalog/courses/cor-elon-core-curriculum/300/cor-3960,COR3960,"Comparative Nationalism, Comparative Regionalism: Italy and the United States","In the 1860s, Italians and Americans were each in the business of making nations. A complex coalition of Italians from the North and South pushed occupying armies out of their peninsula, peeled back the temporal authority of the Pope, and created the modern nation of Italy. In the United States, white Southerners fought to create a new nation, the Confederate States of America, while white Northerners and black Americans fought to preserve the Union and to give the United States a ""new birth of freedom."" After the conclusion of the American Civil War states ratified a series of amendments that fundamentally altered the role of the federal government. This course will explore the rise and meaning of nationalism in the Italian and American contexts with special attention to nationalism's remarkable malleability and its use by both centralist and separatist movements. This course is writing intensive. Open to students in the third or fourth year of study. Counts toward the Italian Studies minor.""",4 sh,Open to students in the third or fourth year of study.,Core Integrative Seminar; Italian Studies Elective,COR 396
https://elon.smartcatalogiq.com/en/2025-2026/academic-catalog/courses/cor-elon-core-curriculum/300/cor-3990,COR3990,Environmental Issues in Southeast Asia,"This course focuses on the environmental issues facing the island nations and the mainland countries of Southeast Asia. The major environmental problems in this region of the world include deforestation, soil erosion, habitat destruction, habitat fragmentation, water pollution from mineral extraction and industry, unsustainable harvesting practices and rising rates of disease. These issues will be examined in the context of climate, topography, vegetation, societal evolution and human history. Emphasis will be placed on the demographic, cultural, political, religious, economic and ecological reasons for the current state of the environment of Southeast Asia. Practical solutions to reduce environmental degradation and promote sustainable development will be examined. This course is writing intensive. Open to students in the third or fourth year of study. Counts toward the Asian Studies minor. Counts toward the Environmental Studies major and the International Studies major (Asian regional concentration) for students who are not counting it as their COR capstone.",4 sh,Open to students in the third or fourth year of study.,Core Integrative Seminar; Asian Studies Elective; IGS: Asia Regional Concentration,COR 399
https://elon.smartcatalogiq.com/en/2025-2026/academic-catalog/courses/cor-elon-core-curriculum/400/cor-4010,COR4010,Examining Identity and Representation: Why does Representation Matter?,"This course uses contemporary literature and writing to examine identity and representation. Through the use of book study, seminar, and writing, we will engage the following skills in each class: read, write, discuss, research, and reflect. Students will engage the disciplines of sociology, literature, and writing throughout the course. Scholarship has demonstrated that we increase our understanding of others through engagement with others’ experiences or stories. Understanding this, students will use five #ownvoices texts to discuss issues of representation, (mis)representation, and lack of representation, and the intersectionality of race, family, movement, class, gender, and sexuality. The course capstone, a student led research project, is designed to allow the Elon student to apply the seminar’s focus of identity and representation to the student’s program of study through a research project.",4 sh,Open to students in the third or fourth year of study.,Course Types: Core Integrative Seminar,COR 401
https://elon.smartcatalogiq.com/en/2025-2026/academic-catalog/courses/cor-elon-core-curriculum/400/cor-4020,COR4020,Global Innovation: Solving Problems with Design Thinking,"Though San Francisco is home to some of the largest companies in the world including Google, Facebook, and Apple, it also contains the second largest homeless population in the country.  This course uses San Francisco and an internship to understand global problems that are vexing startup companies, large companies, non-profits and society as a whole. The powerful combination of the liberal arts capstone (COR course) and professional capstone (internship) seeks to achieve the overall goal of being a university capstone that facilitates the transition from college to professional life.  Throughout the summer, students will be engaged in a deep understanding of the intersection of problem solving, critical thinking, social good, and how innovation ecosystems foster the creation of solutions to problems.  In addition to reading and writing about innovators, students will personally engage innovators who reside in Silicon Valley.",4 sh,Open to students in the third or fourth year of study.,Core Interdisciplinary Seminar,COR 402
https://elon.smartcatalogiq.com/en/2025-2026/academic-catalog/courses/cor-elon-core-curriculum/400/cor-4040,COR4040,Africans and African Development,"This course explores Africans and African development opportunities and challenges to thriving modern African economies. Potential course topics include: approaches to unlearning misconceptions about the continent and its people that are perpetuated in the mass media; ways to better understand African peoples and cultural underpinnings; the often overlooked contributions of Africa and Africans to the development of other countries of the world; the challenges and promise of Africa's transition from largely rural agricultural and pastoral societies to a majority urban-based, business-oriented, entrepreneurial and cell-phone wielding populous; and theories of development and effective aid (including Africans' self-help initiatives and investments back home from overseas and the importance of programs that target women and girls for assistance). This course is intended for upper-level students from a wide range of disciplines interested in Africa and international development. This course is writing intensive. Open to students in the third or fourth year of study. Counts toward African and African-American Studies, Geography, and Poverty and Social Justice minors.",4 sh,Open to students in the third or fourth year of study.,Core Interdisciplinary Seminar; Poverty and Social Justice Elective; African and African-American Studies Elective; IGS: Africa Regional Concentration; International Business Regional Area Course,COR 404
https://elon.smartcatalogiq.com/en/2025-2026/academic-catalog/courses/cor-elon-core-curriculum/400/cor-4060,COR4060,Women's Health Issues,"This course will identify a broad range of health issues that are either unique to women or of special importance to women. The roles that women play as both providers and consumers of health care will be examined. The student will be provided the opportunity to explore health care issues of women from adolescence through old age. The interface of gender, socio-economic advantage/ disadvantage, and minority status will be studied. A primary objective of this course is to enable the student to become an informed consumer of health care services. This course is writing intensive.  Open to students in the third or fourth year of study. Counts toward Public Health Studies and toward the Women's/Gender Studies minor.",4 sh,Open to students in the third or fourth year of study.,"Core Interdisciplinary Seminar; Women's, Gender, and Sexualities Studies Elective; Public Health Elective",COR 406
https://elon.smartcatalogiq.com/en/2025-2026/academic-catalog/courses/cor-elon-core-curriculum/400/cor-4050,COR4050,Prison Nation: Deconstructing the Prison Industrial Complex,"In a land that claims to be the greatest advocate of democracy and civil rights in the world, why are more prisons than schools being built? Why does America lead Western nations in the number of persons incarcerated? What factors account for the disproportionate number of minorities and the poor represented in America's criminal justice system? Why do women represent the fastest growing segment of the population going to jail? Is prison an actual deterrent to crime? Who are the people actually being incarcerated, the most serious offenders or those who have committed less serious offenses? Why has prison become a ""resort"" for some offenders? The course will utilize texts from various disciplinary perspectives to provide great springboards through which students might explore some of the complexities of criminal justice in the United States the criminalization of various segments of American society and the ways in which the nation and private corporations benefit from crime. This course is writing intensive. Open to students in the third or fourth year of study. Counts toward Public Health Studies major for students not using it for the COR capstone seminar.",4 sh,Open to students in the third or fourth year of study.,Core Interdisciplinary Seminar; Public Health Elective; Criminal Justice Elective,COR 405
https://elon.smartcatalogiq.com/en/2025-2026/academic-catalog/courses/cor-elon-core-curriculum/400/cor-4070,COR4070,Global Health Disparities,"This course will be an opportunity to investigate issues related to solving the health disparity problems within our country and around the world. We will discuss genetic engineering (including human cloning and tissue banks), insurance issues (Homo-economicus), the drug market, health care for the poor, major illnesses within categories for health disparities (cancer, cardio-vascular disease, diabetes, developmental diseases, etc.), and community awareness. In addition, we will sponsor a panel discussion by leaders in the areas of health disparities. This course is writing intensive. Open to students in the third or fourth year of study. Counts toward Public Health Studies.",4 sh,Open to students in the third or fourth year of study.,Core Interdisciplinary Seminar; Public Health Elective,COR 407
https://elon.smartcatalogiq.com/en/2025-2026/academic-catalog/courses/cor-elon-core-curriculum/400/cor-4100,COR4100,Look Who's Coming to Dinner,"Comedian Steve Allen created a television show titled “Meeting of Minds” where guests to a dinner party included some of the most famous, or infamous, people in world history. Imagine possible conversations between Mark Twain and Nelson Mandela on the treatment of minorities. How did the Catholic Church affect the work of Galileo, or influence the attitude of Paul Gauguin, or dictate the path of society in South America as seen in Allende’s historical novels? Even more, we tend to associate historical figures in narrow spheres of influence; can we extrapolate their opinions into a broader context, both within their own eras and beyond? This interdisciplinary seminar will explore the unforeseen connections between five historical figures – two writers, Mark Twain and Isabelle Allende; a politician, Nelson Mandela; a scientist, Galileo; and an aesthetic, Paul Gauguin from different times and places – brought together for an amazing dinner conversation. The goal of this seminar is to synthesize what that conversation will be and to produce a play bringing it to life.  This course is writing intensive. Open to students in the third or fourth year of study.",4 sh,Open to students in the third or fourth year of study.,Core Interdisciplinary Seminar,COR 410
https://elon.smartcatalogiq.com/en/2025-2026/academic-catalog/courses/cor-elon-core-curriculum/400/cor-4110,COR4110,The Maya Prophecies for 2012: Doomsday or a New Day?,"What is prophecy? How did the ancient Maya conceptualize time, and what place do prophecies have in their view of the universe? Why is the date December 21, 2012, so significant in Maya culture? What phenomena have the ancient Maya predicted for the period leading up to that date?  Have any of the predictions come true so far? What fact and fiction are included in the films, documentaries and other examples of popular culture that have appeared over the past few years associated with that date? In this interdisciplinary seminar, students will attempt to answer these questions by reading texts by and about the ancient Maya, reflecting on recent developments in astronomy, earth science and human interactions, and examining with a critical eye the manifestations of popular culture related to the 2012 date. This course is writing intensive. Open to students in the third or fourth year of study. Counts toward the Latin American Studies minor.",4 sh,Open to students in the third or fourth year of study.,Core Interdisciplinary Seminar; Latin America Studies Elective,COR 411
https://elon.smartcatalogiq.com/en/2025-2026/academic-catalog/courses/cor-elon-core-curriculum/400/cor-4140,COR4140,The Cold War and American Popular Culture,"There is little debate about the fact that anticommunism was a crucial force in twentieth-century American society, fueling a Cold War against the Soviet Union and its allies and periodically disrupting domestic politics and society through a series of “Red Scares.” In this course, we will go beyond politics and foreign policy, using television, films, and popular fiction during the period from the end of World War II through the middle of the 1960s to explore how the Cold War influenced American popular culture. This course is writing intensive. Open to students in the third or fourth year of study.",4 sh,Open to students in the third or fourth year of study.,Core Interdisciplinary Seminar,COR 414
https://elon.smartcatalogiq.com/en/2025-2026/academic-catalog/courses/cor-elon-core-curriculum/400/cor-4160,COR4160,Wealth and Poverty,This course will focus on the profound disparity between people who live in wealth and people who live in poverty at the beginning of the 21st century. Particular attention will be paid to moral responsibility and accountability of people in the First World to the problems of global inequality. This course is writing intensive. Open to students in the third or fourth year of study. Counts toward Peace and Conflict Studies and Poverty and Social Justice minors.,4 sh,Open to students in the third or fourth year of study.,Core Interdisciplinary Seminar; Poverty and Social Justice Elective; Peace and Conflict Studies Elective,COR 416
https://elon.smartcatalogiq.com/en/2025-2026/academic-catalog/courses/cor-elon-core-curriculum/400/cor-4150,COR4150,Why were these Books Banned,"Who controls what we read and view in the United States? How does the First Amendment of the Constitution protect our rights for accessing books and films? Where does it fall short? Under what context(s) has censorship been necessary and/or misused? This interdisciplinary seminar will examine a diverse array of banned books and controversial films throughout the history of the United States. Governmental decisions for banning media, as well as books banned by school districts and communities will be studied. Using historical, sociological, and political lenses, students will read/view and examine a variety of banned books and controversial films. Topics will include the freedom to read, the First Amendment, dynamics of power, the creation of the Motion Picture Association of America (MPAA), democracy and its implications, morality, and access for all demographics. Implications for policy will be made regarding the future of banning books and films. This course is writing intensive. Open to students in the third or fourth year of study.",4 sh,Open to students in the third or fourth year of study.,Core Interdisciplinary Seminar,COR 415
https://elon.smartcatalogiq.com/en/2025-2026/academic-catalog/courses/cor-elon-core-curriculum/400/cor-4180,COR4180,New York City: Living in the Global Community,"To call New York City a microcosm of the global community is no exaggeration.  The city is home to an estimated 800 languages, diplomatic missions from 193 nations, and 2.9 million foreign-born residents.  New York’s challenges mirror those of the global community, as well.  Rising income inequality, immigration, complex public health issues, and vulnerability in the face of climate change complicate New York City’s future.  Understanding New York City, then, helps us understand out world.  This course uses New York City as a microcosm to model and understand the diversity and complexity of global humanity, as this humanity attempts to live in a global culture.  We will explore the diversity of values that New Yorkers hold and examine important social, political and religious issues at play throughout the city, in order to analyze how these ideas can help us better understand our global community.  Enrollment is by application and there are additional costs for housing.",4 sh,Open to students in the third or fourth year of study.,Core Interdisciplinary Seminar,COR 418
https://elon.smartcatalogiq.com/en/2025-2026/academic-catalog/courses/cor-elon-core-curriculum/400/cor-4210,COR4210,"Peak Performance: Pumping Mind, Body and Spirit","This course will integrate knowledge from the social and physical sciences to show how the interaction, especially of the mind, body and spirit, is important to obtain peak performance in our endeavors. The term ""peak performance"" takes on different meanings depending on the discipline in which it is being discussed (exercise science vs. psychology vs. business). This course will discuss the different definitions and theories behind peak performance discuss common characteristics of ""peak performers"" and develop plans to help the student become a ""peak performer."" This course is writing intensive. Open to students in the third or fourth year of study.",4 sh,Open to students in the third or fourth year of study.,Core Interdisciplinary Seminar,COR 421
https://elon.smartcatalogiq.com/en/2025-2026/academic-catalog/courses/cor-elon-core-curriculum/400/cor-4300,COR4300,Food and the Environment,"This seminar will study the environmental, social, and global dimensions of modern food production, focusing on major issues of American food culture, including industrial vs. sustainable food production, food safety, obesity and other health issues, fast foods, organic foods, meat vs. vegetarian diet, and the Slow Food Movement. Does America have a distinctive national cuisine? How has the American diet changed? What would a seasonal and regional cuisine be like? How has food production been globalized? What are the environmental implications of industrial food production? What is the future of food? This course is writing intensive. Open to students in the third or fourth year of study.",4 sh,Open to students in the third or fourth year of study.,Core Interdisciplinary Seminar,COR 430
https://elon.smartcatalogiq.com/en/2025-2026/academic-catalog/courses/cor-elon-core-curriculum/400/cor-4260,COR4260,Identity and the Practice of Desire,"Identity is commonly understood as how we categorically present ourselves and know other people. However, through personal experiences, we know that who we are extends beyond mere identification. This course will critically explore identity as a more complex and intentional assertion of desires on people, places, events and the natural world to establish order (culture) and escapism. Examining critical text and such visual practices as surveillance, fashion, photography, and travel will provide insights into both diversity and objectification. This course is writing, reading, and image intensive. Open to students in the third or fourth year of study. Counts toward the Poverty and Social Justice minor.",4 sh,Open to students in the third or fourth year of study.,Core Interdisciplinary Seminar; Poverty and Social Justice Elective,COR 426
https://elon.smartcatalogiq.com/en/2025-2026/academic-catalog/courses/cor-elon-core-curriculum/400/cor-4290,COR4290,"Permaculture: Food, Culture and Sustainability","It is projected that our world will face increasing pressures on its capacity to maintain itself and ourselves as well. Central to this discussion is man's need for food, fiber, energy and shelter. This question is not only physical, but social as well. What choices will we need to make? What skills will we need to develop? Will our own personal and world views need to change to give the best probability of success? Permaculture offers design principles that provide for our needs through consciously designed landscapes, which mimic patterns and relationships found in nature. Permaculture also includes people, their buildings and the ways they organize themselves. Lessons from the first 10,000 years of agriculture, combined with permaculture principles and self and local community values will be explored and applied to a design for a sustainable future. This course is writing intensive. Open to students in the third or fourth year of study.",4 sh,Open to students in the third or fourth year of study.,Core Interdisciplinary Seminar,COR 429
https://elon.smartcatalogiq.com/en/2025-2026/academic-catalog/courses/cor-elon-core-curriculum/400/cor-4330,COR4330,Coming Home: the Impact of Studying Abroad,"This course encourages and facilitates the in-depth reflection on and analysis of the experience of spending time abroad and then re-entering one's home culture. Students will be asked to contribute to this seminar by presenting appropriate details from their experience(s) abroad and to collaborate with classmates to compare experiences and, by the end of the term, arrive at a more comprehensive understanding of the patterns that exist when all classmates experiences are examined as a whole. The unifying concepts that will guide the course include culture, culture shock, reverse culture shock, moral career (in the way sociologist E. Goffman uses this term), ethnocentrism, cultural relativity, self-identity, impression management, and compartmentalization. This course is specifically designed for those Elon students who have spent a semester or winter term abroad. This course is writing intensive. Open to students in the third or fourth year of study.",4 sh,Open to students in the third or fourth year of study.,Core Interdisciplinary Seminar; IGS: Global Studies Area,COR 433
https://elon.smartcatalogiq.com/en/2025-2026/academic-catalog/courses/cor-elon-core-curriculum/400/cor-4310,COR4310,Investigating Crime Fiction: Taming the Sleuth,"This course investigates crime, law, and socio-economic status through the genre of crime fiction. Students will study the elements of basic criminal law, investigation and evidentiary analysis through reading a selection of fiction and non-fiction literary works primarily on crimes, crime scenes, and detectives.  The readings will help students make sense of the many agendas that might influence the outcome of a criminal investigation including political, social-economic, and survival agendas of the suspects. The course allows students to explore crime through literary works ranging from Agatha Christie's Hercule Poirot to Charles Finch's Detective Charles Lenox. This course is writing intensive. Open to students in the third or fourth year of study.",4 sh,Open to students in the third or fourth year of study.,Core Interdisciplinary Seminar,COR 431
https://elon.smartcatalogiq.com/en/2025-2026/academic-catalog/courses/cor-elon-core-curriculum/400/cor-4340,COR4340,Gender in Archaeology,"This class will address the topic of gender in the ancient world from an interdisciplinary perspective, with a special focus on archaeology. We will explore the topic of engendering archaeology from theoretical, methodological, and data driven perspectives. We will examine gender and its expression in the ancient world in these specific ways: the theoretical underpinnings of feminist theory; the historical development of an “engendered” past; the representation of gender in archaeology and art history by scholars; the representation of gender in the ancient world by its culturally relevant inhabitants; the methodologies employed in the investigation of gender in archaeology; and finally the impact of feminist theory on the profession or practice of archaeology.  In examining these intersections of gender and the ancient world much attention will be paid to the complexities of representation, as seen in the past, present, and future. This course is writing intensive. Open to students in the third or fourth year of study.",4 sh,Open to students in the third or fourth year of study.,Core Interdisciplinary Seminar,COR 434
https://elon.smartcatalogiq.com/en/2025-2026/academic-catalog/courses/cor-elon-core-curriculum/400/cor-4320,COR4320,The Boldly Belong: Space Exploration and Environmentalism as Sustainable Quests,"What do tree-huggers and rocket boys have in common? Space exploration and environmentalism are both sustainability quests dedicated to protecting or seeking out life  and securing a future for life in general and for humanity in particular. This course combines philosophy with the sciences to examine how the quest for sustainable life on an imperiled Earth and the quest for sustainable exploration of space have much to say to each other, even as their advocates champion very different paradigms for global priorities and funding. This course is writing intensive. Open to students in the third or fourth year of study.",4 sh,Open to students in the third or fourth year of study.,Core Interdisciplinary Seminar,COR 432
https://elon.smartcatalogiq.com/en/2025-2026/academic-catalog/courses/cor-elon-core-curriculum/400/cor-4390,COR4390,Faces of Change: Improbable Champions of Free Speech,"What do an American Nazi, a pornographer and a homophobic Baptist minister have in common?  A racist, anti-Semitic publisher? A flag-burning anarchist? A Communist Labor Party organizer? They are among society's misfits and hated targets of both the right and left. They are champions of the First Amendment. Disdained heroes. Yet heroes, nonetheless. Their stories demonstrate the extreme challenge of living in and maintaining a democratic society. And their stories demonstrate that it is not the quiet, not the meek, not the submissive who protect the unprecedented freedoms we enjoy in this Democratic experiment we call America. Through print, video, and audio this course examines the activism of individuals the likes of Larry Flynt, Fred Phelps, and Frank Colin who have stepped forward to challenge society's norms and carve pathways to new freedoms. This course is writing intensive. Open to students in the third or fourth year of study.",4 sh,Open to students in the third or fourth year of study.,Core Interdisciplinary Seminar,COR 439
https://elon.smartcatalogiq.com/en/2025-2026/academic-catalog/courses/cor-elon-core-curriculum/400/cor-4380,COR4380,The Science of Happiness,"This course will examine recent discoveries in the scientific study of happiness, and place the idea of happiness within historical and cultural context. The course will integrate findings from sociology, psychology, anthropology and the natural sciences (neuroscience, biology, behavioral genetics) to explore questions about happiness. The class will pull on these literatures to answer questions about how happiness is defined and measured, whether and why some individuals and cultures experience more happiness than others, and whether happiness is biologically determined. The class will expose the challenges and difficulties inherent in the scientific study of happiness and students will learn how to critically evaluate the research. The concrete implications of the empirical literature on happiness will be addressed and students will consider both the benefits and possible detriments of applying the research in therapeutic and/or policy settings. This course is writing intensive. Open to students in the third or fourth year of study.",4 sh,Open to students in the third or fourth year of study.,Core Interdisciplinary Seminar,COR 438
https://elon.smartcatalogiq.com/en/2025-2026/academic-catalog/courses/cor-elon-core-curriculum/400/cor-4360,COR4360,Latinos in the United States,"Latinos are the fastest growing immigrant community in the United States. They not only help keep the U.S. economy afloat but, as we have witnessed in past elections, they also help determine the outcome of the presidential race. How has the Latino community changed in the United States in the last 20 years? What are the main contributions of Latinos to life in the United States? How does the Latino community influence the U.S. mass media and how does the mass media portray the Latino community in the United States? How has the Latino community transformed the landscape in North Carolina and in Alamance County, for that matter? This course helps you analyze and understand the realities and complexities of the Latino community in the United States. This course is writing intensive. Open to students in the third or fourth year of study.",4 sh,Open to students in the third or fourth year of study.,Core Interdisciplinary Seminar; Latin America Studies Elective,COR 436
https://elon.smartcatalogiq.com/en/2025-2026/academic-catalog/courses/cor-elon-core-curriculum/400/cor-4350,COR4350,Art through a Mathematical Lens,"This course provides an introduction to the connections between mathematics and visual arts.  Topics may include the golden ratio, geometry, tessellations, computer-generated animation, and fractals, and students will explore how each of these topics influences (and is influenced by) works of art. This introduction to the connections between mathematics and visual arts is designed to highlight how the two subjects affect perception and shape our individual viewpoints. This course is writing intensive. Open to students in the third or fourth year of study.",4 sh,Open to students in the third or fourth year of study.,Core Interdisciplinary Seminar,COR 435
https://elon.smartcatalogiq.com/en/2025-2026/academic-catalog/courses/cor-elon-core-curriculum/400/cor-4370,COR4370,Science in the Media: Exploring Current Science Issues,"This course will explore current scientific topics as they are presented in the media. As the media, in its various forms, has substantial influence over what the general public learns and understands about scientific issues, the importance of analyzing information that can be obtained from the media will be investigated. During the course of our study, we will read from traditional and more current news sources; in addition, more creative and/or artistic sources of scientific information will be examined. We will concentrate largely on science issues that directly impact society in general, and humans in particular, and how the media can portray or distort these issues that are of concern to large segments of society. In addition, we will critically analyze the historical, ethical, political, and societal considerations of how the media presents these topics, and whether these portrayals are accurate or can be subject to interpretation, particularly over time and context. An integral part of this course will include determining the accuracy of scientific reporting, and how that accuracy can be determined and confirmed (and whether accuracy is necessary or even relevant in all types of media).  This course is writing intensive. Open to students in the third or fourth year of study.",4 sh,Open to students in the third or fourth year of study.,Core Interdisciplinary Seminar,COR 437
https://elon.smartcatalogiq.com/en/2025-2026/academic-catalog/courses/cor-elon-core-curriculum/400/cor-4400,COR4400,A Liberal Education- What is it Good for Anyways?,"This course is designed to investigate the core historical concepts, and the changes those concepts have undergone, to a Liberal Arts education. We will also examine and reflect upon the nature and importance of a liberal education and how having one influences a person's life journey. In addition, we will use the liberal education skills of reading deeply, analytic writing, open dialogue, questioning, and critical thinking to discover meaning in works that require multi-leveled interpretation. Ultimately the course aims to provide a framework by which to understand, integrate, and internalize what it means to be a liberally educated person after four years at Elon and how such an education isn't limited to the confines of a four-year degree, but rather a way of approaching life. This course is writing intensive. Open to students in the third or fourth year of study.",4 sh,Open to students in the third or fourth year of study.,Core Interdisciplinary Seminar,COR 440
https://elon.smartcatalogiq.com/en/2025-2026/academic-catalog/courses/cor-elon-core-curriculum/400/cor-4410,COR4410,"Science and Humanity - War, Peace, and Prosperity","This interdisciplinary seminar will explore ways in which humans have manipulated the world around them through chemistry, and will examine, specifically, the historical and societal impacts those interactions have had throughout time, and continue to have in present day. Major topics of this course include: warfare, food and agriculture, energy usage and sustainability, medicine, and leisure and entertainment. For each topic we will consider various time periods and various cultures to better understand the current status of our planet and its people. Ultimately, we will use this understanding to envision how each topic might play out in the near and distant future. This course is writing intensive. Open to students in the third or fourth year of study.",4 sh,Open to students in the third or fourth year of study.,Core Interdisciplinary Seminar; IGS: Global Studies Area,COR 441
https://elon.smartcatalogiq.com/en/2025-2026/academic-catalog/courses/cor-elon-core-curriculum/400/cor-4420,COR4420,"Food, Health, and Society in Global Perspective","Food is good to eat, but as anthropologist Claude Levi-Strauss has said, it is also “good to think!” The focus of this interdisciplinary capstone course is the cross-cultural study of food and health. The course is organized around one big question: Why do humans eat what we eat? In this course we explore this question using case studies and a variety of disciplinary lenses. Students will consider the ways that both concepts of “food” and “health” are culturally constructed and subject to various social influences. We draw upon diverse perspectives from anthropology, nutrition, psychology, poverty and social justice studies, women’s and gender studies, and global health. This course will serve as a capstone course for the Elon Core Curriculum. The Capstone Project will be an online academic portfolio that showcases students’ intellectual journey in the liberal arts along with and reflections on our BIG question, using various modes of inquiry, ethical reasoning, personal and social responsibility, and global citizenship. This course is writing intensive. Open to students in the third or fourth year of study.",4 sh,Open to students in the third or fourth year of study.,"Core Interdisciplinary Seminar; IGS: Global Studies, Global Development, Environment, and Health Area; IGS: Global Studies, Global Culture and Society Area",COR 442
https://elon.smartcatalogiq.com/en/2025-2026/academic-catalog/courses/cor-elon-core-curriculum/400/cor-4430,COR4430,Poverty and Social Justice,"As an interdisciplinary capstone seminar for the Elon Core Curriculum, this course is designed to examine the topics of poverty and social justice from a variety of disciplinary perspectives while prompting students to consider their own relationship to the causes and solutions to poverty both domestically and internationally. This course also serves as the capstone experience for the Poverty and Social Justice program. In this capacity, the course helps students integrate their learning about poverty over the course of their program and helps deepen student's knowledge of the scholarly treatments of poverty by examining and discussing poverty research from a variety of disciplinary perspectives including economics, legal studies, philosophy, politics, and policy analysis. Student work will focus on examining how poverty alleviation can be engaged from multiple disciplinary approaches and will include particular attention to practical strategies for pursuing poverty alleviation. The goal of the capstone course for both General Studies students and PSJ minors is to help students think in creative and critical ways about how their career pathways and civic engagement opportunities after graduation might contribute to poverty alleviation. This course is writing intensive. Open to students in the third or fourth year of study. Counts as a capstone course in the Poverty and Social Justice minor.",4 sh,Open to students in the third or fourth year of study.,"Core Interdisciplinary Seminar; IGS: Global Studies, Global Justice and Human Rights Area; Poverty and Social Justice Elective",COR 443
https://elon.smartcatalogiq.com/en/2025-2026/academic-catalog/courses/cor-elon-core-curriculum/400/cor-4450,COR4450,Global Partnership through Service,"This course serves as a capstone experience for Scholars in the Periclean Scholars program. In this course, Scholars will continue to learn about the politics, culture, history, language, social issues, and international relations of the country of focus. Scholars will also continue to develop partnerships related to the Class mission and goals. Scholars will be required to demonstrate a broad command of the theoretical and methodological tool sets that they have learned from prior Periclean courses, classes in the Core Curriculum, and from work their own discipline(s) of study. Scholars will be expected to communicate these perspectives to other Scholars in their cohort, and to effectively use these acquired skills to meaningfully contribute to the various class projects and goals. Scholars will also explore issues related to grant writing, humanitarian aid, and sustainable program development. This course is writing intensive. Open to senior Periclean Scholars.",4 sh,Open to students in the third or fourth year of study.,Core Interdisciplinary Seminar,Winter
https://elon.smartcatalogiq.com/en/2025-2026/academic-catalog/courses/cor-elon-core-curriculum/400/cor-4460,COR4460,The Lives of the Great Composers,"The great composers of Western Art Music significantly impacted and were impacted by contemporary global culture. Mozart, Haydn, Beethoven, and other musical geniuses helped to shape political, religious, and societal ideals that have defined the past two centuries. In their own time they were pop music idols, and they were affected by societal, political, and religious influences just as popular musicians still are today. The great composers’ enduring musical legacy is still incredibly popular today across the globe, often in subtle and unrecognized ways. This course will explore the past and present impact of the great “classical music” composers as they lived it: through an interdisciplinary focus. Students will travel to Vienna, Salzburg, Munich, Budapest, and other renowned musical meccas that influenced the contemporary arts and sciences in integral ways. Open to students in the third of fourth year of study.",4 sh,Open to students in the third or fourth year of study.,Core Interdisciplinary Seminar; German Studies Elective,COR 446
https://elon.smartcatalogiq.com/en/2025-2026/academic-catalog/courses/cor-elon-core-curriculum/400/cor-4470,COR4470,The Music of Miles Davis,"Jazz musician, composer, innovator, and trumpeter Miles Davis (1926-1991) is arguably the most significant jazz musician who ever lived. He personally changed the course of jazz five times. Not only are his innovations still being followed and performed by musicians everywhere, but his music reflected his times more so than any pop, folk, rock, blues or classical musician and/or composer. This course will look in-depth at Miles' music and how it reflected American culture in each of the decades of the last half of the 20th century. Readings, videos and recordings will not only cover the music of Miles and his contemporaries, but will also show how Miles kept pace with the turbulent society during his times. Simultaneously, students will investigate Miles' worldwide influence. The course will culminate in a project melding the students' knowledge gained from their years of specific collegiate areas of study with music's worldwide reach. This course is writing intensive. Open to students in the third or fourth year of study. Counts as a 300-400 level MUS elective for music majors who are not counting it as their COR capstone.",4 sh,Open to students in the third or fourth year of study.,Core Interdisciplinary Seminar,COR 447
https://elon.smartcatalogiq.com/en/2025-2026/academic-catalog/courses/cor-elon-core-curriculum/400/cor-4490,COR4490,Personalized Medicine,"This course explores how recent developments in technology will influence the customization of healthcare into what is termed personalized medicine and what impact that will have on society. In this course, we will briefly cover basic principles of molecular genetics and genomics and then study how advances in DNA technology and our understanding of genetic variation are making it possible to create a new level of personalized diagnosis, treatment, and prevention of disease. We will explore, incorporate and synthesize economic, social, ethical, legal, and policy issues surrounding personalized medicine. This course is writing intensive. Open to students in the third or fourth year of study.",4 sh,Open to students in the third or fourth year of study.,Core Interdisciplinary Seminar,COR 449
https://elon.smartcatalogiq.com/en/2025-2026/academic-catalog/courses/cor-elon-core-curriculum/400/cor-4480,COR4480,"Fact, Fiction, Politics, and Love: the Aaron Sorkin Experience","This course uses the films, television programs, and other work by writer Aaron Sorkin (The West Wing, The Newsroom, The Social Network) to accomplish several interdisciplinary goals. Among the topics to be considered: the economic implications of technological advancement, gender in the workplace, and the ethics of reconstructing reality for the sake of commercial benefit. Students will analyze contemporary U.S. political and economic history to determine how Sorkin juxtaposes fact and fiction to construct his stories, mixing real and invented people and events. Also, students will examine how, as a writer/producer, Sorkin uses rapid fire, poignant, and humor (dubbed Sorkin-esque) writing to establish character identities and storylines. Additionally, using Sorkin's work as inspiration, students will complete historical, persuasive, and script/screen writing. This course is writing intensive. Open to students in the third or fourth year of study.",4 sh,Open to students in the third or fourth year of study.,Core Interdisciplinary Seminar,COR 448
https://elon.smartcatalogiq.com/en/2025-2026/academic-catalog/courses/cor-elon-core-curriculum/400/cor-4520,COR4520,Theaters of the Mind,"This course will examine the relationship between psychoanalytic theories of the mind and theatrical theories of the psyche. What is the relationship between these two fields for which “catharsis” was one of the foundational concepts, and how do the two fields consider the therapeutic value of this term? If the mind was often represented as a theatrical space by psychoanalytic theorists and clinicians, how have dramatists and contemporary theater practitioners attempted to use the stage as a metaphorical representation of psychic events? In this course, students will examine foundational texts by Freud and Aristotle, contemporary psychoanalytic theories by Joyce MacDougall, Françoise Davoine and Jean-Max Gaudillère, and plays spanning from the late nineteenth century to today.",4 sh,Open to students in the third or fourth year of study.,Core Interdisciplinary Seminar,COR 452
https://elon.smartcatalogiq.com/en/2025-2026/academic-catalog/courses/cor-elon-core-curriculum/400/cor-4500,COR4500,"Craving, Desire and Wisdom in the Age of Amazon","Plato argued that virtuous humans can resist appetitive desires, understanding that what appeals to our senses and desires as “good” may be quite the opposite. However, Plato never had to face a late night Papa John’s commercial, a media blitz for the next Halo, or the Amazon recommendation list.  As Omar Manejwala illustrates, nor did the Athenian have to consider corporations, who spend orders of magnitude more than universities and the government to study our brains to gain proprietary information on how we come to want and even crave, and how to best make us desire what they wish to sell us. Has our reason been defeated, or can virtuous education still make us capable of resisting our base appetites and the McDonalds dollar menu? We will study the methods and strategies of the combatants in this battle for our minds and money and try to determine if we are more Plato than Homer Simpson. This course is writing intensive. Open to students in the third or fourth year of study.",4 sh,Open to students in the third or fourth year of study.,Core Interdisciplinary Seminar,COR 450
https://elon.smartcatalogiq.com/en/2025-2026/academic-catalog/courses/cor-elon-core-curriculum/400/cor-4510,COR4510,Virtues and Vices,"Lust, Greed, Gluttony, Pride, Envy, Anger, Sloth—are they “deadly sins” that rob humans of power and happiness or are they the very spice of life? Temperance, Justice, Wisdom, Fortitude, Faith, Hope, Love—are they the virtues that guarantee real joy and success or are they self-limiting ideals that keep people down? This course’s exploration of the Virtues and Vices will use art, literature, film, and music as well as materials from religious studies, philosophy, and history to examine this fascinating subject and the questions it raises. This course is writing intensive. Open to students in the third or fourth year of study.",4 sh,Open to students in the third or fourth year of study.,Core Interdisciplinary Seminar,COR 451
https://elon.smartcatalogiq.com/en/2025-2026/academic-catalog/courses/cor-elon-core-curriculum/400/cor-4530,COR4530,Reclaiming Democracy,"Reclaiming Democracy draws on multiple academic disciplines to examine and model democracy. The course brings together students from Bennett College, Elon University, Greensboro College, Guilford College, North Carolina Agricultural and Technical State University, the University of North Carolina, Greensboro, and the greater Greensboro community. To understand what we mean by democracy we explore the different traditions that drive public policy, governance, and citizen engagement. As we turn our gaze toward democracy in Greensboro more specifically, we consider the city's rich history in civil rights and economic justice, as well as the even more powerful desire for civility that has impacted our ability to have deep, community-wide discussion of the area's struggles. Participants in the class learn together within a large classroom and also in smaller study groups. To set the tone for communal engagement, academic learning is augmented with other experiences, including music, stories, film, and other creativity activities. This course is writing intensive. Open to students in the third or fourth year of study.",4 sh,Open to students in the third or fourth year of study.,Core Interdisciplinary Seminar,COR 453
https://elon.smartcatalogiq.com/en/2025-2026/academic-catalog/courses/cor-elon-core-curriculum/400/cor-4540,COR4540,Diversity and Social Justice: Building Cultural Competency,"Through exploring central issues in diversity and social justice, this course aims to present the importance of critical self-reflection, cultural competency and personal responsibility in helping college students become cultural brokers. Social justice theory will be examined, as well as various aspects of diversity, in order to help students interact, communicate, work, and serve in a diverse world. Special attention will be given to the role of power, culture, privilege and oppression, in helping students become culturally competent. Students will have the opportunity to explore how diversity and social justice affect personal, academic, and professional goals. This course is writing intensive. Open to students in the third or fourth year of study.",4 sh,Open to students in the third or fourth year of study.,Core Interdisciplinary Seminar; Public Health Elective,COR 454
https://elon.smartcatalogiq.com/en/2025-2026/academic-catalog/courses/cor-elon-core-curriculum/400/cor-4560,COR4560,Realistic Environmental Solutions,"In this course we use simulation games, debates, and other classroom activities to take on the biggest environmental issues ever faced by humanity. We examine the benefits and costs of industrialization, how free markets create both solutions and dilemmas, and realistically how to address large-scale environmental problems such as climate change and species extinctions. We will explore the viewpoints of diverse stakeholders as we seek to understand and navigate relevant disciplines including history, economics, environmental science, psychology, entrepreneurship, and public policy. We will consider the tradeoffs that inevitably occur at the interface of the economy, the environment, and society, and how human societies might thrive in the future.",4 sh,Open to students in the third or fourth year of study.,Core Capstone Integrative Seminar,FallSummer
https://elon.smartcatalogiq.com/en/2025-2026/academic-catalog/courses/cor-elon-core-curriculum/400/cor-4550,COR4550,"Sustainable Development: Social, Economic, and Environmental Challenges and Opportunities","This course explores the challenges and opportunities ahead in creating an environmentally safe and socially just space for humanity, which fosters inclusive and sustainable economic development. The course focuses on the development and management of sustainable enterprises as the means for addressing these challenges and opportunities, including, public and private for-profit businesses, governmental, non-governmental, and non-profit organizations. Students will further their knowledge and understanding in preparation for their roles and contributions as global citizens. They will create a community of collaborative learning about developing and managing sustainable enterprises which addresses and integrates their majors and topics of interest within the three areas of sustainability: social well-being, economic well-being, and environmental well-being, within the means of the earth's limited natural resources and the critical thresholds which sustain ecosystems and human life.  This course is writing intensive. Open to students in the third or fourth year of study.",4 sh,Open to students in the third or fourth year of study.,Core Interdisciplinary Seminar,COR 455
https://elon.smartcatalogiq.com/en/2025-2026/academic-catalog/courses/cor-elon-core-curriculum/400/cor-4690,COR4690,Women in Music,"This course will look at the lives and music of women musicians, composers and performers and the social structure within which they lived. The course will allow students to investigate the artistic impact of historical events and trends in not only America, but also the world, and how women in different eras were able to interact musically. This course is writing intensive. Open to students in the third or fourth year of study. Counts toward Women's/Gender Studies minor. Counts as a 300-400 level MUS elective for music majors who are not counting it as their COR capstone.",4 sh,Open to students in the third or fourth year of study.,"Core Interdisciplinary Seminar; Women's, Gender, and Sexualities Studies Elective",COR 469
https://elon.smartcatalogiq.com/en/2025-2026/academic-catalog/courses/csc-computer-science/2000/csc-2300,CSC2300,Computer Science II,"This course continues the study of object-oriented programming with an emphasis on graphical user interfaces, event handling, inheritance, polymorphism, basic data structures, software engineering, recursion and the social context of computing.",4 sh,CSC 1300,Science,CSC 230
https://elon.smartcatalogiq.com/en/2025-2026/academic-catalog/courses/csc-computer-science/300/csc-3123,CSC3123,Web Development,"This course introduces concepts and methodologies to design and implement dynamic Web applications. Students will use a variety of industry-standard technologies. Topics include front-end development, including design, layout, and programming user interaction, as well as an introduction to back-end programming.",4 sh,CSC 2300,Science; Advanced Studies,Fall
https://elon.smartcatalogiq.com/en/2025-2026/academic-catalog/courses/csc-computer-science/300/csc-3300,CSC3300,Algorithm Analysis,Students analyze structures and appropriate algorithms to determine the amount of resources necessary to execute the algorithm. Students will explore algorithmic approaches for problem solving and theoretical techniques for arguing efficiency.,4 sh,"CSC 2300, MTH 2410",Science; Advanced Studies,CSC 331
https://elon.smartcatalogiq.com/en/2025-2026/academic-catalog/courses/csc-computer-science/300/csc-3320,CSC3320,Programming Languages,"This course provides an introduction to the theory and practice of formal languages. The topics of automata theory, grammar formalisms and Turing machines provide the theoretical foundation for practical issues such as data typing, control structures and parameter passing. Programming assignments involve the use of several languages.",4 sh,"CSC 2300, MTH 2410",Science; Advanced Studies,
https://elon.smartcatalogiq.com/en/2025-2026/academic-catalog/courses/csc-computer-science/300/csc-3415,CSC3415,Theory of Computation,"In this introduction to theoretical computer science and analysis of discrete mathematical structures that find application in computer science, topics may include predicate calculus, groups, coding theory, graphs, trees, formal languages, grammars, finite state automata, Turing machines and complexity theory.",4 sh,"CSC 1300, MTH 1510, MTH 2410",Science; Advanced Studies,CSC 351
https://elon.smartcatalogiq.com/en/2025-2026/academic-catalog/courses/csc-computer-science/300/csc-3435,CSC3435,Secure Coding Design and Methodology,"As software code complexity rises, so too does the likelihood of an attacker finding and exploiting vulnerabilities. This interactive course explores key vulnerability categories that pervade software development, including code injection, cross-site scripting, insecure cryptographic algorithms, and others. Defensive coding practices and methodologies will be discussed and students will have the opportunity to remediate these classes of vulnerabilities on a Web-based software application.",4 sh,CSC 2300,"Advanced Studies, Science",
https://elon.smartcatalogiq.com/en/2025-2026/academic-catalog/courses/csc-computer-science/300/csc-3465,CSC3465,Software Design,"Well-designed software is code crafted to be maintained as easily as possible.  This course will teach techniques of testing code, debugging code, and designing object-oriented inheritance hierarchies and interfaces that promote software reuse and extensibility. The course is heavily project-based.",4 sh,CSC 2300,Science; Advanced Studies,4625
https://elon.smartcatalogiq.com/en/2025-2026/academic-catalog/courses/csc-computer-science/400/csc-4444,CSC4444,Artificial Intelligence,"This course is an introduction to the area of artificial intelligence systems. Students will learn concepts of knowledge representation, reasoning, acting under uncertainty and learning. Applications studied will include game playing, natural language and expert systems.",4 sh,CSC 2300,Science; Advanced Studies; Neuroscience Elective,CSC 410
https://elon.smartcatalogiq.com/en/2025-2026/academic-catalog/courses/csc-computer-science/400/csc-4422,CSC4422,Data Mining and Machine Learning,"This course provides an introduction to the concepts of data mining and machine learning. Students will be introduced to the many steps in the data mining process including: collection, cleaning, aggregation, transformation, mining and analysis, evaluation, presentation. Analysis techniques include: decision trees, clustering, Bayesian classifiers, text mining, association rules, social network analysis.",4 sh,CSC 3211 and either CSC 2300 or instructor permission,Science; Advanced Studies,Spring
https://elon.smartcatalogiq.com/en/2025-2026/academic-catalog/courses/csc-computer-science/400/csc-4510,CSC4510,High Performance Computing,This course gives an introduction to high performance computing and its applications within science and engineering. The main emphasis of the course is on techniques and tools for efficiently solving large and computationally intensive problems on parallel computers.,4 sh,CSC 3300,Science; Advanced Studies,CSC 431
https://elon.smartcatalogiq.com/en/2025-2026/academic-catalog/courses/csc-computer-science/400/csc-4985,CSC4985,Internship in Computer Science,Advanced work experiences in computer science are offered on an individual basis when suitable opportunities can be arranged.,1-4 sh,Permission of instructor.,Science; Advanced Studies; Experiential Learning Requirement; Internship,CSC 481
https://elon.smartcatalogiq.com/en/2025-2026/academic-catalog/courses/csc-computer-science/400/csc-4999,CSC4999,Research,Students engage in undergraduate research under the direction of a computing sciences faculty member.,1-4 sh,Eligibility as determined by the undergraduate research guidelines of Elon University and approval by the department.,Science; Experiential Learning Requirement; Advanced Studies,CSC 499
https://elon.smartcatalogiq.com/en/2025-2026/academic-catalog/courses/cta-cinema-and-television-arts/2000/cta-2160,CTA2160,Writing for Cinema and Television,"Writing for cinema and television requires mastery of story, structure and format. This course helps students harness their imaginations to write scripts for multiple forms of entertainment media, including short films, feature films, and TV formats.",4 sh,COM 1000,Professional Writing Elective,FallSpring
https://elon.smartcatalogiq.com/en/2025-2026/academic-catalog/courses/cta-cinema-and-television-arts/2000/cta-2600,CTA2600,Comedy Writing,"Students explore principles and techniques involved in writing, performing, and producing comedic content. This course helps students sharpen their tools in observation, timing, and voice to create comedy for multiple forms of entertainment, including: standup sets, sketch writing, writing comedic sketches and shorts.",2,None,Cinema and Television Arts Elective,Summer
https://elon.smartcatalogiq.com/en/2025-2026/academic-catalog/courses/cta-cinema-and-television-arts/2000/cta-2601,CTA2601,Comedy Production,"Students explore principles and techniques involved in adapting, producing, and performing comedic content for screen. This course examines theories of shooting and editing for comedy, and students apply these concepts to the production of a group short work.",2,None,Cinema and Television Arts Elective,Summer
https://elon.smartcatalogiq.com/en/2025-2026/academic-catalog/courses/cta-cinema-and-television-arts/3000/cta-3650,CTA3650,Editing the Moving Image,"Students learn the concepts and techniques of digital video editing for broadcast and cinema. The course examines the historical and theoretical evolution of editing, and students complete projects that require mastery of video editing techniques.",4 sh,COM 2200,Multimedia Authoring Elective,FallSpring
https://elon.smartcatalogiq.com/en/2025-2026/academic-catalog/courses/dan-dance/200/dan-2020,DAN2020,Somatic Theories II,This course is a continuation ofDAN 1020with additional focus on experiential anatomy: moving with awareness through the anatomy of motion. Special attention is placed on achieving balance through the action of key muscles of the trunk and hips and the alignment of the skeleton to gravity through all of the joints. The theories of Moshe Feldenkrais and somatic yoga will be integrated with the study of motor coordination patterns as related to expressive movement.,4 sh,DAN 1020 with a grade of B,Expression,DAN 202
https://elon.smartcatalogiq.com/en/2025-2026/academic-catalog/courses/dan-dance/200/dan-2120,DAN2120,Pointe I Technique,"In this course, students focus on developing intermediate pointe work through class exercises. Attention is placed on alignment, strength building, musicality, expression, performance, and aesthetic understanding of ballet and pointe work. Students will learn and perform ballet variations from the Romantic, Classical, Neo-Classical and Contemporary eras.",1 sh,"DAN 2800 with a grade of B""; Dance Performance and Choreography Major only or by permission of the dance program coordinator",Expression,DAN 203
https://elon.smartcatalogiq.com/en/2025-2026/academic-catalog/courses/dan-dance/200/dan-2230,DAN2230,Dance Ensemble,"Students accepted into this course will perform in departmental dance concerts and must be co-registered in a technique class, preferably at the intermediate or advanced level.",1 sh,Admission by audition only,Expression,DAN 223
https://elon.smartcatalogiq.com/en/2025-2026/academic-catalog/courses/dan-dance/200/dan-2420,DAN2420,African Dance II,"Intermediate study of the cultural history, movement, and rhythmic vocabulary of West African dance. In this course students will learn complex dances from a number of different ethnic cultures in Guinea, Mali, and Senegal, West Africa. The historical, social, cultural, and/or religious contents of each dance will be presented. Focus will be given to mastery of the texture, effort, shape, and dynamics within the choreography.",1 sh,DAN 1420,Expression,FallSpring
https://elon.smartcatalogiq.com/en/2025-2026/academic-catalog/courses/dan-dance/200/dan-2240,DAN2240,Men's Dance Technique,"This course focuses on the development and strengthening of the male dancer's technical execution, performance and artistic expression. Attention is placed on alignment, balanced strength and flexibility, coordination, speed, stamina, musicality and expression.",1 sh,DAN 1810 with a grade of B,Expression,DAN 225
https://elon.smartcatalogiq.com/en/2025-2026/academic-catalog/courses/dan-dance/200/dan-2310,DAN2310,Contemporary Modern III,"In this course, students focus on the qualitative aspects of contemporary modern movement and develop speed in movement analysis and synthesis. Attention is placed on alignment, musicality, expression and aesthetic understanding of the genre.",1 sh,Placement audition required,Expression,
https://elon.smartcatalogiq.com/en/2025-2026/academic-catalog/courses/dan-dance/200/dan-2330,DAN2330,Contemporary Modern IV,This course provides further study in applied contemporary modern dance instruction for the students who need additional work at the intermediate level for refinement of skills and a more in-depth technical development before promotion to the advanced level.,1 sh,"DAN 2310 with a grade of B""",Expression,
https://elon.smartcatalogiq.com/en/2025-2026/academic-catalog/courses/dan-dance/200/dan-2400,DAN2400,Tap II,"This course continues to focus on the aspects ofDAN 1400plus the introduction of contemporary vocabulary, flash work, improvisation, polyrhythms and choreography.",1 sh,DAN 1400 or permission of instructor,Expression,DAN 205
https://elon.smartcatalogiq.com/en/2025-2026/academic-catalog/courses/dan-dance/200/dan-2350,DAN2350,Dance Composition II: Choreographic Principles and Movement Approaches,"This course emphasizes the elements of dance composition, including time, dynamics, design, space, energy, and rhythm. Students will explore these elements through compositional studies and apply this knowledge through the creation of an original solo and a duet. The professor and fellow students will give guided choreographic feedback.",4 sh,DAN 2300,Expression,
https://elon.smartcatalogiq.com/en/2025-2026/academic-catalog/courses/dan-dance/200/dan-2810,DAN2810,Ballet IV,This course provides further study in applied ballet dance instruction for the students who need additional work at the intermediate level for refinement of skills and a more in-depth technical development before promotion to the advanced level.,1 sh,DAN 2800 with a grade of B,Expression,DAN 216
https://elon.smartcatalogiq.com/en/2025-2026/academic-catalog/courses/dan-dance/200/dan-2800,DAN2800,Ballet III,"In this course, students focus on developing technical ballet skills while simultaneously expanding appreciation for ballet. Attention is placed on alignment, musicality, expression and aesthetic understanding of the genre.",1 sh,Placement audition required,Expression,DAN 206
https://elon.smartcatalogiq.com/en/2025-2026/academic-catalog/courses/dan-dance/300/dan-3190,DAN3190,The Fosse Legacy,"Explore the technique, style and work of the legendary Bob Fosse, one of the most successful, innovative and influential Broadway choreographers of all time through an intensive combination of practical classes, artistic performance and research. For the serious and advanced dancer.",4 sh,DAN 3500 or permission of instructor.,Expression; Advanced Studies; American Studies Elective,DAN 319
https://elon.smartcatalogiq.com/en/2025-2026/academic-catalog/courses/dan-dance/300/dan-3100,DAN3100,Advanced Project in Dance,"For this in-depth study of a special topic, the advanced dancer may be given a performance assignment to demonstrate advanced proficiency in the field (e.g., dance captain for a theatre production, major choreographic duties in department productions, major role in guest choreographer's concert piece, internship at local dance studio culminating in performance and choreographic work or an independent research project).",2-4 sh,Advance permission of instructor.,Expression; Advanced Studies,DAN 310
https://elon.smartcatalogiq.com/en/2025-2026/academic-catalog/courses/dan-dance/300/dan-3150,DAN3150,"Advanced Yoga Philosophy, Theory and Practice","This course interweaves the intellectual, spiritual and experiential aspects of yoga. Students will study the philosophies of Ancient India that led to the development of the practice of yoga; the physiological and esoteric yogic theories; the physical embodiment of the postures, breathing techniques and meditative tools.",4 sh,DAN 2100.,Expression; Advanced Studies,DAN 315
https://elon.smartcatalogiq.com/en/2025-2026/academic-catalog/courses/dan-dance/300/dan-3300,DAN3300,Contemporary Modern V,"This is an intensive course in modern dance employing various established techniques for more complete development of skills and an understanding of the aesthetic criteria for the contemporary modern dance style. This course also poses questions for self-evaluation as a dancer. Theoretical knowledge of dance as an expressive art form is gained through lecture/discussion based on class work, reading, observation, written assignments and attendance at dance concerts.",1 sh,"DAN 2310 with a grade of B"". This class may be repeated once for credit.""",Expression; Advanced Studies,
https://elon.smartcatalogiq.com/en/2025-2026/academic-catalog/courses/dan-dance/300/dan-3270-0,DAN3270,Dance for the Camera,"This course explores the history of Dance for the Camera through current trends on a global scale. Students will experience both pre and post-production of dance films including: storyboarding, choreographing for the camera, set design, camera work, sound design, and editing. Students will complete dance photography projects while enhancing understanding of framing, composition, lighting and camera settings. Upon completion of the course, students will write a final project proposal and produce a professional level dance film.",4 sh,Permission of Instructor,"Expression, Advanced Studies",Summer
https://elon.smartcatalogiq.com/en/2025-2026/academic-catalog/courses/dan-dance/300/dan-3350,DAN3350,Dance Composition III: Group Structures and Development,"This advanced composition course builds upon the creative and technical skills gained inDAN 2350and is devoted to the extensive exploration of choreographic techniques. The utilization of the environment, technology, sound, text, and scores for dance making will be addressed. The course will focus on developing theme-based choreographic works that are informed by theoretical and creative engagement with contemporary issues and concerns.",4 sh,DAN 2350 with a minimum grade of B.,Expression; Advanced Studies,
https://elon.smartcatalogiq.com/en/2025-2026/academic-catalog/courses/dan-dance/300/dan-3420,DAN3420,African Dance III,"Advanced study of the cultural history, movement, and rhythmic vocabulary of West African dance.  In this course students will learn complex dances from several different ethnic cultures in West Africa. The historical, social, cultural, and/or religious contents of each dance will be presented. Focus will be given to mastery of the texture, effort, shape, and dynamics within the choreography.",1 sh,DAN 2420,Expression,Fall
https://elon.smartcatalogiq.com/en/2025-2026/academic-catalog/courses/dan-dance/300/dan-3400,DAN3400,Tap III,"This course offers continuation of the skills developed inDAN 2400with an intense focus on rhythmic sensibility, development of personal style, choreography and improvisation.",1 sh,DAN 2400 and permission of instructor.,Expression; Advanced Studies,DAN 305
https://elon.smartcatalogiq.com/en/2025-2026/academic-catalog/courses/dan-dance/300/dan-3800,DAN3800,Ballet V,"This course provides intensive instruction in ballet and pointe through technique classes at the advanced level for a more complete development of technical skills and a more profound understanding of the aesthetic criteria for classical ballet. Theoretical knowledge of dance as an expressive art form is gained through lecture/discussion based on class work, reading, observation, written assignments and attendance at dance concerts.",1 sh,"DAN 2810 with a grade of B"". This class may be repeated once for credit.""",Expression; Advanced Studies,DAN 306
https://elon.smartcatalogiq.com/en/2025-2026/academic-catalog/courses/dan-dance/400/dan-4300,DAN4300,Contemporary Modern VI,This course provides advanced work in contemporary modern dance techniques for individual students who need to continue technical development at the advanced level in order to reach their fullest potential as artists. It includes instructions in advanced contemporary modern techniques and individual coaching in aspects of techniques that need further analysis and refinement.,1 sh,DAN 3300 with a grade of B,Expression; Advanced Studies,
https://elon.smartcatalogiq.com/en/2025-2026/academic-catalog/courses/dan-dance/400/dan-4420,DAN4420,African Dance IV,"This course is designed for dance program students who have met the advanced level requirements for African dance. The primary focus is developing technique and artistry as a professional dancer. Attention will be placed on increasing technical skills, working with a choreographer and accompanist to mount a West African dance work, and developing a practice of performance. The class will conclude with a final on-campus performance as well as other small performances and lecture demonstrations in the Elon community and surrounding area.",1 sh,DAN 3420,Expression,Spring
https://elon.smartcatalogiq.com/en/2025-2026/academic-catalog/courses/dan-dance/400/dan-4500,DAN4500,Jazz IV,This course is the most-advanced jazz dance technique geared toward the dance major and the music theatre major.,1 sh,DAN 3500 with a grade of B,Expression; Advanced Studies,DAN 407
https://elon.smartcatalogiq.com/en/2025-2026/academic-catalog/courses/dan-dance/400/dan-4501,DAN4501,Pilates Theory: Apparatus I,"Pilates is a full body conditioning system designed to develop and improve strength, flexibility, posture, and coordination, developed by Joseph Pilates. The Pilates system includes exercises for every part of the body, application for every kind of activity, and is comprised of over 250 movements that are performed on specialized apparatus as well as exercises done specifically on the mat. Pilates focuses on engaging the mind and body together to create exercises that involve the whole person. Each exercise is performed with attention to the breath, proper form, and efficient movement patterns. This course focuses on the beginning exercises on the following pieces of apparatus: Reformer; Wunda Chair; Spine Corrector and select beginning exercises on the Ladder Barrel and Trapeze Table. In addition to the physical exercises, the course will further elaborate on the theory and philosophy of Pilates in relation to the development of the equipment, the essential movement principles and how each principle is exemplified by the categories of equipment exercises, the anatomical aspects of the beginning level equipment exercises, exercise variations on the equipment for specific anatomical reasons, and kinesthetic observation analysis.",4 sh,DAN 2020 or DAN 3501,"Expression, Advanced Studies",FallWinterSpringSummer
https://elon.smartcatalogiq.com/en/2025-2026/academic-catalog/courses/dan-dance/400/dan-4800,DAN4800,Ballet VI,This course provides advanced work in ballet dance technique for individual students who need to continue technical development at the advanced level in order to reach their fullest potential as artists. It includes instruction in advanced ballet and pointe technique and individual coaching in aspects of techniques that need further analysis and refinement.,1 sh,DAN 3800 with a grade of B,Expression; Advanced Studies,DAN 406
https://elon.smartcatalogiq.com/en/2025-2026/academic-catalog/courses/dan-dance/400/dan-4502,DAN4502,Pilates Theory: Apparatus II,"Pilates is a full body conditioning system designed to develop and improve strength, flexibility, posture, and coordination, developed by Joseph Pilates. The Pilates system includes exercises for every part of the body, application for every kind of activity, and is comprised of over 250 movements that are performed on specialized apparatus as well as exercises done specifically on the mat. Pilates focuses on engaging the mind and body together to create exercises that involve the whole person. Each exercise is performed with attention to the breath, proper form, and efficient movement patterns. This course focuses on the intermediate with select advanced exercises on the following pieces of apparatus: Reformer; Wunda Chair; Spine Corrector and select intermediate-advanced exercises on the Ladder Barrel and Trapeze Table. In addition to the physical exercises, the course will detail the anatomical reasons for specific exercise sequencing, how to safely design sequences to assist the practitioner in reaching their kinesthetic goals, analyzing posture, common musculoskeletal misalignments and how to address those with the apparatus, and training whole body movement through the Pilates apparatus.",4 sh,DAN 4501,"Expression,  Advanced Studies",SpringSummer
https://elon.smartcatalogiq.com/en/2025-2026/academic-catalog/courses/dan-dance/400/dan-4972,DAN4972,Senior Seminar in Dance,"This course is the capstone experience for the senior dance major, exploring a variety of topics and skills to help prepare the student for graduate study or work in the dance profession. Specific focus will be placed on developing the necessary materials for the emerging dance artist (artist statement, resume, digital portfolio, reels, etc.). Additionally, each student must complete the final thesis project demonstrating proficiency in performance, composition, research, and/or production techniques.",4 sh,DAN 3350 Dance Composition III/Group Structures,Expression; Experiential Learning Requirement; Advanced Studies,Spring
https://elon.smartcatalogiq.com/en/2025-2026/academic-catalog/courses/dts-drama-and-theatre-studies/200/dts-2015,DTS2015,Devising Theatre,"This course teaches different methods of generating new performance works by a group of co-creators.Students as an ensemble will spend most of the semester devising (writing or assembling, directing, and performing) a single full-length theatre production which will be presented at the end of the course.When devising theatre, performance ensembles may have a designated director or playwright in the room or they may not. Devised theatre pieces may have a text or texts that functions as a script in the creative process or they may not. Devised theatre pieces may start with a central story the ensemble wants to tell or a central theme or topic the actors want to explore or they may not. This class will expose students to many forms of theatrical collective creation, in particular Composition Work as outlined by director Anne Bogart.",4 sh,DTS 1015,Theatre Arts Elective,Fall
https://elon.smartcatalogiq.com/en/2025-2026/academic-catalog/courses/eco-economics/200/eco-2300,ECO2300,Statistics for Decision Making,"Applications of statistics to create knowledge useful for decision making. Bayesian probability, hypothesis testing, process and quality control and multivariate statistics, including multiple linear regression and forecasting are among the topics covered. A standard spreadsheet program will be used for most applications and oral and written presentation of statistical results will be required.",4 sh,Completion of the first-year core math requirement,Society,ECO 203
https://elon.smartcatalogiq.com/en/2025-2026/academic-catalog/courses/eco-economics/300/eco-3110,ECO3110,International Trade and Finance,"This course focuses on how policies implemented by a country, both in trade and finance, influence its welfare at home and abroad. Topics in trade include specialization and gains from trade; determinants of trade patterns; the role of increased globalization on a nation's competitiveness and its distribution of income; the political economy of protectionism at the national, regional (NAFTA, EU) and international (WTO) levels; and the use of trade policies to influence development and growth. Topics in finance include balance on international payments, the foreign exchange market, the economic policy adjustments under fixed and flexible exchange rates, and focuses on the problems of international finance and international investments across countries.",4 sh,ECO 1000,"Society; Advanced Studies; Business Elective; IGS: Global Studies Area, Global Political Economy; German Studies Elective;  Applied Macroeconomics.",ECO 314
https://elon.smartcatalogiq.com/en/2025-2026/academic-catalog/courses/eco-economics/300/eco-3120,ECO3120,Money and Banking,"Students learn about the history and structure of the U.S. financial system. Exploration of the interaction between the primary financial markets - money, bonds and foreign exchange - is fundamental to this understanding. The theory and conduct of monetary policy is also developed, with particular attention paid to the evolution of the international monetary system.",4 sh,"ECO 1000 and ECO 2300 or for Economics, International Economics or Statistics majors or minors only STS 2120",Society; Advanced Studies; American Studies Elective; Applied Macroeconomics.,ECO 302
https://elon.smartcatalogiq.com/en/2025-2026/academic-catalog/courses/eco-economics/300/eco-3100,ECO3100,Intermediate Macroeconomic Theory,"This course concentrates on the theory of economic growth and the business cycle. Building on the simple Keynesian spending model, the IS-LM general equilibrium model is developed. Current policy debates, as well as debates within the discipline, are explored and evaluated. Particular emphasis will be placed on the interaction of the theoretical and empirical components of macroeconomics.",4 sh,"ECO 1000; MTH 1160 or MTH 1510; or permission of the instructor; ECO 2300 (or as a corequisite) or for Statistics majors only, STS 2120 (or as a corequisite)",Society; Advanced Studies,ECO 310
https://elon.smartcatalogiq.com/en/2025-2026/academic-catalog/courses/eco-economics/300/eco-3210,ECO3210,Health Economics,"Over the past decade, some of the most heated political debates have centered on health-care policy and reform. In this class, we will investigate health and health-care markets using economic theory and analysis. As an applied economics course, our goal will be to objectively assess the allocation of scarce resources within the context of the U.S. health-care system. Topics may include the demand and supply of health-care and health insurance, Medicare and Medicaid, comparative health systems and reform, causes and consequences of obesity, and economic models of tobacco and alcohol addiction.",4 sh,ECO 1000 and ECO 3200 or permission of instructor,Society; Advanced Studies;  Applied Microeconomics.,ECO 320
https://elon.smartcatalogiq.com/en/2025-2026/academic-catalog/courses/eco-economics/300/eco-3200,ECO3200,Intermediate Microeconomic Theory,"With this study of how individual agents, both firms and households, interact in various kinds of markets, students gain a better understanding of household economic behavior, firm behavior and the conditions under which prices can most effectively allocate scarce resources.",4 sh,"ECO 1000; MTH 1160 or MTH 1510; or permission of the instructor; ECO 2300 (or as a corequisite) or for Statistics majors only, STS 2120 (or as a corequisite)",Society; Advanced Studies,ECO 311
https://elon.smartcatalogiq.com/en/2025-2026/academic-catalog/courses/eco-economics/300/eco-3220,ECO3220,Labor Economics,"This is a course in the economics of labor markets. The course develops theory regarding labor demand, labor supply, equilibrium outcomes in the market for labor services and public policy affecting labor markets. It also recounts for modification of traditional wage theory. Economic aspects of labor unions, bargaining theories of wages, minimum wage legislations, labor supply incentives of various welfare programs, occupational licensure, labor mobility, migration and discrimination theories are issues of interest.",4 sh,ECO 1000 and ECO 3200 or permission of instructor,Society; Advanced Studies; . Applied Microeconomics,ECO 321
https://elon.smartcatalogiq.com/en/2025-2026/academic-catalog/courses/eco-economics/300/eco-3240,ECO3240,Industrial Organization and Regulation,"This is a policy course concerned with the structure of firms and markets and their interactions. Real world market frictions such as limited information; transaction costs; costs of adjusting prices; advertising, research and development expenses; government actions; and barriers to entry by new firms into a market will be examined. This course offers a critical understanding of specific industries such as computers, airline, automobile, telecommunications, etc. Students study how firms in such industries strategically react to rivals and customers and further examine the impact of antitrust regulation, public utility regulation and social regulation on American business.",4 sh,C+ or better in ECO 3200 and completion of or concurrent enrollment in ECO 3300,Applied Microeconomics.,ECO 360
https://elon.smartcatalogiq.com/en/2025-2026/academic-catalog/courses/eco-economics/300/eco-3300,ECO3300,Introduction to Econometrics,"This course explores the statistical problems associated with the measurement and evaluation of economic models. Students will understand the major causes of bias inefficiency in ordinary least squares regression, and learn alternative methods for minimizing these problems. The focus of the course is on the application of econometric techniques to real world problems encountered in economics. As such, students will learn basic applications programming skills for managing data and estimating econometric models.  Topics include data transformation, measurement error, simultaneous equations, time series, panel data methods, and limited dependent variables.",4 sh,ECO 1000; ECO 2300 or STS 2120; and MTH 1160 or MTH 1510 or higher; ECO 3100 or ECO 3200; or permission of instructor.,Society; Advanced Studies; Geographic Information Systems Elective,
https://elon.smartcatalogiq.com/en/2025-2026/academic-catalog/courses/eco-economics/300/eco-3230,ECO3230,Environmental Economics,This course explores the interaction of economic forces and policies with environmental issues. What are the costs of pollution and what are we buying for those costs? Who bears the burden of environmental damage? How might we reduce environmental impact and how do we decide how much damage is appropriate? Applied Microeconomics.,4 sh,ECO 1000,Society; Advanced Studies,ECO 335
https://elon.smartcatalogiq.com/en/2025-2026/academic-catalog/courses/eco-economics/300/eco-3231,ECO3231,Markets and Environmental Justice,"This is an applied microeconomics course that introduces undergraduate students to a contestedarea of environmental economics: environmental justice. It is designed to broaden theviews and undergraduate research interests of all students. Students will consider importantcase studies and evidence that shows unequal pollution exposure for marginalized communities.Students will also critique existing explanations for environmental injustice, especiallywhen those explanations intersect with the work by economists. Environmental justice is aninterdisciplinary field; to get a more complete picture, students will also develop a plan toconsider Elon courses that address the topic from other disciplinary perspectives.",4 sh,ECO 1000,Society; Advanced Studies,Fall
https://elon.smartcatalogiq.com/en/2025-2026/academic-catalog/courses/eco-economics/300/eco-3410,ECO3410,Gender and Development,"This course is designed to help students investigate the economic status of women in the labor market, how that role has changed over time and the differences between labor market outcomes for both men and women. It involves a comparison of women and men with respect to labor supply (market and nonmarket work), wage rates, occupational choices, unemployment levels, and the changing role of work and family. Topics include discrimination, pay inequity, occupational segregation, traditional and nontraditional work, resource ownership, poverty, race, the global economic status of women and public policy issues, such as comparable worth and family-friendly policies designed to bridge the gap between women and men.",4 sh,Junior standing or ECO 1000,"Society; Advanced Studies; Women's, Gender, and Sexualities Studies Elective; Public Health Elective",ECO 317
https://elon.smartcatalogiq.com/en/2025-2026/academic-catalog/courses/eco-economics/300/eco-3420,ECO3420,Economic History,"This course introduces and analyzes the importance of economic issues in the history of nations and regions. In the words of J.M. Keynes, ""indeed the world is driven by little else."" The course is structured so that work will focus on a particular region of the world. The overarching objective of the course is to develop students' appreciation of the importance of economic activity and economic structures in the historical development of society.",4 sh,Junior standing or ECO 1000,Society; Advanced Studies,ECO 315
https://elon.smartcatalogiq.com/en/2025-2026/academic-catalog/courses/eco-economics/300/eco-3500,ECO3500,Business Economics,"What functions do firms serve, and where do firms fit in a market economy? We will explore these questions by analyzing two perspectives. The first perspective is that firms are rational agents in markets, maximizing profits subject to the constraints of demand, production, cost and market structure. The second perspective is that a firm is a complex organization that has emerged in response to problems of information, strategy and value maximization. In the first perspective, firms are subordinate to markets. In the second perspective, the firm can often coordinate activity more effectively than markets. How - and when - is this possible?",4 sh,"ECO 1000, STS 2120 or ECO 2300, and MTH 1160 or MTH 1510",Society; Advanced Studies,
https://elon.smartcatalogiq.com/en/2025-2026/academic-catalog/courses/eco-economics/300/eco-3430,ECO3430,Mathematical Economics,"This course is designed to provide students in economics and mathematics with an opportunity to learn and use the tools of economics in the manner in which they are employed in the profession. While mathematical techniques such as constrained optimization and multidimensional modeling will be taught, the principal aim of the course is to develop students' facility with using mathematics as a basis for economic reasoning.",4 sh,"ECO 2300, or for Economics or International Economics majors or minors only who placed in STS 2120 upon entrance, STS 2120, ECO 3100, ECO 3200 and MTH 1160 or higher or permission of instructor",Society; Advanced Studies,ECO 348
https://elon.smartcatalogiq.com/en/2025-2026/academic-catalog/courses/eco-economics/300/eco-3985,ECO3985,Internship in Economics,"This course provides opportunities for students to apply concepts and information gathered in the economics classroom to actual experience in the community. Placements may include businesses, not-for-profit organizations or teaching assistants in lower-division economics classes.",1-8 sh,"Junior standing or ECO 1000 and 2300 or for Economics majors or minors only who placed in STS 2120 upon entrance, STS 2120 or permission of instructor",Society; Advanced Studies; Experiential Learning Requirement; Internship,ECO 381
https://elon.smartcatalogiq.com/en/2025-2026/academic-catalog/courses/eco-economics/300/eco-3991,ECO3991,Independent Study,Students pursuing the major or minor in economics may complete individual study in an area of special interest that is not otherwise covered in regular course offerings. Study is to be undertaken under the guidance of a member of the economics faculty.,1-4 sh,"Junior standing or ECO 1000 and ECO 2300 or for Economics majors or minors only who placed in STS 2120 upon entrance, STS 2120 or permission of instructor",Society; Advanced Studies,ECO 391
https://elon.smartcatalogiq.com/en/2025-2026/academic-catalog/courses/eco-economics/300/eco-3999,ECO3999,Research in Economics,"In collaboration with an economics faculty member, students undertake an empirical or theoretical study of a topic in economics. Research topics may include a review of the relevant research literature, data collection and analysis, and a presentation or report when the study is completed.",1-4 sh,"Junior standing or ECO 1000 and ECO 2300 or for Economics majors or minors only who placed in STS 2120 upon entrance, STS 2120",Society; Advanced Studies,ECO 399
https://elon.smartcatalogiq.com/en/2025-2026/academic-catalog/courses/eco-economics/400/eco-4220,ECO4220,Public Finance,"This course lies at the intersection of economics and political science. The principal issue is an examination of the question: “What is the proper role of government in the economic sphere?” Specific topics include optimal taxation, tax incidence, expenditure analysis, how governments decide among alternative programs, public production, and bureaucracy and equity-efficiency tradeoffs. The course deals with the relationships among governments at the federal, state and local levels from both theoretical and applied perspectives. Applications vary from year to year, but will likely include health care, defense, social insurance, welfare and education. Applied Microeconomics.",4 sh,"C+ or better in ECO 3200 and completion or concurrent enrollment in ECO 3100, or permission of instructor.",Society; Advanced Studies; Public Administration Elective,ECO 432
https://elon.smartcatalogiq.com/en/2025-2026/academic-catalog/courses/eco-economics/400/eco-4110,ECO4110,Economic Growth and Development,"This is a blend of economic growth and economic development. In the first half of the course we will develop the neoclassical growth model-the workhorse of modern macroeconomics to provide the theory for why countries experience economic growth and raise standards of living. The second half of the course will focus on economic development. By combining economic models and case studies, one can draw lessons regarding what approaches have worked to alleviate poverty. The course pays particular attention to situations that have led to economic crises and growth miracles. We will also take a critical look at the role of the United Nations in economic development.",4 sh,"ECO 310 0or ECO 3110, or permission of instructor","Society; Advanced Studies; Poverty and Social Justice Elective; IGS: Global Studies, Global Development, Environment, and Health Area",ECO 410
https://elon.smartcatalogiq.com/en/2025-2026/academic-catalog/courses/eco-economics/400/eco-4210,ECO4210,Urban Economics and Planning,"The course will look into why cities form, what makes a city develop, and what are the different challenges that are faced by a city. Specifically, it studies the interaction of different agents in an urban setting. There are many different actors in a city living in close proximity and at times, it can be challenging to provide all the necessary services required to live in a city. The course studies how different actors in the city interact with each other and how public policy can help to improve the outcomes. The course merges economic concepts with ideas from other disciplines to understand the different aspects and challenges facing a city. Applied microeconomics.",4 sh,"C+ or better in ECO 3200, and completion or concurrent enrollment in ECO 3100.",Society; Advanced Studies; Public Health Elective,ECO 440
https://elon.smartcatalogiq.com/en/2025-2026/academic-catalog/courses/eco-economics/400/eco-4400,ECO4400,Economic Consulting,"The course is designed to teach Economics major seniors on how to work as an economic consultant. An economic consultant is presented with a research question from a firm or government office for which they must collect and analyze relevant data, conduct appropriate analysis and effectively communicate the results to their client. This course will further students’ data visualization skills and provide practical applications for the techniques learned in econometrics to analyze their client’s data. Finally, a professional business report will be written to explain the results of their research and to provide recommendations to their client.",4 sh,"ECO 3200 (with at least a C+), ECO 3300, and ECO 3120 or ECO 3100",Society; Advanced Studies,Spring
https://elon.smartcatalogiq.com/en/2025-2026/academic-catalog/courses/eco-economics/400/eco-4800,ECO4800,Senior Thesis Workshop,This seminar will develop your abilities to do independent research using the concepts and tools of economic analysis. The principal assignment for this fall semester course is to undertake a research project and to produce and present a literature review and a proposal for your senior thesis. The thesis itself will be due at the conclusion of the spring semester.,2 sh,ECO 3100 (with at least a C+) and 3200 (with at least a C+); completion of or current enrollment in ECO 3300; senior status.,Society; Advanced Studies,ECO 465
https://elon.smartcatalogiq.com/en/2025-2026/academic-catalog/courses/eco-economics/400/eco-4410,ECO4410,Experimental Economics,"This course will develop your ability to learn from experience. We will explore the general principles of experimental design and review the history of experimental economics. The primary student task in the course will be to design, implement, analyze and describe a significant experiment. We will use the statistical software SAS to analyze the data. No previous experience with SAS is needed.",4 sh,Completion or concurrent enrollment in ECO 3100 and 3200 or permission of instructor,Society; Advanced Studies,ECO 430
https://elon.smartcatalogiq.com/en/2025-2026/academic-catalog/courses/eco-economics/400/eco-4970,ECO4970,Senior Thesis,"This is the culmination of the economics major and serves as the student's required comprehensive evaluation in the major field of study. For this research project, economics majors work individually with a professor to build on work done in previous courses, culminating in a work of presentation quality. The completed work is to be presented in a public forum such as Elon's Spring Undergraduate Research Forum, national or regional professional society meetings or at a campus-level economics symposium. In addition, all students are to present their work before the collected faculty, students and guests of the economics department.",2 sh,"ECO 3100, ECO 3200 and eight additional hours of economics numbered 3000 or above; senior economics majors only",Society; Advanced Studies,ECO 495
https://elon.smartcatalogiq.com/en/2025-2026/academic-catalog/courses/eco-economics/400/eco-4985,ECO4985,Advanced Internship in Economics,"This course provides opportunities for students to apply concepts and information gathered in the economics classroom to actual experience in the community. Placements may include businesses, not-for-profit organizations or teaching assistants in lower-division economics classes.",1-4 sh,Will vary with the topic but will generally include completion or concurrent enrollment in ECO 3100 and ECO 3200 or permission of instructor. Enrollment limited to economics majors.,Society; Experiential Learning Requirement; Advanced Studies; Internship,ECO 481
https://elon.smartcatalogiq.com/en/2025-2026/academic-catalog/courses/eco-economics/400/eco-4991,ECO4991,Advanced Independent Study,Students pursuing the major or minor in economics may complete individual study in an area of special interest that is not otherwise covered in regular course offerings. Study is to be undertaken under the guidance of a member of the economics faculty.,1-4 sh,Will vary with the topic but will generally include completion or concurrent enrollment in ECO 3100 and ECO 3200 or permission of instructor. Enrollment limited to economics majors.,Society; Advanced Studies,ECO 491
https://elon.smartcatalogiq.com/en/2025-2026/academic-catalog/courses/eco-economics/400/eco-4999,ECO4999,Undergraduate Research,"In collaboration with an economics faculty member, students undertake an empirical or theoretical study of a topic in economics. Research projects may include an extensive review of literature, data collection and econometric analysis and public presentation (oral or written) of the study after completion.",1-4 sh,Completion of ECO 3300 or permission of instructor.,Society; Advanced Studies; Experiential Learning Requirement,ECO 499
https://elon.smartcatalogiq.com/en/2025-2026/academic-catalog/courses/edu-education/3000/edu-3560,EDU3560,Teaching Diverse Learners in Middle and Secondary Schools,"This course examines the opportunities and challenges of teaching all students from diverse backgrounds and with different needs in middle and secondary schools. There is a particular emphasis on aspects of identity such as race, gender, sexuality, home language, class, and ability. Related topics include culturally-informed pedagogies, anti-bias education, neurodiversity, special education, multilingualism, and partnership with families. This course requires completion of an integrated 30-hour field experience at a local school.",4 sh,"EDU 2110, or EDU 2500, or SOC 2430 (if seeking teacher licensure)",Poverty and Social Justice Elective; Internship,Spring
https://elon.smartcatalogiq.com/en/2025-2026/academic-catalog/courses/edu-education/400/edu-4100,EDU4100,Assessment and Evidence-Based Practices for Preschool and Kindergarten Students,"This course develops students' knowledge and skills for assessing and teaching a wide range of children, including dual language learners and those with exceptionalities, in preschool and kindergarten. Students are taught how to use analysis of assessment data in the design of effective and developmentally appropriate instructional practices. Emphasis is placed on content and integration of curriculum for emergent mathematics, literacy, science, social studies, and the arts. The role of sociocultural context in learning is highlighted throughout the course.",8 sh,EDU 3100 or permission of instructor,Internship,Fall
https://elon.smartcatalogiq.com/en/2025-2026/academic-catalog/courses/edu-education/400/edu-4210,EDU4210,Methods of Teaching Middle Grades and Secondary English,"In this study of the content and organization of the English curriculum with emphasis on methods and materials used in teaching literature, language skills and composition, students review print and non-print media, create lesson and unit plans, lead classroom discussions and conduct teaching demonstrations.",4 sh,"EDU 2110 or SOC 2430, PSY 3210",Internship,EDU 421
https://elon.smartcatalogiq.com/en/2025-2026/academic-catalog/courses/edu-education/400/edu-4250,EDU4250,Methods of Teaching Middle Grades and Secondary Social Studies,"This study of the materials and methods of teaching social studies emphasizes planning, organization, objectives and evaluation.",4 sh,"EDU 2110 or SOC 2430, PSY 3210",Internship,EDU 425
https://elon.smartcatalogiq.com/en/2025-2026/academic-catalog/courses/edu-education/400/edu-4240,EDU4240,Methods of Teaching Middle Grades and Secondary Science,"Students develop, select and evaluate content, methods and materials used in teaching science at the middle- or high-school level. Study examines current trends in teaching the natural sciences and addresses safety concerns.",4 sh,"EDU 2110 or SOC 2430, PSY 3210",Internship,EDU 424
https://elon.smartcatalogiq.com/en/2025-2026/academic-catalog/courses/edu-education/400/edu-4280,EDU4280,Methods of Teaching World Languages,"This study of the content and organization of the foreign language curriculum in the public schools emphasizes methods and materials used in teaching at all levels (K-12) and covers how teaching the four basic skills and the target culture varies at each level. Students discuss theories of planning, instruction, choice of materials and evaluation, and gain practical experience by participating in a public school classroom.",4 sh,EDU 3550; PSY 3820; admission to Teacher Education; and completed application for student teaching,Internship,Fall
https://elon.smartcatalogiq.com/en/2025-2026/academic-catalog/courses/edu-education/400/edu-4510,EDU4510,Teaching Diverse Learners,"This course is designed to prepare teachers and those interested in education to work effectively in todayâs inclusive classrooms. The course is divided into three sections: Theoretical foundations for teaching diverse learners, critical self-reflection, and types of diversities. Types of diversities will be the central focus of the course and will include five major topics: 1) Psychosocial Diversity- mental health, substance abuse, domestic violence; 2) racial, cultural and ethnic diversity and the role of multicultural education; 3) linguistic diversity and the needs of students for whom English is a second language; 4) socio-economic diversity and the effects of poverty on learning; and 5) other diversities, such as religion and gender.",4 sh,"EDU 2110, EDU 2500 ,or SOC 2430 (if seeking teacher licensure)",Poverty and Social Justice Elective,FallSpring
https://elon.smartcatalogiq.com/en/2025-2026/academic-catalog/courses/edu-education/400/edu-4970-0,EDU4970,Student Teaching,"Teacher candidates experience the classroom full time for one semester, with periodic conferences with the university supervisor(s) and classroom teacher(s). The student becomes acquainted with the duties and observes the methods and activities of an experienced teacher, with gradual induction into full-time teaching responsibilities.",10 sh,EDU 2110 or SOC 2430 and grade(s) of C or better in appropriate methods course(s),Experiential Learning Requirement; Internship,EDU 481
https://elon.smartcatalogiq.com/en/2025-2026/academic-catalog/courses/edu-education/400/edu-4999,EDU4999,Research,Students engage in undergraduate research under the direction of an education department faculty member.,1-4 sh,Eligibility as determined by the undergraduate research guidelines of Elon University and approval by the department.,Experiential Learning Requirement,EDU 499
https://elon.smartcatalogiq.com/en/2025-2026/academic-catalog/courses/egr-engineering/200/egr-2210,EGR2210,Engineering Design for Service,"Engineering professionals are committed to serving the needs of others and considering the well-being of those whom they serve. Students will work in small teams to apply the engineering design process to design devices or systems to aid a client in the local community. The clients will be identified through community partnerships with local non-profit organizations. The team project work is enhanced with lectures, readings, and/or class discussions on formal engineering design techniques, human-centered design, teamwork, community engagement, ethical and social responsibility, and oral and written communication. Selected projects may be continued as undergraduate research.",3 sh,"EGR 1210, EGR 1230",Experiential Learning Requirement,Fall
https://elon.smartcatalogiq.com/en/2025-2026/academic-catalog/courses/egr-engineering/200/egr-2520,EGR2520,Introduction to Environmental Engineering,"This course will introduce students to the integrated science, engineering, and design concepts of environmental engineering. The course will cover chemical, biological, and geological principles and applications to both natural and engineered environmental systems for water, land, and air.  Laboratory Included.",4 sh,"CHM 1110, MTH 2510",Laboratory Science,Fall
https://elon.smartcatalogiq.com/en/2025-2026/academic-catalog/courses/egr-engineering/300/egr-3530,EGR3530,Soil Mechanics,"This course introduces the fundamental properties and behavior of soil as an engineering material. Topics of study include soil formation, physical properties, water flow through soils, capillarity, seepage, stresses, shear strength, lateral pressure, and bearing capacity.  Hands-on soil identification and property testing along with design problems will be emphasized.  Laboratory included.",4 sh,EGR 2060,Laboratory Science,
https://elon.smartcatalogiq.com/en/2025-2026/academic-catalog/courses/egr-engineering/300/egr-3540,EGR3540,Hydrology,"Hydrology is the study of the processes which cycle water between the oceans, atmosphere, and land surface.  Understanding the physical processes which dictate the interaction of water with the landscape is thus fundamental to managing our resources in the face of mounting environmental challenges and natural resource pressures.  This course focuses on surface and near surface processes.  A broad range of specific topics is covered: e.g., the hydrologic cycle, watershed hydrology, runoff generation, physical and biophysical vadose zone processes, erosion and sediment transport, stormwater infrastrucure, and eco-hydrological systems.  Laboratory included.",4 sh,EGR 3080; CHM 1110,Laboratory Science,Spring
https://elon.smartcatalogiq.com/en/2025-2026/academic-catalog/courses/egr-engineering/400/egr-4985,EGR4985,Internship in Engineering,"The internship provides advanced work experiences in some aspect of engineering. It is offered on an individual basis, under the guidance of the engineering faculty, when suitable opportunities can be arranged.",1-4 sh,Permission of the department,Experiential Learning Requirement; Internship,EGR 481
https://elon.smartcatalogiq.com/en/2025-2026/academic-catalog/courses/eng-english/200/eng-2090,ENG2090,Writing Studies Survey,"This course examines theories of composition and literacy and explores the implications for our understanding of writing's impact on our personal, public and professional lives. Students will study topics such as writing pedagogy (writing as a process, peer response, editing, revision, response and assessment); the relationship between writing and literacy; writing and testing; writing and electronic texts; various technologies' effect on the production and style of writing; and the political, social and cultural politics of writing.",4 sh,ENG 1100,Professional Writing Elective,ENG 219
https://elon.smartcatalogiq.com/en/2025-2026/academic-catalog/courses/eng-english/200/eng-2570,ENG2570,Literary Landscapes of England,"This course, which involves a significant amount of reading and writing, explores the world of English literature, language, culture, and history.  Students will examine England through the centuries and learn how culture and history have shaped English literature—from the days of the Anglo-Saxons to the modern, multicultural 21stcentury.  Site visits to places of major artistic and historic importance around England as well as many sites in London will give students an opportunity to examine how famous authors like Chaucer, Shakespeare, Austen, Wordsworth, Dickens, Orwell, Woolf, Zadie Smith and many others have used English history, culture, and language to bring their works to life. While most of the course time will be spent in London, day trips to Canterbury, Stratford-upon-Avon, Oxford, Bath, and Stonehenge are planned.",4 sh,GBL 157,Experiential Learning Requirement; Literature; Expression,Winter
https://elon.smartcatalogiq.com/en/2025-2026/academic-catalog/courses/eng-english/200/eng-2571,ENG2571,Literature of Southern Italy,"This is a course about transformation as reflected through the lens of the literature of Southern Italy. We will engage in close readings of poetry and fiction in translation and see how literature and language are a means for exploring cultural difference. As a result of our study and exploration together in Southern Italy, you will develop a deeper understanding of the values that underlie Italian culture and may be transformed as well.",4 sh,Prerequisite:  GBL 1580,"Expression, Literature",
https://elon.smartcatalogiq.com/en/2025-2026/academic-catalog/courses/eng-english/300/eng-3010,ENG3010,Introduction to Linguistics,"An overview of the study of language, its nature, diversity, and structure, this course introduces students to the core subfields of applied and descriptive linguistics: phonetics, phonology, morphology, syntax, semantics and pragmatics. Through direct engagement with data from a wide range of the world's languages, students gain experience in describing linguistic structures through examining many different language systems. The course also serves as an overview to how language is used in society with regard to its use socially and geographically.",4 sh,"Sophomore standing, first-year students may enroll with consent of the instructor",Anthropology elective,ENG 301
https://elon.smartcatalogiq.com/en/2025-2026/academic-catalog/courses/eng-english/300/eng-3020,ENG3020,History of the English Language,"English has undergone dramatic and exciting alterations throughout its life. This course examines the changes in sounds, grammar, meaning and vocabulary of English from its Indo-European roots and original appearance in the Old English period to the modern differences between British and American English, as well as how English is used around the world and its now global status. To understand these changes and why they occur, we will look for explanations in both the structure and usage of the language and in the social history of its speakers. Changes will be illustrated through textual analysis of language change between 450 AD to the 21st century, study of social and regional dialects in America, and discussion of language standards.",4 sh,"Sophomore standing, but first year students may enroll with consent of instructor",Advanced Studies; German Studies Elective,ENG 302
https://elon.smartcatalogiq.com/en/2025-2026/academic-catalog/courses/eng-english/300/eng-3090,ENG3090,Writing Center Workshop,"The Writing Center Workshop prepares students to work with writers in Elonâs Writing Center and in any one-to-one mentoring or tutoring situation. In the course, students learn practical and inclusive techniques for consulting on writing, informed by contemporary theories and studies of writing and learning. Students learn about writing across the university and how to support students writing for academic, professional, and personal purposes. The course also enhances the writing ability of students in the course. As part of the course, students observe Writing Center sessions and hold writing appointments with students for two hours each week in The Writing Center.",4 sh,ENG 1100,Advanced Studies; Professional Writing elective,
https://elon.smartcatalogiq.com/en/2025-2026/academic-catalog/courses/eng-english/300/eng-3170,ENG3170,Intermediate Creative Writing: Fiction,"This workshop, centered around students' stories, also includes study of contemporary fiction (occasionally earlier) to learn techniques and to recognize possibilities for point of view, characterization, structure and diction.",4 sh,ENG 2130 or permission of instructor,Advanced Studies,ENG 317
https://elon.smartcatalogiq.com/en/2025-2026/academic-catalog/courses/eng-english/300/eng-3150,ENG3150,Intermediate Creative Writing: Nonfiction,"In this writing workshop, students develop a specific aspect of writing ability (e.g., voice, stylistics) or practice a particular type of writing (e.g., essay, biography, travel writing). Focus changes each semester.",4 sh,ENG 2130 or permission of instructor,Advanced Studies,ENG 315
https://elon.smartcatalogiq.com/en/2025-2026/academic-catalog/courses/eng-english/300/eng-3160,ENG3160,Intermediate Creative Writing: Poetry,"This workshop, centered around students' poems, also includes study of contemporary poetry (occasionally earlier) to learn poetic techniques and to recognize the many possibilities of poetic forms, subjects and voices.",4 sh,ENG 2130 or permission of instructor,Advanced Studies,ENG 316
https://elon.smartcatalogiq.com/en/2025-2026/academic-catalog/courses/eng-english/300/eng-3640,ENG3640,Film Criticism,"This course emphasizes how to interpret cinema critically, using films that illustrate cultural differences, periods and types of filmmaking and achievements in techniques and ideas of the greatest directors.",4 sh,ENG 1100,Advanced Studies,ENG 362
https://elon.smartcatalogiq.com/en/2025-2026/academic-catalog/courses/eng-english/300/eng-3660,ENG3660,Contemporary Writers,"This course explores contemporary movements in fiction, poetry and nonfiction with special attention to style and technique. This course will include significant reading as well as the production of original work. Assignments will be both creative and academic.",4 sh,"ENG 1100, ENG 2130, or permission of instructor",Expression; Literature; Advanced Studies; Advanced Literature,ENG 366
https://elon.smartcatalogiq.com/en/2025-2026/academic-catalog/courses/eng-english/300/eng-3985,ENG3985,Writing Internship,"Writing Internships give English majors from all concentrations practical experience in workplace settings potentially connected to future careers. Specific requirements will vary, but will include readings, reflective writing assignments and creating a portfolio.",1-4 sh,ENG 1100,Experiential Learning Requirement; Advanced Studies; Internship,ENG 381
https://elon.smartcatalogiq.com/en/2025-2026/academic-catalog/courses/eng-english/400/eng-4130,ENG4130,Advanced Creative Writing,"Students in this workshop course will combine their reading of fiction, nonfiction and poetry with the production of their own new texts. This is specifically designed for the writing and revision of pieces suitable for publication and manuscripts appropriate for application to graduate writing programs. This class will be extremely rigorous while preserving the supportive and constructive atmosphere of the writing workshop.",4 sh,"ENG 2130, and at least one upper-level creative writing course (ENG 3150 or ENG 3160 or ENG 3170)",Advanced Studies,ENG 413
https://elon.smartcatalogiq.com/en/2025-2026/academic-catalog/courses/eng-english/400/eng-4971,ENG4971,Senior Seminar: Creative Writing,"The senior seminar in creative writing focuses on the students' production of new work in fiction, poetry and/or nonfiction in a workshop environment. Emphasis is also placed on the active reading of contemporary authors.",4 sh,"ENG 213, majors only or by permission of instructor",Advanced Studies,ENG 496
https://elon.smartcatalogiq.com/en/2025-2026/academic-catalog/courses/eng-english/400/eng-4970,ENG4970,Senior Seminar: Literature,"This capstone seminar requires majors to integrate and extend their knowledge and practice of literary study. It emphasizes independent research, effectively presenting research in oral and written forms, and awareness of current debates in literary studies.",4 sh,Majors only or by permission of instructor,Advanced Studies,ENG 4970
https://elon.smartcatalogiq.com/en/2025-2026/academic-catalog/courses/eng-english/400/eng-4990,ENG4990,Teaching and Learning Apprenticeship,"Teaching and Learning Apprentices work with a faculty mentor on a particular course. This experience is intended for exceptional students who wish to deepen their knowledge of the discipline, gain a better understanding of the professional academic life, engage in a meaningful mentoring relationship with a faculty mentor around issues related to teaching, enhance their interpersonal and communication skills, and develop their leadership skills. The experience may be of particular value to students who wish to pursue a career in higher education or teaching in general.",1-4 sh,"The TLA must have a) completed the course for which she/he will be a TLA with a grade of at least an A-, b) completed higher level relevant course work that prepares the student to be a TLA with a minimum grade of B+, or c) by permission of the department chair; The TLA must have a cumulative GPA of 3.0 or higher; The TLA must have junior or senior standing; A registration form must be completed and submitted prior to the first day of class for which the student will serve as a TLA. The form will require a syllabus for 4990, the course syllabus for which the student will serve as a TLA, and the signatures of the TLA, faculty mentor, the TLA's faculty advisor, the department chair/program director or coordinator, and the Dean of Elon College.",Advanced Studies,ENG 489
https://elon.smartcatalogiq.com/en/2025-2026/academic-catalog/courses/eng-english/400/eng-4999,ENG4999,Research in English,This course offers students the opportunity to create an undergraduate original research project guided by a faculty mentor.,1-4 sh,Permission of instructor,Experiential Learning Requirement; Advanced Studies,ENG 499
https://elon.smartcatalogiq.com/en/2025-2026/academic-catalog/courses/ens-environmental-studies/100/ens-1160,ENS1160,Introduction to Geology,"Geology is the study of the planet that supports and sustains us. Geologists learn to read the record of the history of our planet, deciphering the clues left behind in Earth materials. This geology course includes a study of the nature and origin of rocks and minerals, evolution of the landscape, plate tectonics, coastal dynamics and geologic time. Laboratory included. Counts as laboratory science in the Core Curriculum.",4,None,Core Curriculum - Science/Analysis: Lab Science,FallSpring
https://elon.smartcatalogiq.com/en/2025-2026/academic-catalog/courses/ens-environmental-studies/200/ens-2150,ENS2150,Diversity of Life,"This course examines the basic concepts of biological form and function, based on evolutionary relationships and diversity. Students investigate the natural history of local species and their role in community dynamics. Laboratory experiences emphasize field investigations, including sampling techniques, species identification and data analysis.",4 sh,ENS 1110/ENS 1130 or BIO 1120/BIO 1140,Science; Laboratory,ENS 215
https://elon.smartcatalogiq.com/en/2025-2026/academic-catalog/courses/ens-environmental-studies/300/ens-3110,ENS3110,Sustainable Food Production,"Food production issues of organic and conventional food production will be discussed. Topics will include: soil and resource management, closed loop fertility, personal diet design, compost, pest management and planning and planting of crop cycles. Biointensive food production will be emphasized. Biointensive is a millennial old technique used by various civilizations that has been developed to address sustainable food production. It is widely promoted by many development NGOs including the Peace Corps.",4 sh,A previous college-level laboratory science course or permission from instructor,Science; Poverty and Social Justice Elective,ENS 311
https://elon.smartcatalogiq.com/en/2025-2026/academic-catalog/courses/ens-environmental-studies/300/ens-3140,ENS3140,Agroecology,"This course covers the science and practice of agricultural food production and its impact upon surrounding landscapes.  Currently, 38% of the land surface (including mountains, urban centers, tundra, and set asides) are used in food production.  Additionally there will be more mouths to feed and more calories per person needed.  These factors contribute to a growing impact on our natural world to provide for us and to maintain natural system services. Farming for both our food, energy and fiber needs and for the support of natural system services will be critical for the overall wellbeing of ourselves and for future generations.  This class includes a required co-requisite lab component.  This course satisfies the laboratory science requirement of the Core Curriculum. Offered fall of odd-numbered years.",4 sh,Prerequisite:  ENS 1110/1130 or permission of the department chair.,Science; Laboratory; Advanced Studies,ENS 314
https://elon.smartcatalogiq.com/en/2025-2026/academic-catalog/courses/ens-environmental-studies/300/ens-3200,ENS3200,Restoration Ecology,"The restoration of ecosystems involves the intentional activities by humans that initiate or accelerate the recovery of an ecosystem with respect to its health, integrity and sustainability. Students will learn to assess the health, function and value of ecosystems, with a goal of establishing restoration targets and objectives. They will explore varied restoration approaches and techniques for evaluation of success through specific case studies, field labs and field trips to restoration projects in North Carolina that will be held outside of scheduled classroom times.",4 sh,"ENS 1110 and ENS 1130, or BIO 1112 and BIO 1113, or permission of instructor",Science; Laboratory; Advanced Studies; Biology Elective,ENS 320
https://elon.smartcatalogiq.com/en/2025-2026/academic-catalog/courses/ens-environmental-studies/300/ens-3300,ENS3300,Wildlife Ecology,"This course will introduce students to the field of wildlife ecology, giving them a sound background in its theory and practice. It will also introduce students to applied methodology for studying wildlife, including experimental design, survey techniques and data analysis.",4 sh,"ENS 1110 and ENS 1130, or BIO 1120 and BIO 1130 or permission of instructor",Satisfies the laboratory science requirement of the Elon Core Curriculum program.,ENS 330
https://elon.smartcatalogiq.com/en/2025-2026/academic-catalog/courses/ens-environmental-studies/300/ens-3210,ENS3210,Urban Ecology,"Worldwide, the majority of people live in cities, and that number continues to grow.  Urban systems have an impact on the water balance, climate, coexistence of species, air, food systems and resources, profoundly altering ecological processes and structure.  These changes also alter the ecological services that support human life. In this course, we will take an applied scientific approach to learn how environmental management can mitigate these effects, thus improving human ecological support systems in urban and developing environments.  The primary goal is to understand ecological processes, biological communities, and ecosystem services as they are affected by urbanization.  Emphasis will be placed on building an understanding of how these effects could be managed through planning with a goal of fostering sustainable ecological systems in urban settings. This class includes a required co-requisite lab component.    This course satisfies the laboratory science requirement of the Elon Core Curriculum program. Offered winter.",4 sh,Prerequisite:  ENS 1110 and 1130 or permission of the department chair.,Science; Laboratory; Advanced Studies,ENS 321
https://elon.smartcatalogiq.com/en/2025-2026/academic-catalog/courses/ens-environmental-studies/300/ens-3460,ENS3460,Wetland Ecology and Management,"This course will present the biological, chemical and physical properties of wetland ecosystems in North America. Topics will include hydrology, biogeochemistry, biological adaptations, ecology and functional aspects of wetlands. Principles behind wetland classification, delineation and management will also be introduced. This class will maintain a strong field component involving field techniques, monitoring and evaluation of wetlands.",4 sh,BIO 1514 or ENS 2150 or permission of instructor,Science; Advanced Studies,ENS 346
https://elon.smartcatalogiq.com/en/2025-2026/academic-catalog/courses/ens-environmental-studies/300/ens-3590,ENS3590,Special Topics Seminar,Each seminar is a non-laboratory discussion course that focuses on one environmental topic determined by student and faculty interest.,2-4 sh,Permission of instructor,Advanced Studies,ENS 359
https://elon.smartcatalogiq.com/en/2025-2026/academic-catalog/courses/ens-environmental-studies/400/ens-4999,ENS4999,Research,Students conduct laboratory and/or field research under the direction of an Environmental Studies faculty member.,1-8 sh,Permission of the department.,Advanced Studies,ENS 499
https://elon.smartcatalogiq.com/en/2025-2026/academic-catalog/courses/ens-environmental-studies/400/ens-4970,ENS4970,Senior Seminar: Environmental Assessment and Project Development,"Students work as a design and management team on a semester-long local or regional environmental project. Students must be able to analyze data, conduct field research and critically analyze studies and other materials associated with environmental issues. They must also recognize the value of community partnerships in their work, and to work effectively with these partners and stakeholders. The goal of this course is for students to improve and demonstrate these cross-disciplinary skills.",4 sh,"ENS 2000, Senior standing, Environmental Studies major or Environmental and Ecological Science major",Advanced Studies,Fall
https://elon.smartcatalogiq.com/en/2025-2026/academic-catalog/courses/ent-entrepreneurship/300/ent-3440,ENT3440,Tech Tools for Innovation,"This course is dedicated to learning tools that organizations use to fuel innovation – tools students can use to perform better in future classes and the workplace. Tools include drawing, collaboration and planning, infographics, flowcharts, prototyping, 3-D printing, artificial intelligence, computer programming, and more. No prior coding experience is required. The course is project-based, meaning students will not just learnabouttechnologies (including their shortcomings), but gain the ability tousethem. Students will create an individual portfolio of workworthy of being shared with potential employers.",4 sh,ENT 2500  or BUS 1110,Elective,
https://elon.smartcatalogiq.com/en/2025-2026/academic-catalog/courses/ent-entrepreneurship/400/ent-4600,ENT4600,Bringing the Venture to Life,"This course focuses on developing business plans for new ventures and on the entrepreneurial process of new venture creation. Topics include idea conception, developing research resources, competition analysis, risk management, funding strategies, pro-forma financial projections, consideration of milestones, exit strategies and social responsibility.",4 sh,ENT 3400,Business Elective,ENT 460
https://elon.smartcatalogiq.com/en/2025-2026/academic-catalog/courses/ess-exercise-science/200/ess-295,ESS2140,Research Methods,"This course is an overview of research methods and procedures. Areas of investigation include research study and design, research study procedures, scientific writing, data collection, presentation styles and statistical analysis. Prerequisite:ESS 1110orDAN 1020",4 sh,ESS 1110 or DAN 1020,Exercise Science Elective,FallSpring
https://elon.smartcatalogiq.com/en/2025-2026/academic-catalog/courses/ess-exercise-science/200/ess-2200,ESS2200,Exercise and Intervention,"This course examines the science behind exercise as 'medicine' and offers students an opportunity to apply acquired knowledge and skills through participation in at least 20 hours of service learning with clients from community partners. Service learning is an experiential educational approach that involves an established community partnership, where students guided by the expertise of a professor and a community based practitioner, address a community need. In this course, those needs will involve physical  activity or health in some way. Through both the academic and service learning components of this course, students will understand the role of various forms of physical activity to prevent and treat clinical conditions, including muscular skeletal, cardiovascular, pulmonary, mental health, and neurological issues associated with aging. Students will continue to develop skills in analyzing and interpreting clients' health status before, during, and after exercise. They will design and critique either exercise interventions or other health education programming, applying relevant guidelines and theories, with a focus on cultural sensitivity and equity issues. Students will cultivate cultural competence and professional communication skills through direct interactions with clients and supervising community partners.",2 sh,ESS 1110,"Service Learning, Experiential Learning",FallSpring
https://elon.smartcatalogiq.com/en/2025-2026/academic-catalog/courses/ess-exercise-science/200/ess-281,ESS2981,Practicum in Exercise Science,"The practicum introduces the student to professions in exercise science and health-related fields. Students choose three different agencies in which they will shadow a practitioner for approximately 27 hours. A minimum of 80 hours is required. Students discuss their experiences through written reports in which they reflect upon and critique the experience, practitioner and agency, and the practitioners evaluate the students' career potential, professionalism and motivation for learning.",2 sh,"ESS 1110, ESS major",Experiential Learning Requirement; Exercise Science Elective; Internship,ESS 281
https://elon.smartcatalogiq.com/en/2025-2026/academic-catalog/courses/ess-exercise-science/200/ess-2215,ESS2215,Theory and Practice of Strength Training and Conditioning,"This course covers physical fitness testing and strength evaluation of the athlete, components of a physical conditioning program, use of commercial and free weight equipment, technique/skill demonstration, evaluation of and designing and implementing fitness/conditioning programs. This course is designed to assist students in preparation for taking the NSCA-Strength and Conditioning Specialist (CSCS) exam or NSCA-Certified Personal Trainer (NSCA-CPT) exam.",4 sh,BIO 2312 or BIO 3312,Exercise Science Elective,ESS 215
https://elon.smartcatalogiq.com/en/2025-2026/academic-catalog/courses/ess-exercise-science/300/ess-324,ESS3120,Physiology of Exercise,"This course is a study of the acute responses and chronic adaptations to exercise. An in-depth investigation of the impact exercise has on cellular and systemic function will be the primary focus. Laboratory activities include investigation of aerobic and anaerobic power and capacity, metabolism, muscle function, flexibility, heart rate, blood pressure and body composition.",4 sh,BIO 2412,Advanced Studies; Exercise Science Elective; Public Health Elective,ESS 324
https://elon.smartcatalogiq.com/en/2025-2026/academic-catalog/courses/ess-exercise-science/300/ess-333,ESS3133,Exercise Psychology,"This course will examine applied and theoretical issues related to the psychology of physical activity. Theories of motivation and exercise behavior will be examined in relation to the increasing problems of exercise adherence and physical inactivity. Other topics that will be discussed include the psychological benefits of exercise, personality and exercise, body image and the psychology of injury. Various techniques will be discussed in relation to motivating exercise behaviors and how to deal with special populations.",4 sh,ESS 2140,Advanced Studies; Exercise Science Elective; Public Health Elective,ESS 333
https://elon.smartcatalogiq.com/en/2025-2026/academic-catalog/courses/ess-exercise-science/300/ess-321,ESS3110,Biomechanics,"Students study the musculoskeletal system and biomechanics from the point of view of physical education activities, exercise/sports injuries and sports skills. Laboratory activities include the use of motion analysis software for projectile analysis, gait analysis, vertical jump analysis, conservation of angular momentum, analysis of lifting and calculation of center of gravity.",4 sh,BIO 2312 or BIO 3312,Advanced Studies,ESS 321
https://elon.smartcatalogiq.com/en/2025-2026/academic-catalog/courses/ess-exercise-science/300/ess-342,ESS3134,Sport Psychology,"This course will examine the theories and research related to sport behavior. The course is designed to introduce you to the field of sport psychology through a broad overview of the major topics in sport psychology including, but not limited to, personality, motivation, arousal, imagery, goal setting and burnout. A focus will be on performance enhancement through practical applications of theory.",4 sh,ESS 2140,Advanced Studies; Exercise Science Elective,ESS 342
https://elon.smartcatalogiq.com/en/2025-2026/academic-catalog/courses/ess-exercise-science/400/ess-440,ESS4220,Exercise and the Cell,"This course will examine cellular physiological processes that underlie exercise; specifically neural conduction, muscle contraction and bioenergetics. This course will address exercise capacity, exercise responses and training adaptations. Various laboratory techniques will be discussed and utilized.",4 sh,ESS 3120 or permission of the instructor,Advanced Studies; Exercise Science Elective; Neuroscience Elective,ESS 440
https://elon.smartcatalogiq.com/en/2025-2026/academic-catalog/courses/ess-exercise-science/400/ess-424,ESS4875,Exercise Testing and Prescription,"Students gain applied knowledge in order to evaluate, develop and supervise exercise programs for both healthy and special populations. Topics include basic terminology, risk identification, types of fitness tests, indications and contraindications to exercise, program administration and effective communication techniques.",4 sh,ESS 3120,Advanced Studies; Exercise Science Elective; Public Health Elective,ESS 424
https://elon.smartcatalogiq.com/en/2025-2026/academic-catalog/courses/ess-exercise-science/400/ess-443,ESS4260,Exercise Psychophysiology,"This course will focus on the psychophysiology of exercise and cover such topics as the influence of exercise on affect, anxiety, depression, sleep, pain and cognitive functioning. Additionally, psychophysiological factors related to performance will be examined. The objective of this course is to give the student an overview of research and theory that has incorporated a psychophysiological (and in some cases a psychobiological) approach, i.e., an approach which views the interaction between physiological and psychological states as a reciprocal relationship.",4 sh,"PSY 1000, ESS 3133 or ESS 3134",Advanced Studies; Exercise Science Elective; Neuroscience Elective,ESS 443
https://elon.smartcatalogiq.com/en/2025-2026/academic-catalog/courses/ess-exercise-science/400/ess-495,ESS4970,Senior Seminar,"This course examines the current trends, ideas, technology and scientific theory associated with exercise science. Students will design, propose, conduct, write and present a substantive research endeavor. They will examine up-to-date disciplinary ideology and discuss these concepts in a seminar-type setting. They will also develop position papers and discuss methods for implementation of fitness concepts in clinical, commercial and community settings. Additionally, they will lead ""journal club"" activities and the ensuing discussion of that topic.",4 sh,"ESS 2140, ESS 3120 and senior standing",Advanced Studies; Exercise Science Elective,ESS 495
https://elon.smartcatalogiq.com/en/2025-2026/academic-catalog/courses/ess-exercise-science/400/ess-482,ESS4985,Internship in Exercise Science,"Upper-class Exercise Science majors select a sports medicine or health-related agency for their internship, a capstone experience. Students serve 80-160 hours at the agency. Students turn in biweekly reports, including a brief discussion of the experience, reflections and a critique of the experience/agency. Students may engage in problem-solving assignments and perform research on some particular topic. Students may also assist with patient/client care and/or training and shadow their supervisor. A research paper is due near the end of the experience.",2-4 sh,"ESS 2981; junior or senior majors; 2.0 GPA overall, 2.0 GPA in major",Experiential Learning Requirement; Exercise Science Elective; Advanced Studies; Internship,ESS 482
https://elon.smartcatalogiq.com/en/2025-2026/academic-catalog/courses/exa-expressive-arts/4000/exa-4100,EXA4100,Current Issues in the Expressive Arts,"This course is an examination of current issues in the expressive arts with an emphasis on cross-cultural contexts of creative expression and the role of the arts in enacting social change. As a capstone course for the expressive arts minor, students will also engage in arts-based research and will design and lead an intermodal project, to be carried out at the end of the semester.",4 sh,EXA 2100 and declared Expressive Arts minor or permission by instructor,Studio,Spring
https://elon.smartcatalogiq.com/en/2025-2026/academic-catalog/courses/fin-finance/400/fin-4120,FIN4120,Investments,"This course provides an introduction to the basic concepts of investments and investment management. It develops a framework within which to view the investment process and an understanding of the institutional setting in which investment decisions are made. Topics covered include financial markets, risk and return analysis, fundamental and technical analysis, derivatives and asset allocation. Finally, global, ethical, legal, regulatory and financial planning issues will be discussed throughout the course.",4 sh,A grade of C+ or better in FIN 3430,Business Elective,FIN 412
https://elon.smartcatalogiq.com/en/2025-2026/academic-catalog/courses/fin-finance/400/fin-4970,FIN4970,BF: Investment Seminar,"This course is a comprehensive, hands-on experience in modern portfolio management. Students will use their financial, accounting, and economic foundations to both value firms and to think carefully about the problems faced by equity analysts, traders, and portfolio managers. This is done while managing a real equity portfolio. The course may be taught as a 4 credit hour semester course, or as a full year course with 2 credit hours in the fall (FIN 461) and 2 credit hours in the spring (FIN 462). This course does not count as a finance elective.",2,This course uses the valuation and investment techniques taught in our three core finance courses.,"This is an invitation-only, seminar-style class where the students manage a portion of the university's endowment across two semesters.",FallSpring
https://elon.smartcatalogiq.com/en/2025-2026/academic-catalog/courses/fin-finance/400/fin-4974,FIN4974,Trading and Markets,"This course studies how modern capital markets function and how securities are traded. We will use the Rotman Interactive Trading software to take the role of a trader with a variety of goals, trading in a live setting with both each other and computer-based agents. We will learn about the different problems and roles traders face as they make markets and manage risk. Institutional details and the legal and ethical environment surrounding securities markets are also a crucial part of this course.",4 sh,FIN 3430,Major - Elective,Fall
https://elon.smartcatalogiq.com/en/2025-2026/academic-catalog/courses/fre-french/100/fre-1020,FRE1020,Elementary French II,"This course continues the development of elementary French skills for students who have already had a solid introduction to French. Emphasis continues to be placed on oral and written communication in the present, past and future tenses as well as on intercultural competency via the study of authentic materials such as music, film, television clips, news articles, blogs and podcasts. Students practice vocabulary and grammatical structures in small group and pair work activities. Communicative activities lead students from structured practice to free expression.",4 sh,FRE 1010 or placement at this level,Civilization,FRE 122
https://elon.smartcatalogiq.com/en/2025-2026/academic-catalog/courses/fre-french/200/fre-2010,FRE2010,Intermediate French I,"This course provides an intensive review of the grammatical structures taught inFRE 1010andFRE 1020and introduces more complex linguistic structures, while placing increased focus on intercultural awareness in French. Increased emphasis is given to reading strategies and composition, including creative writing. Students read and comment on authentic texts treating various cultural topics, and they continue to develop speaking and listening skills through in-class pair and group work, music, film, and other media.",4 sh,FRE 1020 or placement at this level,Civilization; Art History Elective,FRE 221
https://elon.smartcatalogiq.com/en/2025-2026/academic-catalog/courses/fre-french/300/fre-3010,FRE3010,Reel Stories: Contemporary Topics Through Film,"This course examines French-speaking cultures through documentaries and films based on “real” stories. Placing films in their historical and cultural context, we consider how cinema provides a window into society, while recognizing that films are cultural products specific to a particular historical moment. Social history, politics, cultural representation, self-expression and artistic creation are some of the topics under consideration. Students watch films outside of class, and class time is dedicated to engaging discussion about the films and related topics and readings.",4 sh,FRE 2020 or placement at this level,Civilization; Art History Elective; Advanced Studies; International Business Regional Area Course,FRE 321
https://elon.smartcatalogiq.com/en/2025-2026/academic-catalog/courses/fre-french/300/fre-3011,FRE3011,Voices of Identity Through French Phonetics,"This course is designed to help students improve and perfect pronunciation of Modern Standard French and to detect and analyze different accents from the Francophone world in order to better understand French identity. Students will learn features of speech production and methods to correct and enhance their oral French. They will learn the linguistic terminology of French phonetics and the International Phonetic Alphabet in order to gain and hone the ability to transcribe correctly spoken French from various parts of the Francophone world. Exposure to regional and global native speakers will promote critical thinking, intercultural competence, and global citizenship.",4 sh,FRE 2020 or placement at the 3000 level,Civilization; Art History Elective; Advanced Studies,FRE 324
https://elon.smartcatalogiq.com/en/2025-2026/academic-catalog/courses/fre-french/300/fre-3013,FRE3013,Business Cultures of the Francophone World,"This course is an introduction to the culture of business and professional relationships in the Francophone world. Through the analysis of authentic texts from French and Francophone business contexts, students will better understand the global marketplace and its current socio-economic and cross-cultural issues. Students will leave the course with the linguistic, intercultural, and critical thinking skills necessary to pursue work or internship opportunities in a French-speaking country.",4 sh,French 2020 or placement at the 3000-level,Civilization; Art History Elective; Advanced Studies; International Business Regional Area Course,
https://elon.smartcatalogiq.com/en/2025-2026/academic-catalog/courses/fre-french/300/fre-3012,FRE3012,French Cuisine and Culture,"This course explores French culture and language via literature, visual art, music, and current events that feature cuisine. Students will examine and discuss texts related to culinary culture and gastronomy in their appropriate historical contexts in order to analyze the relationship between a place, a people, their language, the land, and the food they produce.",4 sh,FRE 2020 or placement at the 3000 level,Civilization; Art History Elective; Advanced Studies,
https://elon.smartcatalogiq.com/en/2025-2026/academic-catalog/courses/fre-french/300/fre-3060,FRE3060,Perspectives on French Civilization,"This course is designed to help students gain transhistorical perspectives on the diversity of French culture and civilization. Students examine key moments, stories, groups, and individuals to inform their understanding of France's complex history. Topics include colonization, immigration, and the subsequent birth of la francophonie; France's struggle with defining its national identity; and France's role in significant world events.",4 sh,FRE 3050,Civilization; Advanced Studies; Art History Elective; IGS: Europe Regional Concentration; International Business Regional Area Course,FRE 361
https://elon.smartcatalogiq.com/en/2025-2026/academic-catalog/courses/fre-french/300/fre-3050,FRE3050,Methods of Literary and Cultural Analysis,This course provides an in-depth focus on textual analysis in French. Special emphasis is placed on the methodology of close reading as students hone the analytic skills and vocabulary necessary to interpret texts of various genres. Review of grammar and stylistics is also integrated into writing practice.,4 sh,At least one 3000-level course at Elon or abroad.,Civilization; Literature; Expression; Art History Elective; Advanced Studies,FRE 350
https://elon.smartcatalogiq.com/en/2025-2026/academic-catalog/courses/fre-french/300/fre-3061,FRE3061,Perspectives on Early France,This course is designed to help students gain important perspectives on French society from the Middle Ages to the French Revolution via an interdisciplinary approach to the study of important works of literature and other cultural productions. Students examine works in their historical contexts and develop their skills in textual analysis and research in French. The selected works allow students to gain a transhistorical perspective on a unified theme (such as the evolution of French national identity).,4 sh,FRE 3050,Civilization; Expression; Literature; Art History Elective; Advanced Studies,FRE 351
https://elon.smartcatalogiq.com/en/2025-2026/academic-catalog/courses/fre-french/300/fre-3063,FRE3063,Perspectives on the Francophone World,"This course is designed to help students gain important perspectives on the diversity of the French-speaking world. Students examine literary and artistic productions from Francophone cultures in Africa, the Caribbean, Canada, and/or Asia. Topics may include bilingualism, cultural and religious diversity, gender and racial issues, and postcolonial questions. Works are presented in their historical, political and cultural context and help students further consider the concept of la francophonie.",4 sh,FRE 3050,Civilization; Expression; Literature; Advanced Studies; Art History Elective; IGS: Africa Regional Concentration; African and African-American Studies Elective; International Business Regional Area Course,FRE 353
https://elon.smartcatalogiq.com/en/2025-2026/academic-catalog/courses/fre-french/400/fre-4970,FRE4970,Capstone Seminar,"This is the capstone course for students pursuing a French major. The course is structured to model disciplinary research in French and to mentor students through the process of undertaking their own research. During the first half of this course, students will critically study primary and secondary texts from the French-speaking world linked to the professor's research agenda. The professor will model the process of critical reading and research methodologies that lead to the production of an original critical article. During the second half of the course, students will produce an article-length piece of original research treating a significant research question about primary texts in French related to the French and/or Francophone world.",4 sh,FRE 3050 and study abroad,Civilization; Art History Elective; Advanced Studies,FRE 465
https://elon.smartcatalogiq.com/en/2025-2026/academic-catalog/courses/fre-french/300/fre-3062,FRE3062,Perspectives on Modern France,This course is designed to help students gain important perspectives on French society from the late 18th century to the present via an interdisciplinary approach to the study of important works of literature and other cultural productions. Students examine works in their historical contexts and develop their skills in textual analysis and research in French. The selected works allow students to gain a transhistorical perspective on a unified theme (such as war stories).,4 sh,FRE 3050,Civilization; Art History Elective; Advanced Studies; Expression; Literature; IGS: Europe Regional Concentration; International Business Regional Area Course,FRE 352
https://elon.smartcatalogiq.com/en/2025-2026/academic-catalog/courses/fre-french/400/fre-4985,FRE4985,Internship,"An internship is strongly encouraged as it provides students with practical experience using French in a professional setting. It may involve teaching, social service, government service, business, etc., in the U.S. or abroad.",1-4 sh,At least one course above the FRE 2020 level and departmental approval in advance,Civilization; Experiential Learning Requirement; Advanced Studies; Art History Elective; Internship,FRE 481
https://elon.smartcatalogiq.com/en/2025-2026/academic-catalog/courses/gbl-global-education/1000/gbl-1020,GBL1020,"Preparatory Seminar for Orlando, Florida (Disney): Happiest Place? The Science of Happiness at Disney","This course helps prepare students academically, interculturally, linguistically and logistically for the corresponding short-term global experience. The seminar is offered on campus in the semester prior to the 4 sh global engagement experience. Completion of this pre-departure preparatory seminar is required for participation inGBL 2020: ORLANDO, FLORIDA (DISNEY): HAPPIEST PLACE? THE SCIENCE OF HAPPINESS AT DISNEY..  Review application and program details on theIsabella Cannon Global Education Center website.",1 sh,Requisite:  Acceptance and participation in GBL 2020 winter term course required.  Prerequisite:  2.00 or higher cumulative GPA.,Society,Fall
https://elon.smartcatalogiq.com/en/2025-2026/academic-catalog/courses/gbl-global-education/1000/gbl-1050,GBL1050,Preparatory Seminar for ESPN: Through the Lens of ESPN,"This course helps prepare students academically, interculturally, linguistically and logistically for the corresponding short-term global experience. The seminar is offered on campus in the semester prior to the 4 sh global engagement experience. Completion of this pre-departure preparatory seminar is required for participation inGBL 2050: Through the Lens of ESPN: From Bristol to Beyond. Review application and program details on theIsabella Cannon Global Education Center website.",1 sh,Acceptance into GBL 2050.,Society,Fall
https://elon.smartcatalogiq.com/en/2025-2026/academic-catalog/courses/gbl-global-education/1000/gbl-1310,GBL1310,Preparatory Seminar for Peru: The Living Heritage of the Andes,"This course helps prepare students academically, inter-culturally, linguistically and logistically for their short-term global experience.  The seminar is offered on campus in the semester prior to the 4 sh global engagement experience. Completion of the pre-departure preparatory seminar is required for participation inGBL 2310PERU: THE LIVING HERITAGE OF THE ANDES.Review application and program details on theIsabella Cannon Global Education Center website.",1 sh,Requisite:  Acceptance and participation in GBL 2310 winter term course required.  Prerequisite:  2.00 or higher cumulative GPA.,Society; Civilization,GBL 131
https://elon.smartcatalogiq.com/en/2025-2026/academic-catalog/courses/gbl-global-education/1000/gbl-1340,GBL1340,Preparatory Seminar for Australia and New Zealand Film,"This course helps prepare students academically, inter-culturally, linguistically and logistically for their short-term global experience. The seminar is offered on campus in the semester prior to the 4 sh global engagement experience. Completion of the pre-departure preparatory seminar is required for participation inGBL 2340AUSTRALIA AND NEW ZEALAND FILM.Review application and program details on theIsabella Cannon Global Education Center website.",1 sh,Requisite:  Acceptance and participation in GBL 2340 winter term course required.  Prerequisite:  2.00 or higher cumulative GPA.,Civilization or Expression (non-literature),GBL 134
https://elon.smartcatalogiq.com/en/2025-2026/academic-catalog/courses/gbl-global-education/1000/gbl-1350,GBL1350,Preparatory Seminar for BIO 3642: Field Biology,"This course helps prepare students academically, inter-culturally, linguistically and logistically for their short-term global experience. The seminar is offered on campus in the semester prior to the 4 sh global engagement experience. Completion of the pre-departure preparatory seminar is required for participation inBIO 3642FIELD BIOLOGY.",1 sh,Acceptance into BIO 3642,Science,GBL 135
https://elon.smartcatalogiq.com/en/2025-2026/academic-catalog/courses/gbl-global-education/1000/gbl-1370,GBL1370,Preparatory Seminar for Multicultural London,"This course helps prepare students academically, inter-culturally, linguistically and logistically for their short-term global experience. The seminar is offered on campus in the semester prior to the 4 sh global engagement experience. Completion of the pre-departure preparatory seminar is required for participation in theGBL 2370MULTICULTURAL LONDON.",1 sh,Acceptance into GBL 2370,Expression (non-literature) or Society,GBL 137
https://elon.smartcatalogiq.com/en/2025-2026/academic-catalog/courses/gbl-global-education/1000/gbl-1410,GBL1410,Preparatory Seminar for Italian Comedy,"This course helps prepare students academically, inter-culturally, linguistically and logistically for their short-term global experience. The seminar is offered on campus in the semester prior to the 4 sh global engagement experience. Completion of the pre-departure preparatory seminar is required for participation inGBL 2410ITALIAN COMEDY.",1 sh,Acceptance into GBL 2410,Expression,GBL 141
https://elon.smartcatalogiq.com/en/2025-2026/academic-catalog/courses/gbl-global-education/1000/gbl-1470,GBL1470,Preparatory Seminar for Ghana: West African History and Culture,"This course helps prepare students academically, inter-culturally, linguistically and logistically for their short-term global experience. The seminar is offered on campus in the semester prior to the 4 sh global engagement experience. Completion of the pre-departure preparatory seminar is required for participation inGBL 2470GHANA: WEST AFRICAN HISTORY AND CULTURE.",1 sh,Acceptance into GBL 2470,Civilization,GBL 147
https://elon.smartcatalogiq.com/en/2025-2026/academic-catalog/courses/gbl-global-education/1000/gbl-1460,GBL1460,Preparatory Seminar for Greece: Classics in Context,"This course helps prepare students academically, inter-culturally, linguistically and logistically for their short-term global experience. The seminar is offered on campus in the semester prior to the 4 sh global engagement experience. Completion of the pre-departure preparatory seminar is required for participation inGBL 2460GREECE: CLASSICS IN CONTEXT.",1 sh,Acceptance into GBL 2460,Civilization,GBL 146
https://elon.smartcatalogiq.com/en/2025-2026/academic-catalog/courses/gbl-global-education/1000/gbl-1510,GBL1510,Preparatory Seminar for World War II in Europe: Daily Life in a Time of War,"This course helps prepare students academically, inter-culturally, linguistically and logistically for their short-term global experience. The seminar is offered on campus in the semester prior to the 4 sh global engagement experience. Completion of the pre-departure preparatory seminar is required for participation inGBL 2510WORLD WAR II IN EUROPE: DAILY LIFE IN A TIME OF WAR.",1 sh,Acceptance into GBL 2510,Civilization,GBL 151
https://elon.smartcatalogiq.com/en/2025-2026/academic-catalog/courses/gbl-global-education/1000/gbl-1520,GBL1520,"Preparatory Seminar for Costa Rica: Language, Culture and Ecotourism","This course helps prepare students academically, inter-culturally, linguistically and logistically for their short-term global experience. The seminar is offered on campus in the semester prior to the 4 sh global engagement experience. Completion of the pre-departure preparatory seminar is required for participation inGBL 2520COSTA RICA: LANGUAGE, CULTURE AND ECOTOURISM.",1 sh,Acceptance into GBL 2520,Civilization; Society,GBL 152
https://elon.smartcatalogiq.com/en/2025-2026/academic-catalog/courses/gbl-global-education/1000/gbl-1560,GBL1560,"Preparatory Seminar for Australia: The Stolen Generation: Genocide, Justice and the Aboriginal Australian Experience","This course helps prepare students academically, inter-culturally, linguistically and logistically for their short-term global experience.  The seminar is offered on campus in the semester prior to the 4 sh global engagement experience. Completion of the pre-departure preparatory seminar is required for participation inGBL 2560AUSTRALIA: THE STOLEN GENERATION: GENOCIDE, JUSTICE AND THE ABORIGINAL AUSTRALIAN EXPERIENCE.",1 sh,Acceptance into GBL 2560,Society,GBL 156
https://elon.smartcatalogiq.com/en/2025-2026/academic-catalog/courses/gbl-global-education/1000/gbl-1530,GBL1530,Preparatory Seminar for Australia: Ecotourism in Australia,"This course helps prepare students academically, inter-culturally, linguistically and logistically for their short-term global experience. The seminar is offered on campus in the semester prior to the 4 sh global engagement experience. Completion of the pre-departure preparatory seminar is required for participation inGBL 2530AUSTRALIA: ECOTOURISM IN AUSTRALIA.",1 sh,Acceptance into GBL 2530,Society,GBL 153
https://elon.smartcatalogiq.com/en/2025-2026/academic-catalog/courses/gbl-global-education/1000/gbl-1570,GBL1570,Preparatory Seminar for Literary Landscapes of England,"This course will prepare students forENG 2570and will involve a significant amount of reading and writing.  Students will explore the world of English literature, language, culture, and history, examine England through the centuries and learn how culture and history have shaped English literature—from the days of the Anglo-Saxons to the modern, multicultural 21st century, and begin research on an author and his/her works.",1 sh,Acceptance into ENG 2570,Expression,Fall
https://elon.smartcatalogiq.com/en/2025-2026/academic-catalog/courses/gbl-global-education/1000/gbl-1580,GBL1580,"Preparatory Seminar for the Literature of Southern Italy: Myths, Mafia, and Migration","This course helps prepare students academically, interculturally, linguistically and logistically for their short-term global experience. The seminar is offered on campus in the semester prior to the 4 sh global engagement experience. Completion of the pre-departure preparatory seminar is required for participation inGBL 2580THE LITERATURE OF SOUTHERN ITALY.",1 sh,Acceptance into GBL 2580,Expression,Fall
https://elon.smartcatalogiq.com/en/2025-2026/academic-catalog/courses/gbl-global-education/1000/gbl-1590,GBL1590,"Preparatory Seminar for Ireland: Literature, Culture and History","This course helps prepare students academically, inter-culturally, linguistically and logistically for their short-term global experience.  The seminar is offered on campus in the semester prior to the 4 sh global engagement experience. Completion of the pre-departure preparatory seminar is required for participation inGBL 2590IRELAND: LITERATURE, CULTURE AND HISTORY.",1 sh,Acceptance into GBL 2590,Expression; Civilization,GBL 159
https://elon.smartcatalogiq.com/en/2025-2026/academic-catalog/courses/gbl-global-education/1000/gbl-1620,GBL1620,Preparatory Seminar for from Gutenberg to the Web: Media's Impact on Western Civilization,"This course helps prepare students academically, inter-culturally, linguistically and logistically for their short-term global experience.  The seminar is offered on campus in the semester prior to the 4 sh global engagement experience. Completion of the pre-departure preparatory seminar is required for participation inGBL 2620FROM GUTENBERG TO THE WEB: MEDIA'S IMPACT ON WESTERN CIVILIZATION.",1 sh,Acceptance into GBL 2620,Civilization; Society,GBL 162
https://elon.smartcatalogiq.com/en/2025-2026/academic-catalog/courses/gbl-global-education/1000/gbl-1650,GBL1650,Preparatory Seminar for Italy: Fine Arts,"This course helps prepare students academically, inter-culturally, linguistically and logistically for their short-term global experience.  The seminar is offered on campus in the semester prior to the 4 sh global engagement experience. Completion of the pre-departure preparatory seminar is required for participation inGBL 2650ITALY: FINE ARTS.",1 sh,Acceptance into GBL 2650,Expression,GBL 165
https://elon.smartcatalogiq.com/en/2025-2026/academic-catalog/courses/gbl-global-education/1000/gbl-1660,GBL1660,Preparatory Seminar for Critically Engaged Eco-Tourism in New Zealand,"This course helps prepare students academically, inter-culturally, linguistically and logistically for their short-term global experience. The seminar is offered on campus in the semester prior to the 4 sh global engagement experience. Completion of the pre-departure preparatory seminar is required for participation inGBL 2660CRITICALLY ENGAGED ECO-TOURISM IN NEW ZEALAND.",1 sh,Acceptance into GBL 2660,Society; Civilization,GBL 166
https://elon.smartcatalogiq.com/en/2025-2026/academic-catalog/courses/gbl-global-education/1000/gbl-1680,GBL1680,Preparatory Seminar for Costa Rica Unplugged: Sustainable Ecotourism,"This course prepares for the Winter Term Costa Rica Unplugged: Sustainable Ecotourism course. The course includes readings on ecology, policy, geography, and culture of Costa Rica. In addition, students prepare for near-peer mutual-mentoring that they will experience during the Winter Term course.  The purpose is to build background knowledge prior to the study abroad experience.  Students are encouraged to take Spanish classes from the Spanish department or from El Centro prior to the WT course. Goals of the course include increasing environmental awareness and an understanding of the complexities of sustainability, developing knowledge or the commons (nature, community and culture), and being introduced to theories of experiential learning. Completion of the pre-departure preparatory seminar is required for participation inGBL 2680Costa Rica Unplugged: Sustainable Ecotourism.Application and acceptance required. Additional travel fee is required.",1 sh,Acceptance into GBL 2680,Society,Fall
https://elon.smartcatalogiq.com/en/2025-2026/academic-catalog/courses/gbl-global-education/1000/gbl-1800,GBL1800,Preparatory Seminar for China: The Flying Dragon,"This course helpsprepare students academically, inter-culturally, linguistically and logistically for their short-term global experience. The seminar is offered on campus in the semester prior to the 4 sh global engagement experience. Completion of the pre-departure preparatory seminar is required for participation inGBL 2800CHINA: THE FLYING DRAGON.",1 sh,Acceptance into GBL 2800,Society; Civilization,GBL 180
https://elon.smartcatalogiq.com/en/2025-2026/academic-catalog/courses/gbl-global-education/1000/gbl-1860,GBL1860,"Preparatory Seminar for India's Identities: Religion, Caste and Gender in Contemporary South India","This course helpsprepare students academically, inter-culturally, linguistically and logistically for their short-term global experience. The seminar is offered on campus in the semester prior to the 4 sh global engagement experience. Completion of the pre-departure preparatory seminar is required for participation inGBL 2860INDIA'S IDENTITIES: RELIGION, CASTE AND GENDER IN CONTEMPORARY SOUTH INDIA.",1 sh,Acceptance into GBL 2860,Civilization; Society,GBL 186
https://elon.smartcatalogiq.com/en/2025-2026/academic-catalog/courses/gbl-global-education/1000/gbl-1850,GBL1850,Preparatory Seminar for Renaissance Italy: Video Games Versus Reality,"The pre-departure course will provide students the chance to play through and analyze in groups theAssassin’s Creed IIvideo game. The game takes approximately 19 hours to beat, so, groups of students will be assigned roughly 1 to 1.5 hours of game play each week. PlayStation 4 Consoles and copies of the game will be on reserve through Media Services and in Belk Library, respectively. This exploration will give students the chance to preview Renaissance Italian cities, personalities, and works of art in an in-depth, immersive digital environment.",1 sh,Acceptance into GBL 2851,Civilization,Spring
https://elon.smartcatalogiq.com/en/2025-2026/academic-catalog/courses/gbl-global-education/1000/gbl-1891,GBL1891,Preparatory Seminar for Buen Camino: Finding Purpose and Meaning Along the Way,"This course helps prepare students academically, interculturally, linguistically, and logistically for the corresponding travel embedded global experience. The seminar is offered in the semester prior to the 4 sh travel embedded global experience. Completion of this pre-departure preparatory seminar is required for participation inCOR 3890Buen Camino. Review application and program details on the Isabella Cannon Global Education Centerwebsite.",1,"GBL 1891 is a required prerequisite for summer travel-embedded COR 3890 course. Thus, a failing grade in GBL 1891 will result in your withdrawal from the summer travel embedded COR 3890 course, and you will be held responsible for costs per the cancellation policy. In order to fully be removed from the course and program, you must both drop the course via OnTrack and complete the cancellation form on MyElonGlobal.

PREREQUISITE
2.0 or higher cumulative GPA.  Review program details on the Isabella Cannon Global Education Center website.","Civilization, Advanced Studies in the Arts and Sciences",Summer
https://elon.smartcatalogiq.com/en/2025-2026/academic-catalog/courses/gbl-global-education/2000/gbl-2000,GBL2000,Arizona: On the Line in the Immigration Debate,"The immigration debate along the southwestern border of the United States is multifaceted because of the unique geography, history and cultural interactions of the region. In this course, students will learn about immigration from multiple perspectives and interact with numerous stakeholders along the Arizona/Sonora border. Activities will include meetings with government officials from both countries, interaction with humanitarian groups, exposure to the unique geographical features of the Sonora Desert, presentations by scholars, experiences with artists, contact with the migrants themselves and group reflection. By the end of the course, students will engage effectively in public discourse about the complicated issue of immigration from a much broader perspective than that of the average U.S. citizen.",4 sh,Acceptance into the program.,Latin America Studies Elective,GBL 200
https://elon.smartcatalogiq.com/en/2025-2026/academic-catalog/courses/gbl-global-education/2000/gbl-2010,GBL2010,Discovering Dixie,"This course explores the diverse cultures, rich histories and traditions, music, food, and locations that help create our contemporary definitions of “Dixie” and encourages students to develop a formative understanding of the region as a multi-cultural and dynamic, rapidly evolving yet perpetually “southern” influence in the United States. The course is a travel-embedded course that begins meeting on campus, then travels for approximately 12 days to locations such as the Eastern Band of the Cherokee Qualla Indian Boundary; Nashville and Memphis, Tennessee; Oxford, Mississippi; New Orleans, Louisiana; Mobile, Selma and Birmingham, Alabama; Atlanta, Georgia; and Charlotte, North Carolina.",4 sh,Acceptance into the program.,Civilization; Society,GBL 201
https://elon.smartcatalogiq.com/en/2025-2026/academic-catalog/courses/gbl-global-education/2000/gbl-2011,GBL2011,Opera in Florence: The Global-Citizen Artist,"Music is a universal language, and through this course, we will explore the world of music, culture, and opera in Italy. Specifically, we will investigate opera and vocal performance as an act of community engagement, civic partnership, and cultural exploration through the lens of artistic empowerment. We will immerse ourselves in the historic city of Florence, which is the birthplace of Opera, and allow the architecture, art, dance, texture, history, politics, music, poetry, communities, and people to inspire and shape our music-making and our definition of what it means to be a global citizen-artist. Throughout the course, students will be asked to build upon their understanding of the global citizen-artist gained in the predeparture course, examine the concept of the global citizen-artist authentically and continually, and document their scholarly and artistic development through a variety of mechanisms, including: daily journal entries, daily rehearsals, post-rehearsal analysis, analysis of professional opera and concert performances, and a post-performance analysis. Students will also perform solos and ensemble pieces on concerts and recitals held in historic public venues, as well as participate in a full opera production.",4 sh,GBL 1011,Expression,Summer
https://elon.smartcatalogiq.com/en/2025-2026/academic-catalog/courses/gbl-global-education/2000/gbl-2020,GBL2020,"Orlando, Florida (Disney): Happiest Place? The Science of Happiness at Disney","Examining literature from sociology, psychology, economics, anthropology, humanities, arts and the natural sciences (neuroscience, biology, and behavioral genetics), students will be invited to consider the ways in which physical environments can shape individual and group experiences of happiness. We will consider happiness in a social context and with attention to the tangible and intangible costs of happiness. We will deconstruct the ways happiness is constructed and performed in the Disney setting. Emphasis is placed on the ways happiness is defined cross-culturally and on the different ways individuals and groups pursue and experience happiness. The relationship between happiness and social stratification is examined.",4 sh,Acceptance into the program and completion of GBL 1020,Society,Winter
https://elon.smartcatalogiq.com/en/2025-2026/academic-catalog/courses/gbl-global-education/2000/gbl-2030,GBL2030,"Miami, Florida: Ecology, Conservation and Sustainability","Modern American life demands significant resources and creates tremendous amounts of waste. And yet, the preservation of healthy ecosystems and the services they provide are also crucial to a healthy and productive human existence. This Winter Term Study USA course examines 1) where resources come from, 2) how waste is processed, and 3) how local, state, and national parks maintain ecological integrity in a world dominated by humans. We will use the operation of the City of Miami, Florida to understand behind-the-scenes logistics, and the natural resources of South Florida to learn about sustainable land management practices. More specifically, topics covered will include modern forestry methods, water treatment, floodwater management, solid waste disposal, recycling, state and national park management practices, ecosystem services, invasive species, ecological research, the role of zoos and aquaria in conservation, and conservation practices on public and private lands. This course will include service projects in Everglades NP, Biscayne Bay NP, and/or Big Cypress National Preserve. As a city surrounded on three sides by ecologically sensitive areas, Miami is an ideal location to study the balance between modern human life and the maintenance of healthy ecosystems.",4 sh,Acceptance into the program and completion of GBL 1030,Civilization; Science; Laboratory,GBL 203
https://elon.smartcatalogiq.com/en/2025-2026/academic-catalog/courses/gbl-global-education/2000/gbl-2050,GBL2050,Through the Lens of ESPN: From Bristol to Beyond,"This course utilizes the history of ESPN as well as site visits to media organizations in the United States and abroad to examine the political, economic, and cultural influence of sports media on society around the world. It traces the evolution of ESPN from a small television company in Bristol, CT to an international multimedia giant, highlighting key milestones in the organizationâs history in an effort to contextualize those events within the global media ecosystem. Students will tour ESPN facilities, meet with media executives from various organizations, attend sporting events, and apply theoretical concepts from both business and communications to timely and relevant sports media issues. While some site visits will remain static (e.g. New York and Bristol, CT), others will change year-to-year in an attempt to emphasize noteworthy events in the global sports calendar.",4 sh,GBL 1050,Society,Winter
https://elon.smartcatalogiq.com/en/2025-2026/academic-catalog/courses/gbl-global-education/2000/gbl-2040,GBL2040,"US/Mexico Borderlands: Culture, Environment and Immigration","The US/Mexico borderland region presents a unique cultural and environmental setting in which to explore the intersections of human migration and global climate change, as well as the historical legacies of imperialism and settler colonialism. This fragile desert environment is on the front lines of the immigration debate in the US, and has been witness to successive waves of border enforcement, including the construction of the border wall. With rising temperatures and deepening drought threatening to parch this already arid landscape, communities in this region are seeking out new ways to live sustainably in their desert surroundings, often drawing on indigenous knowledge to do so. This course explores the connections between migration, climate, and culture in the Sonoran Desert along the US/Mexico border. Situated in this unique environment, students will witness the ecology and ecological impact of border enforcement, and learn how drought, climate change and agricultural failure are drivers of migration. Students will also get the chance to meet with and hear the stories of numerous stakeholders involved in the immigration and border enforcement debate, both in the border area as well as here in North Carolina. Specifically, students will get to meet, and in some cases work alongside, humanitarian groups, human rights advocates, sanctuary churches, government officials, tribal elders, Mexican-American community leaders, artists, scholars, and migrants themselves.",4 sh,GBL 1040,Civilization,Winter
https://elon.smartcatalogiq.com/en/2025-2026/academic-catalog/courses/gbl-global-education/2000/gbl-2060,GBL2060,Hawaii: Nation or State? In Search of Hawaiian Identity,"Most people think of Hawaii as a tropical paradise where they can be entertained by Hula dancers and opulent luaus. This course is designed to show students the complexity of the Hawaiian islands and the fight that continues to this day for those who are in danger of losing their very identities. We will explore the many tensions that exist in Hawaii that rest under the surface of the tourist propaganda. From classes at the University of Hawaii to talks with native Hawaiian activists, we will look at such issues as whether Hawaii should be seen as its own nation or a state. Historical, cultural and personal aspects of life there will be studied with the hope that students will come to understand in a deeper way the tensions between the image and the reality of the Hawaiian Islands.",4 sh,Acceptance into the program and completion of GBL 1060,Civilization; Society,GBL 206
https://elon.smartcatalogiq.com/en/2025-2026/academic-catalog/courses/gbl-global-education/2000/gbl-2080,GBL2080,"Boston, Massachusetts: Mindful America, Mindful Elon","This course is designed to help students explore the history and development of mindfulness in the United States and consider the influence of mindfulness practices on trends in higher education. Travel is centered in Boston, Massachusetts-an important location for mindfulness research and training. Students also participate in a mindfulness retreat at the Kripalu Center for Yoga and Health in western Massachusetts. Guided by their own experiences and research, students will return to Elon and consider how persuasion and advocacy efforts could be used to create a more “mindful"" campus. Final projects will include creative communications campaigns designed to inform and influence the Elon community.",4 sh,Acceptance into the program.,Society; One ELR unit,GBL 208
https://elon.smartcatalogiq.com/en/2025-2026/academic-catalog/courses/gbl-global-education/2000/gbl-2070,GBL2070,The Presidential Campaign Trail Starts Here: The First Two Primaries,"This course introduces you to the complexities of the presidential primaries from a field engagement perspective. As the name indicates,The Presidential Campaign Trail Starts Here: The First Two Primaries” we will follow the Republican and Democratic presidential candidates in the first two primary states of the 2024 presidential race.  These primaries are worth significant attention because they set the stage for what follows – the general presidential race that culminates in November 2024. That means, we will travel to the initial two state primaries that take place. You will have the opportunity to spend about 10 days in each location. Once there, you will talk with presidential candidates, hear what voters have to say about the issues that are important to them, and experience the buzz of our democracy in action.",4 sh,Required pre-requisite: GBL 1070,Society; Experiential Learning Requirement,Winter
https://elon.smartcatalogiq.com/en/2025-2026/academic-catalog/courses/gbl-global-education/2000/gbl-2310,GBL2310,Peru: The Living Heritage of the Andes,"This interdisciplinary course combines study of the language, history, culture, politics and environment of this storied country. No prior knowledge of Spanish is required for enrollment, but students will develop conversational skills in classes at a language academy and through informal contact with Peruvians. The course will also feature group discussions focusing on the richness of Peru's cultural and environmental heritage in a global context. Peru remains a fascinating mixture of old and new; of cosmopolitan centers such as Lima, Arequipa and Cuzco; and tiny, remote villages; of beautiful coastlines, fascinating deserts, high mountains, and dense jungles. However, Peru's spectacular environment is under pressure from influences such as increasing population, globalization, pollution, geopolitical issues and natural phenomena.",4 sh,Acceptance into the program and completion of GBL 1310,Civilization; Society; Experiential Learning Requirement; Latin America Studies Elective,GBL 231
https://elon.smartcatalogiq.com/en/2025-2026/academic-catalog/courses/gbl-global-education/2000/gbl-2300,GBL2300,The Call of South Africa,"The Call of South Africa is an interdisciplinary course with an exciting and rigorous itinerary that allows students to think about the role of literature and the arts in a democracy as they study comparatively the anti-apartheid struggles of South Africa and the United States. Students will come to know intimately the contradictions of a land that is a cultural, spiritual, and political symbol of hope and freedom for people everywhere. The Call of South Africa is a service-learning program that provides interaction with community partners guided by the expertise of professors and community-based practitioners, working together with students to address community needs. Students will prepare for their exciting experiences by studying some of the issues the community faces, participate in service activities that are reciprocally beneficial to the communities and the students, and engage in projects devoted to the public good.",4 sh,Acceptance into the program and completion of ENG 1100 and GBL 1300,Expression; Literature; Society; Experiential Learning Requirement; African and African-American Studies Elective; Peace and Conflict Studies Elective,GBL 230
https://elon.smartcatalogiq.com/en/2025-2026/academic-catalog/courses/gbl-global-education/2000/gbl-2330,GBL2330,Mediterranean: Where East Meets West,"In this course, we study the impact of globalization on societies and institutions in and around the Mediterranean, the intersection of Europe, Africa and Asia. Throughout history, this region has been dynamic culturally, economically, and politically through cultural exchanges between the Mesopotamian, Egyptian, Greek, Arabic, Berber, and Turkish peoples to name a few.  This land has been the conduit for the trade of goods, ideas, technology and culture for thousands of years linking Asia, Africa and Europe.  Here east meets west, ancient cultures are influenced by modern waves of globalization and unique traditions are either lost or preserved. Globalization has created a world where businesses and markets can no longer operate independent of culture. Maintaining identities, culturally and economically, while participating in global markets, has influenced the way international business is conducted today. This course provides a context in which we can begin to address the historical, political, and economic relationship between countries are in or influence the Mediterranean region. We plan to uncover what connects these countries, while appreciating their differences historically, culturally and politically.",4 sh,Acceptance into program and completion of GBL 1330,Society; Civilization; Experiential Learning Requirement,GBL 233
https://elon.smartcatalogiq.com/en/2025-2026/academic-catalog/courses/gbl-global-education/2000/gbl-2325,GBL2325,Postcolonial Sri Lanka at the Global Crossroads,"This course introduces you to the politics, history, culture, and lived experiences of postcolonial Sri Lanka through a study of Anglophone literature. During the three-week period, we will visit four locations in the northern, western, central, and southern provinces that are key to understanding global and postcolonial Sri Lankan politics. While putting the literary texts in dialogue with the socio-political contexts of our travel destinations, we will wrestle with the following questions: How do the literary texts enable us to critically investigate the residual legacies of the Portuguese, Dutch, and English colonialism that radically shifted the islandâs economic, social, cultural, and political spheres from 1505 to 1948? How does literature contest official memories and histories of postcolonial nationalist politics? How does literature constitute testimonies to postcolonial violence that reached a zenith in the 1980s with the outbreak of the civil war between the Sri Lankan government and the Liberation Tigers of Tamil Eelam (LTTE)? How does the postwar era politics (since 2009) inform the public consciousness as captured by writers? How does literature constitute âalternative nonhegemonic sites for justiceâ (Schlund-Vials) where official institutions of justice have failed victims, survivors, and their descendants? How does literature engage with Sri Lankaâs multiple crises of democracy that are muddled in British postcolonialism, Western neoliberalism, and regional (Chinese and Indian) expansionism? You will pose these questions while reading the texts and visiting the locations that are relevant to the events that unfold in the fictional narratives.",4,GBL:1325 (pre-departure course that is specific for this class) Note GBL:1325 is currently under review as well.,Core Curriculum - Literature,Winter
https://elon.smartcatalogiq.com/en/2025-2026/academic-catalog/courses/gbl-global-education/2000/gbl-2335,GBL2335,Art and Revolt: Engaging Revolutionary Spain,"This course explores the rich cultural history of Spain and the development of art movements as catalysts for change. Open to all majors, it will allow students to gain an understanding about how art has responded to and helped shape the political landscape of the region throughout the ages. From Spainâs historical geographic position as a borderland between Christian and Islamic theology to the resistance of fascism following the breakout of the Spanish Civil War, art has played a central role in defining Spainâs history. This immersive course will engage students by exploring modern day Spain and the vast art collections in some of the most renowned museums in the world. Students will use this experience as a springboard to create their own expressive works, understand the power of visual art, and to develop an understanding of new cultural perspectives.",4,This course will require students to complete the pre-departure GBL 1335 fall term course. Please note GBL:1335 is currently under review.,Core Curriculum - Non-Literature Expression,Winter
https://elon.smartcatalogiq.com/en/2025-2026/academic-catalog/courses/gbl-global-education/2000/gbl-2340,GBL2340,Australia and New Zealand Film,"Australia and New Zealand have unique histories and cultures. The history of Australia is marked by its founding as a British penal colony, a rich military tradition, controversial treatment of Aboriginal people, and the distinctiveness of its flora and fauna. All of these elements have shaped an exceptional continental country. Australian and New Zealand cinema has chronicled their history, but (as cinema tends to do) has created a mythology that is often divergent from the factual record. One main component of this course will be to examine the histories and cultures of Australia and New Zealand from books, primary sources, secondary sources, presentations, and research to compare the film mythology to the reality of modern Australian and New Zealand life. This approach will require students to think critically about the films and will give students a framework for their observations in Australia and New Zealand. Each student will choose a topic that is prevalent in Australian and New Zealand film. To develop a full understand of his/her chosen topic, he/she will view appropriate films, conduct in-depth research, and combine these with his/her personal observations and research while traveling in Australia and New Zealand.",4 sh,Acceptance into program and completion of GBL 1340,Civilization; Expression; Experiential Learning Requirement,GBL 234
https://elon.smartcatalogiq.com/en/2025-2026/academic-catalog/courses/gbl-global-education/2000/gbl-2345,GBL2345,"Cubans & the Cuban Diaspora: Politics, Media, and Society in Cuba & Miami","Explore the vibrant tapestry of the Cuban diaspora in Miami and of Cubans through this immersive study away course. We will build on the preparatory seminar with a deeper examination of the intersection of media, politics, and society by engaging with media sources and personalities, and with political figures and institutions, in both Miami and Cuba. We will also grasp more deeply the role of identities and identity intersectionality, and witness first-hand the unique cultural bridgesand dividesthat exist between Miami and Cuba.",4 sh,GBL 1345,Society,Winter
https://elon.smartcatalogiq.com/en/2025-2026/academic-catalog/courses/gbl-global-education/2000/gbl-2370,GBL2370,Multicultural London,"For centuries, the city of London was one of the most important centers of power, commerce and colonialism in the western world. Britain's cultural, commercial, religious and military exploits had global repercussions that have created a city rich in ancient Roman history, traditional British ethos, contemporary ideas and diverse immigrant populations. In this highly interdisciplinary course, students will investigate and research several of many immigrant communities that comprise present-day London in their multiple roles as tourists, ethnographers and visual anthropologists. Our goal is to attempt to understand a part of this exceptionally multicultural milieu by working in neighborhoods that have attracted immigrant populations from all over the world. Students will come to terms with their own responses to these different peoples and places through discussions and field notes. The course will culminate in a student presentation on all facets of their research to the Elon community in February. This course incorporates extensive fieldwork requiring students find and work with community organizations and meet and interview individuals to learn their stories.",4 sh,Acceptance into program and completion of GBL 1370,Society; Expression; Experiential Learning Requirement,GBL 237
https://elon.smartcatalogiq.com/en/2025-2026/academic-catalog/courses/gbl-global-education/2000/gbl-2390,GBL2390,Brazil: Culture and Community Engagement,"This course explores the dynamic and vibrant cultures of Brazil through literature, history, religion, and community-based projects. We will learn about Brazilian music, dance, religion, and the creation of capoeira (martial arts) and carnival. We will work with community organizations in Salvador and Rio de Janeiro.  And we will journey toward the Amazon to learn more about indigenous Brazilian cultures.  While there, we will work with community groups on local efforts to preserve and protect the environment and Amazonian way(s) of life. Along the way, we will learn a little Portuguese, meet local peoples and immerse ourselves in the pulsating cultures of Brazil.",4 sh,Acceptance into program and completion of GBL 1390,Civilization or Society; One ELR unit,GBL 239
https://elon.smartcatalogiq.com/en/2025-2026/academic-catalog/courses/gbl-global-education/2000/gbl-2360,GBL2360,"India: Science, Education and Development","This Winter Term service-learning study abroad course to Kerala, India, includes an intense service-learning project. Elon students will monitor activities related to hands-on science exhibits in a traveling science center. The target audience for the traveling science center are middle school children. The service-learning project will be done in collaboration with local high school students. The importance of education to development will be examined in detail. Students will also explore local culture, history, political history and structures, effects of tourism, and the role of NGO's in the developing world. The south Indian state of Kerala borders the Arabian Sea and the Western Ghats mountains. In spite of its relative poverty and a high population density, Kerala is a model for social development. High literacy rate, long life expectancy, low birth rate, and a high Human Development Index are attributed to a complex set of factors to be explored in the course.",4 sh,Acceptance into program and completion of GBL 1360,Society; Science; Experiential Learning Requirement; Asian Studies Elective; Teaching and Learning Elective,GBL 236
https://elon.smartcatalogiq.com/en/2025-2026/academic-catalog/courses/gbl-global-education/2000/gbl-2400,GBL2400,Holocaust Journey,"This course will allow participants to learn about the Holocaust through tours of concentration/extermination camps, ghettos, and discussions with Holocaust scholars and survivors. The course typically originates in Frankfurt, continues to Nuremberg, Prague, Krakow, Warsaw, Berlin and Weimar and concludes in Frankfurt, Germany, all extremely significant locations for Jews during the Holocaust. The course will visit at least five concentration/death camps. Students will also have the opportunity to visit Jewish museums and archives, synagogues, and Jewish cemeteries, as well as more traditional tourist attractions such as cathedrals, castles, and art museums. Preparation for the course will include lectures on propaganda, the Weimar Republic, the rise of the Nazis, the Holocaust, and the cold war, as well as movies that help inform this topic. Students will also keep a journal and research their project throughout the journey. Free time will be available in every city for individual research and exploration.",4 sh,Acceptance into program and completion of GBL 1400,Civilization;  Experiential Learning Requirement; Jewish Studies Elective; German Studies Elective,Winter
https://elon.smartcatalogiq.com/en/2025-2026/academic-catalog/courses/gbl-global-education/2000/gbl-2410,GBL2410,Italian Comedy,"Laugh out loud! “The Italian Comedy” course invites students to participate in a passionate, laughter-filled examination of the past, present and future of the human comedy in Italy with European master teachers and Elon professors. This course examines comedic function both creatively and critically, wedding performance practice with considerations of theory, history and literature in an exciting, hands-on environment. Taking this classical--and intensely physical--form of theatre as its springboard, students will learn physical comedy, archetypal characters, uses of mask, and the heightened attention to the body that this improvisational art requires. Students will also track the emergence and development of the Italian Comedy from Ancient Rome to its contemporary presence in popular cultural media such as television situation comedies, cartoons, and commercial film. Students will create works of theatre in this style, and experience firsthand how the Italian Comedic tradition bridges the ancient and modern worlds--all of this in Italy, where the ancient world lives alongside the modern one. Application, acceptance and additional travel fee required. Counts toward Civilization or Expression (literature* or non-literature)  in the Studies in the Arts and Sciences in the Core Curriculum, and satisfies one ELR unit. The course may also count for an English or Theatre elective. Counts toward theItalian Studies minor.",4 sh,Acceptance into program and completion of GBL 1410,Expression; Civilization; Experiential Learning Requirement; Italian Studies Elective,GBL 241
https://elon.smartcatalogiq.com/en/2025-2026/academic-catalog/courses/gbl-global-education/2000/gbl-2450,GBL2450,"Culture, Policy and Society: Barbados","This course offers a comprehensive exploration of the intersections between culture, poverty, and social justice within the context of the Caribbean. Through an interdisciplinary lens, students will examine the historical, economic, public policy, and cultural factors that have shaped the social landscape of Barbados and other Caribbean communities, with a particular focus on issues related to poverty and social injustice. Students will gain a deeper understanding of the complex dynamics that perpetuate poverty and inequality in Barbadian society and explore strategies for promoting social justice and equity.",4 sh,GBL 1450,"Civilization; Society; Experiential Learning Requirement; Women's, Gender, and Sexualities Studies Elective; African and African-American Studies Elective; Latin America Studies Elective",Winter
https://elon.smartcatalogiq.com/en/2025-2026/academic-catalog/courses/gbl-global-education/2000/gbl-2460,GBL2460,Greece: Classics in Context: Ancient Greece,"This course will introduce students to the art, architecture, religion, and history of ancient Greece, from the Bronze Age (the “Mysterious Minoans” and the first Greeks—the Mycenaeans) to the “Golden Age of Athens” in the Classical period and to the Macedonian dominance under Philip II and Alexander the Great. In this class, students will visit and examine major ancient historical sites throughout the Greek Mainland and Crete. Additional destinations will include the Byzantine and Medieval sites in Meteora, Napoli, and Thessaloniki. Students will also gain first-hand experience of many aspects of modern Greek culture. Though the oracle of Delphi has long ceased to prophesy and the shrine of Asclepius no longer witnesses healing miracles, Greek gods and goddesses still fascinate modern people. The bustling Plaka may have replaced the Agora as the center of commercial activities and tourism, but the Parthenon continues to inspire awe and wonder, the Pnyx still echoes the first debate of the people’s assembly, and the footprints of Greek athletes are permanently set within the history of the stadium at Olympia. Ancient Greece is very alive!",4 sh,Acceptance into program and completion of GBL 1460,Civilization; Classical Studies Elective; Experiential Learning Requirement,GBL 246
https://elon.smartcatalogiq.com/en/2025-2026/academic-catalog/courses/gbl-global-education/2000/gbl-2480,GBL2480,Business and Culture Of Vietnam,"This course will take you to five different cities in the ancient and culturally-rich country of Vietnam. We will learn how Vietnam developed politically and economically after a long and difficult war. You will learn about Buddhism and its role in the religious life of Vietnamese people. We will also learn why multinational companies are currently building factories in Vietnam, manufacturing goods, and creating jobs in that country. Vietnam is rapidly becoming a tourist destination. With its beaches and new hotels, cities like Nah Trang are attracting visitors from all over the world. You will learn about the booming hospitality industry in Vietnam and why name brand hotel companies such as Sheraton, Hilton, and Novotel have built new hotels in this location.",4 sh,Acceptance into program and completion of GBL 1480,Society; Civilization; Experiential Learning Requirement; Asian Studies Elective,GBL 248
https://elon.smartcatalogiq.com/en/2025-2026/academic-catalog/courses/gbl-global-education/2000/gbl-2510,GBL2510,World War II in Europe: Daily Life in a Time of War,"This interdisciplinary course is designed to enable students to come to a better understanding of the era of WWII by looking at the experiences of ordinary people, both soldiers and civilians. Course content will focus on the invasion of Normandy in France, Germany under Hitler, and the occupied Czech Republic. Of particular interest is the effect of the war on ordinary people, how it shaped people's lives in a variety of places in Europe, and how individuals responded to it. Readings and the places to be visited will inform this focus and student learning in this course.",4 sh,Acceptance into program and completion of GBL 1510,Civilization; Experiential Learning Requirement; German Studies Elective,GBL 251
https://elon.smartcatalogiq.com/en/2025-2026/academic-catalog/courses/gbl-global-education/2000/gbl-2530,GBL2530,Australia: Ecotourism in Australia,"The goals of this course seek to expand the participant's awareness and appreciation of ecotourism as a means of exploring cultural diversity and contributing to international exchange as well as to study the environmental issues facing Australia. Participants in this course will learn to understand the differences between ecotourism and traditional commercial tourism. Additionally, students will compare and contrast principles of ecotourism as seen from participating in a number of outdoor activities such as hiking, surfing, canyoning, and snorkeling with various outfitters. Lectures and study will focus on environmental issues in Australia and the importance of ecotourism as a means of protecting natural resources, maintaining the cultural integrity of indigenous communities and supplying a sustainable income to the economy.",4 sh,Acceptance into program and completion of GBL 1530,Society; Experiential Learning Requirement,GBL 253
https://elon.smartcatalogiq.com/en/2025-2026/academic-catalog/courses/gbl-global-education/2000/gbl-2520,GBL2520,"Costa Rica: Language, Culture and Ecotourism","The course is an interdisciplinary study combining language, culture, society, and the environment. Course objectives include improving conversational Spanish ability, basic understanding of Costa Rica's development and current issues. Elon students will live with Costa Rican families in a suburban neighborhood and will use public buses and taxis to get around the city. Eight nights will be spent outside of the San José area near national parks. Unlike other Central American countries which experienced political turmoil in the 1980's, Costa Rica has a long-standing democratic tradition which makes it the most peaceful nation in the region. Over 60 years ago, Costa Rica abolished its army and devoted its resources to education, health care and economic development. It has since become a popular destination for ecotourism. Elon's program is based in the capital city of San José, a metropolitan area with a population of 600,000 whose inhabitants enjoy a mild climate which requires neither heating nor air conditioning.",4 sh,Acceptance into program and completion of GBL 1520 and SPN 1010 or two years of high school Spanish,Civilization; Society; Experiential Learning Requirement; Latin America Studies Elective,GBL 252
https://elon.smartcatalogiq.com/en/2025-2026/academic-catalog/courses/gbl-global-education/2000/gbl-2540,GBL2540,Barley and the Vine: Viticulture and Brewing,"Brewing and viticulture play a crucial role in the cultures of many European countries, including Austria, Belgium, France, Germany, Italy, and Spain. Emerging economic, political, and environmental realities, however, are fundamentally changing how these traditional arts are practiced. Set against this backdrop of looming change and expanding opportunities, this study abroad course will examine the cultural significance of wine and beer in Germany and Italy.",4 sh,Acceptance into program.,Society or Civilization; Experiential Learning Requirement; German Studies Elective and Italian Studies Elective,GBL 254
https://elon.smartcatalogiq.com/en/2025-2026/academic-catalog/courses/gbl-global-education/2000/gbl-2560,GBL2560,"Australia: The Stolen Generation: Genocide, Justice and the Aboriginal Australian Experience","To really know Australia, it is necessary to understand the Indigenous people in relationship to Euro-Australians' interests, both past and present. The Indigenous people of Australia have created the longest continuing cultural tradition in the world today, surviving for 60 thousand years. This course emphasizes the traditional, colonial, and contemporary experiences of the First Australian people through the socio-cultural imagination. Through lectures, field trips, directed self-learning, and hands-on activities, students will explore important issues of the Nyoongar people of West Australia's quest for equality and cultural survival.",4 sh,Acceptance into program and completion of GBL 1560,Civilization; Society; Experiential Learning Requirement; Sociology Elective; Anthropology Elective,GBL 256
https://elon.smartcatalogiq.com/en/2025-2026/academic-catalog/courses/gbl-global-education/2000/gbl-2550,GBL2550,Elon in Alaska,"This is a hybrid course that includes an introduction in the second half of the spring semester at Elon, then begins online at the beginning of summer term (June 2) and ends on-location in Alaska. This course combines experiences in Alaska with the study of its people and its natural environment through the work of well-known environmental, historical, and literary writers. Students will explore the ways different native and non-native peoples have perceived Alaska and examine how their own perceptions of Alaska have been constructed. Students will have the opportunity to complete a 2 credit hour internship at one of numerous businesses, non-profits, and governmental agencies located on the Kenai Peninsula.",4 sh,Acceptance into program.,Expression; Literature; Society; Adventure Based Learning Elective,GBL 255
https://elon.smartcatalogiq.com/en/2025-2026/academic-catalog/courses/gbl-global-education/2000/gbl-2580,GBL2580,"The Literature of Southern Italy: Myths, Mafia, and Migration","This is a course about transformation as reflected through the lens of the literature of Southern Italy. We will engage in close readings of poetry and fiction in translation and see how literature and language are a means for exploring cultural difference. In the pre-departure course you will become familiar with a selection of myths from Ovid’sMetamorphoses in which people transform into other life forms, and you will prepare for your time abroad by learning more about Italian language and culture. Before landing in Sicily you will become familiar with Inspector Montalbano who will provide a footing in Sicilian culture as we explore how the Mafia has transformed over time in Southern Italy. Lastly, we will investigate how contemporary Italy is undergoing a major transformation with the advent of peoples migrating from nearby countries. On our journey through Sicily, up the stunning Amalfi coast to Naples, Pompeii, and Rome, we will wander through ancient Greek and Roman ruins reliving what you have learned in your studies, and we will see and taste what you have imagined through course readings. Through the course texts and your experience in Southern Italy, you will develop a deeper understanding of the values that underlie Italian culture and in contrasting them to your own, you may be transformed as well.",4 sh,GBL 1580,"Expression, Literature",Winter
https://elon.smartcatalogiq.com/en/2025-2026/academic-catalog/courses/gbl-global-education/2000/gbl-2590,GBL2590,"Ireland: Literature, Culture and History","This course explores the world of Irish literature through a study of culture, history, and landscape. The course examines the Irish culture formed from centuries of oppression through the eyes of 20th century writers, including W.B. Yeats, J.M. Synge, James Joyce, Samuel Beckett, and Seamus Heaney. Site visits to major places of artistic and historic relevance such as Limerick, Galway, Sligo, Derry, and Dublin are included. Come see how Irish literature reflects Irish life and Irish land!",4 sh,"Acceptance into program, ENG 1100 and GBL 1590",Civilization: Expression; Literature; Experiential Learning Requirement,GBL 259
https://elon.smartcatalogiq.com/en/2025-2026/academic-catalog/courses/gbl-global-education/2000/gbl-2610,GBL2610,"Sex, Gender, and Culture in the Netherlands","Students will gain a cross-cultural knowledge of different approaches to understanding and regulating, sex, gender, and sexuality. Students will learn about the differences between American and Dutch approaches to sex & sexuality education, sex work, gender identities, and sexualities and will examine how these differences impact outcomes and policies related to public health, mental health, education, economy, and labor. In the pre-departure course, students will become familiar with foundational concepts in the interdisciplinary field of women’s, gender, and sexuality studies. Through readings, lectures, and class discussion, students will practice applying those models to provided examples of lived experience within a U.S. context. During our time in the Netherlands, we will apply these foundational texts to our interpretation and understanding of how the Dutch approach gender identity, sexuality, sex education, sex work, and sex tourism. Readings, lectures, and site visits while abroad will provide students with information necessary for a comparative analysis of policies, systems, and social and cultural constructions across the U.S. and the Netherlands.",4,GBL 1610,Society,Winter
https://elon.smartcatalogiq.com/en/2025-2026/academic-catalog/courses/gbl-global-education/2000/gbl-2600,GBL2600,Taking Care of Business: Culture and Custom in the German Economy,"Germany is a leader in global business and one of the largest economies in the world. At the same time, it has a language, culture, and economic system that are very distinct from those found in the United States. Because of these differences, business relationships with Germans can often result in misunderstandings and frustrations. These differences will be explored in a study abroad course in major economic centers of Germany and visits to businesses in these areas. The goal of this course is to help students develop an understanding of the economic, political, cultural, and social aspects of Germany and how they affect business in the leading European economy. As such, the course will also help prepare students to engage with potential business partners based in Germany or pursue professional career paths in Germany/a German company. More broadly, it will provide students with a deeper understanding of another society and give them tools for understanding other societies.",4 sh,GBL 1600,Civilization,Winter
https://elon.smartcatalogiq.com/en/2025-2026/academic-catalog/courses/gbl-global-education/2000/gbl-2620,GBL2620,From Gutenberg to the Web: Media's Impact on Western Civilization,"From the scribal culture of the middle ages to the digital revolution, communication technologies have shaped our social and cultural values as well as our ways of knowing and thinking. This course explores the impact of mass media on Western Civilization through the lens of three historic periods: the Reformation, Nazi Germany, and the Cold War. Students will learn about the media's role in shaping religious, political and social values during significant moments of transition and change. Visit twelve European cities including London, Heidelberg, Mainz, Munich, Salzburg, Berlin, Wittenberg, and Prague. Experience the culture of these beautiful ancient cities while learning about their significance in the history of media.",4 sh,Acceptance into program and completion of GBL 1620,Civilization; Society; Experiential Learning Requirement; German Studies Elective,GBL 262
https://elon.smartcatalogiq.com/en/2025-2026/academic-catalog/courses/gbl-global-education/2000/gbl-2660,GBL2660,Critically Engaged Eco-Tourism in New Zealand,"This interdisciplinary course is designed to introduce the student to the culture of the Maori people, topics of stewardship of natural resources, environmental sustainability and positive action for change. A major emphasis in this specific course is the growing worldwide emphasis on green tourism and the expansion of adventure based learning. Students will learn of various methods for conserving natural resources; we will walk on glaciers, hike on a growing mountain range, boat in geologically unique fjords, trek through pristine rainforests, discover stunning waterfalls, study two greatly variant coastlines, compare man-made and natural lakes and a variety of rivers along the way. All these activities will be done with a focus on understanding the special niche each has in the overall environment, Maori's Papa, the Earth Mother.",4 sh,Acceptance into program and completion of GBL 1660,Civilization; Society; Experiential Learning Requirement; Adventure Based Learning Elective,GBL 266
https://elon.smartcatalogiq.com/en/2025-2026/academic-catalog/courses/gbl-global-education/2000/gbl-2670,GBL2670,"Eat, Pray, Love: Sacred Space and the Place of Religion in 21st Century France","Taught in English with half the time spent in Paris and half in the vibrant medieval city of Montpellier, France, just ten minutes from the Mediterranean Sea, this course will explore both historical and current notions of sacred space and perceptions of religious experience in French culture through the palate of gastronomy, art, architecture, and popular music. In so doing, students will examine France's paradoxical relationship to itself and study this country's shifts in national identity vis-à-vis organized religion due to decolonization and immigration during the last century. Course facilitation will include cultural studies texts, journal articles, French/Francophone literature in translation, video news reports and podcasts, films, documentaries, popular music, and on-site visits to places such as restaurants, cafés, cathedrals, abbeys, castles, the Papal palace in Avignon, mosques, a medieval synagogue and Jewish ghetto.",4 sh,Acceptance into program and completion of GBL 1670,Civilization; Expression; Experiential Learning Requirement,GBL 267
https://elon.smartcatalogiq.com/en/2025-2026/academic-catalog/courses/gbl-global-education/2000/gbl-2680,GBL2680,Costa Rica Unplugged: Sustainable Ecotourism,"This Winter Term service-learning course immerses students in Costa Rica’s commitment to sustainability, reflectively engaging with concepts, people, and the natural world. Service projects include: volunteering with a conservation group, supporting sustainability projects, and experiencing mutual mentoring with Costa Rican students about environmental sustainability. Goals include: improving environmental and ecological understanding (specifically rainforest ecosystems), building knowledge of sustainability and ecotourism, developing a personal stance toward the commons (nature, community and culture), and increasing intercultural competencies through near-peer mutual mentoring. The goals are met through course readings and assignments, first-hand experiences, and notably an immersion inliving unplugged and off the grid– which includes extended periods with limited cell service and/or internet access as well as solar powered electricity and no hot water.",4 sh,Acceptance into program and completion of GBL 1680,Society; Experiential Learning Requirement; Latin American Studies Elective,Winter
https://elon.smartcatalogiq.com/en/2025-2026/academic-catalog/courses/gbl-global-education/2000/gbl-2800,GBL2800,China: The Flying Dragon,"China, the world's most populous nation with 1.3 billion people, has a continuous history of more than 5,000 years. It is one of the world's greatest civilizations and has made significant contributions to the world, such as the compass, gunpowder, paper making, and printing. This course is designed to give you an overview of the paths for China's modernization from different perspectives: geography, history, language, and arts. Additional topics such as religion, medicine, traditions and customs, food, and women's issues may also be covered. This course offers a strong emphasis for you to build a solid foundation to understand the Chinese culture, history, tradition, and language. Students are expected to actively participate in classroom and field activities and discussions.",4 sh,Acceptance into program and completion of GBL 1800,Society; Civilization; Experiential Learning Requirement; Asian Studies Elective,GBL 280
https://elon.smartcatalogiq.com/en/2025-2026/academic-catalog/courses/gbl-global-education/2000/gbl-2851,GBL2851,Renaissance Italy: Video Games Versus Reality,"TheAssassin’s Creedvideo game franchise is one of the most popular in history.Assassin’s Creed II(AC: II), which takes place during the Italian Renaissance, has sold over 9 million copies. Thus, it is a popular way that millions of people, gamers, teachers, and students choose to interact with Renaissance Italy: its history, its characters, its art, and its architecture. This course takes the bold stance that the game can provide much more than a fun, engaging, and immersive pastime. When used simultaneously as a tool of study, the game’s captivating narrative and realistic reconstructions of the past can be used to investigate history, as well as interact with a variety of primary and secondary sources related to the Renaissance and game studies. Finally, it can help us develop a critical eye towards the video game medium and how we view and interpret historical moments and monuments in the present day.",4 sh,GBL 1850,Civilization,Summer
https://elon.smartcatalogiq.com/en/2025-2026/academic-catalog/courses/gbl-global-education/2000/gbl-2860,GBL2860,"India's Identities: Religion, Caste and Gender in Contemporary South India","This course emphasizes the diversity of contemporary Indian identities, devoting particular attention to religion, caste, and gender. This course brings students into a range of Indian religious spaces associated with Hindu, Jain, Muslim, Christian, and Jewish traditions and into direct contact with Indians from an array of caste backgrounds, education levels, and occupations, allowing them to develop an informed appreciation of the diversity of the world's largest democracy. Through directed study opportunities, lectures, and daily interactions with Indians who live and work in the South Indian states of Tamil Nadu and Kerala, we will consider the nature of religious identity and practice; explore cultural expectations regarding gender (including arranged and other forms of marriage); assess the ways in which caste does and does not matter in contemporary society; and analyze how tradition and modernity interact in this rapidly changing nation.",4 sh,Acceptance into program and completion of GBL 1860,"Civilization; Society; Experiential Learning Requirement; Women's, Gender, and Sexualities Studies Elective; Asian Studies Elective; Interreligious Studies Elective",GBL 286
https://elon.smartcatalogiq.com/en/2025-2026/academic-catalog/courses/gbl-global-education/2000/gbl-2880,GBL2880,"Business, Culture, and Economics in East Asia","TheFinancial Timesrecently declared “the Asian century is about to begin.” This course will examine the validity of this statement and seek to understand how Asia has transformed itself.  This course focuses attention where the rapid rise began: the Economic Tigers of East Asia, such as: Japan, South Korea and China. We will investigate the modern-day complexities rooted in the ancient historical past in the land of the Rising Sun, while shedding a comparative light on other regional powers, such as China, and South Korea or other nations, which have been strong global players on the world stage.  In doing so, this course aims at understanding how international business and economic activity influences culture, politics, wealth, and society in this region of the world and how this will shape our shared global future.",4,GBL 1880,Society,WinterSummer
https://elon.smartcatalogiq.com/en/2025-2026/academic-catalog/courses/gbl-global-education/2000/gbl-2900,GBL2900,Ghana: Performing Arts in Cultural Context,"This course is designed for students to explore who they are but also challenges where they would like to be. Students will have the opportunity to experience the Ghanaian performing arts which include dance, music and drama (story telling) while they gain an appreciation for the country’s rich history. Students will learn the meaning of dance movements and have the opportunity to perform them in the community, experience and perform the different traditional musical instruments that exist in the traditional setting of Ghana, and learn different story tales orally passed on in traditional homes and narrate these stories to the community.",4 sh,Acceptance into program and completion of GBL 1900,Civilization; Expression; Experiential Learning Requirement,GBL 190
https://elon.smartcatalogiq.com/en/2025-2026/academic-catalog/courses/gbl-global-education/2000/gbl-2940,GBL2940,Bodies of Knowledge: Healthcare and the History of Art in Italy,"This course is designed so that students from any major who are interested in the intersection of healthcare and the humanities have a better understanding of perceptions of the body in relation to healthcare and wellness and the history of the body as a symbol of cultural values. The course will build knowledge around the interdependent histories of the arts and sciences and develop skills in the modes of inquiry practiced in science and the humanities. Students will actively participate in a combination of engaged and experiential learning activities within the local community and collaborate with community partner(s) in Florence. Students in this course will integrate theory, knowledge, and skills to support intercultural engagement and the development of cultural competence.",4,GBL 1940,"Civilization,  ELR (Global Engagment)",Winter
https://elon.smartcatalogiq.com/en/2025-2026/academic-catalog/courses/gbl-global-education/2000/gbl-2930,GBL2930,Latin American Social Movements,"This Study Abroad course will take place in Buenos Aires, Argentina with a short visit to Colonia de Sacramento, Uruguay.",4 sh,GBL 1930,Society; Expression,Winter
https://elon.smartcatalogiq.com/en/2025-2026/academic-catalog/courses/gbl-global-education/2000/gbl-2950,GBL2950,"Futbol: Passion, Politics, and Culture in Spain","Through exhaustive experiential, textual and filmic analyses as well as profound reflective discussions, students in this course will be able to critically explore the significant impact that fútbol/soccer has as a political and cultural practice in how Spanish identity is built in the country in general, and in three of its  autonomous regions in specific: Comunidad de Madrid, País Vasco, and Catalunya. Starting with a detailed examination of the origins of Real Madrid and Barcelona, the two most popular clubs in the country (and perhaps the world), as well as the beginnings of their staunch rivalry, this course aims to highlight how fútbol/soccer in Spain is not only a sport but a cultural space where historical political and social grievances are continuously presented, challenged, and fought upon.",4,GBL 1950,Civilization,Winter
https://elon.smartcatalogiq.com/en/2025-2026/academic-catalog/courses/gbl-global-education/2000/gbl-2960,GBL2960,Great Structures of Europe: Technology and History,"The architecture and infrastructure of our built environment speaks of the cultural legacy of humanity. By studying these human creations as both markers of technological advancement and history, we develop a fuller understanding of these accomplishments and see and appreciate architecture and urban design in new ways. This course visits a variety of structures in several cities and countries across Mediterranean Europe. Spanning over 2000 years, these structures are monuments to human development and are representative of changing philosophy, politics, and economics, as well as technological development based on new knowledge and new perspectives. Across this travel experience, students will conduct a comparative analysis of these structures while experiencing the various cultures of the region.",4 sh,Acceptance into program and completion of GBL 1960,Expression; Civilization; Experiential Learning Requirement,Winter
https://elon.smartcatalogiq.com/en/2025-2026/academic-catalog/courses/gbl-global-education/2000/gbl-2980,GBL2980,Dominican Republic: Baseball and the Tourism Industry,"The Dominican Republic (DR) provides a unique location in which to study issues of social justice, globalization and U.S. neocolonialism. Students in this course will examine these issues through an exploration of specific local practices in baseball and the tourism industry and the effect of those practices on the culture, people, international relations and economy of the Dominican Republic. Special emphasis will be placed on how baseball and the tourism industry both reflect and impact the DR's history, race relations, economy, local and global marketing priorities, and the historic U.S.-Dominican political and economic relationship. Activities will include: visits to cultural sites, baseball training facilities and resorts; opportunities to speak with participants in the baseball and tourism industries; and observation of and interaction with the local culture.",4 sh,Acceptance into program and completion of GBL 1980,Experiential Learning Requirement; Society; Civilization,GBL 298
https://elon.smartcatalogiq.com/en/2025-2026/academic-catalog/courses/gbl-global-education/2000/gbl-2970,GBL2970,Malawi: The Warm Heart of Africa,"This is an interdisciplinary course with an exciting and rigorous itinerary that encourages students to learn about and experience the beauty of Africa and the Malawian people but also their challenges and struggles. Through close interactions with our partners, and through contacts with school children and teachers, Elon students will develop an appreciation for the lifestyle in Malawi, for the concerns and aspirations of the Malawian people, and for the development successes, needs, and strategies in the country. The importance of education to development will be examined, and a historical perspective on development will be augmented with visits to various sites around the country. Students will also explore local culture, history, political history and structures, effects of tourism, and the role of NGOs in the developing world. The core of the Malawi course is a service-learning project that will be conducted in Blantyre, Malawi. Elon students will lead peer-assisted literacy training sessions for students in a public K-8 school. Elon students will gain the experience for literacy training during the fall preparatory course.",4 sh,Acceptance into program and completion of GBL 1970,Civilization; Society; Experiential Learning Requirement; Teaching and Learning Elective,GBL 297
https://elon.smartcatalogiq.com/en/2025-2026/academic-catalog/courses/geo-geography/400/geo-4999,GEO4999,Independent Research,Students may engage in research in the field of geography in conjunction with a faculty mentor.,1-4 sh,"Sophomore, junior or senior standing; a minimum 3.0 GPA; and instructor permission",Society; Advanced Studies,GEO 499
https://elon.smartcatalogiq.com/en/2025-2026/academic-catalog/courses/ger-german/100/ger-1020,GER1020,Introduction to German Language and Culture II,"This course expands the introduction to German culture and the linguistic skills developed inGER 1010or 1015. It includes a continued focus on listening/speaking and reading/writing, and a consistent link between German study and students' academic and career goals.",4 sh,"GER 1010, GER 1015 or placement at this level",Civilization,GER 122
https://elon.smartcatalogiq.com/en/2025-2026/academic-catalog/courses/ger-german/200/ger-2010,GER2010,Experiencing the German-Speaking World I,German courses at the 2000 level familiarize students with contemporary life in Germany as a means of achieving greater cultural understanding and developing intermediate abilities in listening/speaking and reading/writing. Topics of cultural study at the 2000-level may include: recent German history; famous sites and symbols; recent film and short stories; cities; human relationships; foreigners and immigrants in Germany; current topics in the news. In the 2000-level courses we focus on connecting students' German study to their academic and career goals.,4 sh,GER 1020 or placement at this level.,Civilization; Art History Elective,
https://elon.smartcatalogiq.com/en/2025-2026/academic-catalog/courses/ger-german/200/ger-2020,GER2020,Experiencing the German-Speaking World II,This course continues the in-depth study of contemporary life begun inGER 2010.,4 sh,GER 2010 or placement at this level,Civilization; Art History Elective; IGS: Global Studies Area,GER 222
https://elon.smartcatalogiq.com/en/2025-2026/academic-catalog/courses/ger-german/300/ger-3020,GER3020,Germany During and After World War II,"This course examines the transition from dictatorship to a stable democracy (1939-1949), with a specific focus on the post-war period. Events and trends to be studied: the ruin and devastation of the mid-1940s; the division into two states in 1949; the rebuilding period of the 1950s; the Nuremberg and Auschwitz war-crimes trials.",4 sh,GER 2020 or placement at this level,Civilization; Expression; Literature; Advanced Studies; Art History Elective; German Studies Elective; IGS: Europe Regional Concentration; International Business Regional Area Course,GER 322
https://elon.smartcatalogiq.com/en/2025-2026/academic-catalog/courses/ger-german/300/ger-3110,GER3110,"Where do we Belong? Heimat, Identity, and Space","For centuries, Germans have defined identity in terms of geographic space. This is the notion of Heimat. Heimat has always been contested: the national socialists appropriated the term, and Heimat may be redefined as the number immigrants continues to grow. Nonetheless, Heimat resonates deeply on the local, regional, and national levels and continues to play a role in Germans’ sense of self. In this course, we’ll use literary works, film, essays, public speeches, and visual art to examine the importance of Heimat in Germans’ self-definition and to understand German identity on a personal and intercultural level. We’ll also look at whether a similar identity-shaping process takes place in the communities (in the USA or elsewhere) to which we belong.",4 sh,GER 2020,Literature; Civilization; Advanced Studies; German Studies Elective; Art History Elective; IGS: Europe Regional Concentration,GER 331
https://elon.smartcatalogiq.com/en/2025-2026/academic-catalog/courses/ger-german/300/ger-3040,GER3040,Germany in the New Millennium,"This course examines Germany's changing identity, politics, and values in the new millennium. An in-depth look at current events shaping Germany is grounded in a study of how key figures and moments in German history continue to influence the people, politics, and institutions of Germany today. Topics of study may include: questions of Heimat; issues of migration and identity; medievalism; genius and inspiration; the role of Germany in the European Union and the world. The course makes use of news broadcasts and news websites, contemporary film, short fiction, and other cultural products.",4 sh,GER 2020 or placement at this level,Civilization; Advanced Studies; German Studies Elective; Art History Elective; IGS: Europe Regional Concentration; International Business Regional Area Course; Interreligious Studies Elective,GER 324
https://elon.smartcatalogiq.com/en/2025-2026/academic-catalog/courses/ger-german/300/ger-3130,GER3130,Understanding Germany through Film,"Film has long been among Germanyâs most significant cultural products, reflecting and shaping German society. In this course, we will discuss individual films in terms of their aesthetic qualities and cultural and historical significance. Social history, politics, cultural representation, self-expression, and artistic creation are some of the topics we will consider. Offered: 3000-level German courses are offered in rotation, one per semester.",4 sh,GER 2020,"Civilization, Literature, Advanced Studies,  German Studies Minor elective",
https://elon.smartcatalogiq.com/en/2025-2026/academic-catalog/courses/ger-german/300/ger-3030,GER3030,"Divided Germany, 1949-89","This course examines the separation of Germany into two countries in 1949 and the separate paths for West and East Germany that ensued, including the development of specific West and East German identities. Special emphasis on the former communist state known as the Democratic Republic of Germany (East Germany), its political development, positive aspects (community, unity), and human rights abuses (surveillance, Stasi, secret prisons).",4 sh,GER 2020 or placement at this level,Civilization; Art History Elective; Advanced Studies; IGS: Europe Regional Concentration; German Studies Elective; International Business Regional Area Course,GER 323
https://elon.smartcatalogiq.com/en/2025-2026/academic-catalog/courses/ger-german/300/ger-3010,GER3010,Germany Between Empire and Nazism,"Germany's transition from empire to democracy took more than three decades and included two devastating world wars. This course examines the turbulent era between the wars, beginning with the fall of the emperor in 1919 and culminating in the opening shots of World War II in 1939. Events and trends to be studied include: the cultural scene in 1920s Germany (film, Expressionism, cabaret, jazz); the crisis of modernity; the Great Depression; the Nazi rise to power.",4 sh,GER 2020 or placement at this level,Civilization; Advanced Studies; Literature; Art History Elective; German Studies Elective; IGS: Regional Concentration; International Business Regional Area Course,GER 321
https://elon.smartcatalogiq.com/en/2025-2026/academic-catalog/courses/ger-german/300/ger-332,GER3120,The German-Speaking World Through Media,"Germany has always played a key role in our understanding and use of media, ranging from Gutenberg’s printing press, to Hans and Sophie Scholl’s 1940s anti-war leaflets, to the recent NetzDG, a law that forces social media sites to delete offensive user posts. In this course, we will take a closer look at Germany’s recent media landscape. How is media used in Germany? What are some specific German media formats? How is Germany representing itself via media? And how is Germany represented by others?",4 sh,GER 2020,Civilization; Advanced Studies; German Studies Elective; Art History Elective; IGS: Europe Regional Concentration.,GER 332
https://elon.smartcatalogiq.com/en/2025-2026/academic-catalog/courses/gfc-global-film-and-cultures/4000/gfc-4970,GFC4970,Global Film & Cultures Capstone,"This capstone course will act as the culmination of the GFC minorsâ study of film theories, cultures, history and industries. Students will determine the projects they create in this class, including their longer capstone project, based on their interests and their studies in previous minor courses. In this way, the capstone project and learning experiences are future-oriented for preparing students to put to use what they have learned in the minor to produce materials and methodologies that will pave the way for their professional and personal goals.",4 sh,GFC 2100; 2 out of 3 electives for minor must be completed prior to enrollment.,Expression,Spring
https://elon.smartcatalogiq.com/en/2025-2026/academic-catalog/courses/grk-greek/100/grk-1020,GRK1020,Ancient and Biblical Greek II,"Continuation ofGRK 1010. Students will complete the study of ancient Greek grammar and syntax while continuing to learn vocabulary and dialect forms. Readings include Homer, Herodotus, lyric and tragic poets and the Greek Bible.",4 sh,GRK 1010,Civilization; Classical Studies Elective,GRK 122
https://elon.smartcatalogiq.com/en/2025-2026/academic-catalog/courses/heb-hebrew/100/heb-1020,HEB1020,Modern Elementary Hebrew II,"This course builds on skills learned inHEB 1010and continues the study of basic Modern Hebrew grammar and syntax and provides further development of culture, communication and comprehension skills.",4 sh,HEB 1010 or permission by chair of the department,Civilization; Jewish Studies Elective,HEB 122
https://elon.smartcatalogiq.com/en/2025-2026/academic-catalog/courses/heb-hebrew/200/heb-2010,HEB2010,Modern Intermediate Hebrew I,"This course provides intensive development of all language skills, with focused emphasis on reading and composition. Students will learn to describe, analyze, and express opinions on cultural topics.",4 sh,HEB 1020 or permission by chair of the department,Civilization; Jewish Studies Elective,HEB 221
https://elon.smartcatalogiq.com/en/2025-2026/academic-catalog/courses/heb-hebrew/200/heb-2020,HEB2020,Modern Intermediate Hebrew II,"This final course in basic language experience consolidates all skills learned in previous Modern Hebrew classes or student's previous experience. Advanced reading, writing and speaking skills are refined through study of more advanced cultural and literary topics.",4 sh,HEB 2010 or permission by chair of the department,Civilization,HEB 222
https://elon.smartcatalogiq.com/en/2025-2026/academic-catalog/courses/heb-hebrew/200/hebn2040,HEBN2040,Not Your Bubbe's Yiddish Class,"Yiddish has been described as a language without a country. But it's deeply woven into the fabric of the United States. ""In the last century, Yiddish has become a huge part of the American vernacular - and comedy. Vaudeville, Mel Brooks, ""The Marvelous Mrs. Maisel"" and other forms of entertainment have thrust the language into the spotlight."" (1A, NPR)",4sh,No prerequisite needed.,"Jewish Studies Minor, Food Studies Minor, Civilization",Winter
https://elon.smartcatalogiq.com/en/2025-2026/academic-catalog/courses/hed-health-education-courses/4000/whe-4980,WHE4980,Health and Wellness Coaching Practicum,"This practicum provides students with practical experience facilitating health and wellness coaching sessions. Students will have the opportunity to apply professional coaching guidelines and competencies in sessions with volunteer clients. Students also will continue to enhance their coaching abilities through ongoing learning, peer practice, feedback, and self-reflection.",2-4 sh,WHE 3850,Health and Wellness Coaching Minor elective,Spring
https://elon.smartcatalogiq.com/en/2025-2026/academic-catalog/courses/hss-human-service-studies/100/hss-1160,HSS1160,American Sign Language and Deaf Culture II,"American Sign Language/Deaf Culture II is designed to build on the skills and knowledge of a beginning American Sign Language/Deaf Culture course. Students will add to their introductory knowledge of Deaf Culture by examining current events of linguistic and cultural significance to the Deaf Community, researching a selected topic of special interest, and exploring the evolving role of Deaf people in American families and society. Students will further develop ASL concept sign vocabulary and the use of advanced ASL grammatical features. Emphasis will be placed on the appropriate use of signs and finger-spelling as they occur within the local Deaf community, with special attention toward common usage practices in both conversational and frozen registers.",4 sh,HSS 1150,Society,HSS 116
https://elon.smartcatalogiq.com/en/2025-2026/academic-catalog/courses/hss-human-service-studies/200/hss-2120,HSS2120,Counseling Individuals and Families,"This course examines various theories and methods used in helping families and individuals resolve problems. Students gain skills in applying these theories and methods through use of case studies, role playing, simulations and other experiential methods.",4 sh,HSS 1110 or PSY 1000,Society,HSS 212
https://elon.smartcatalogiq.com/en/2025-2026/academic-catalog/courses/hss-human-service-studies/200/hss-2130,HSS2130,Working With Groups and Communities,"This course examines the interaction of group dynamics and community empowerment to resolve individual and social problems. Topics addressed in the course include group development and dynamics, power and decision making, communication, and using groups to develop community capacity through coalitions and activism. Students will gain awareness of the power of groups in influencing both positive and negative change within individuals and communities.",4 sh,HSS 1110 or SOC 1110,Society; Leadership Studies Elective; Public Health Elective; Poverty and Social Justice Elective,HSS 213
https://elon.smartcatalogiq.com/en/2025-2026/academic-catalog/courses/hss-human-service-studies/200/hss-2850,HSS2850,Research Methods in Human Service Studies,"Effective human services practiceâwhether in direct practice, community work, or policyârelies on evidence-based approaches and programs, and the ability to evaluate their impact. This research methods course, grounded in an anti-racist framework, will equip you to critically analyze and construct empirically based knowledge while considering the role of power and oppression in shaping research. You will explore both quantitative and qualitative methods, learning how to design studies that identify needs, assess strengths, monitor interventions, and evaluate outcomes in generalist HSS practice. Throughout the course, you will engage deeply with research as both a tool for social change and a reflection of systemic inequities. By critically examining the empirical literature, you will develop the skills to inform and improve human service practice, policy, and service delivery with a focus on equity and justice.",4 sh,HSS 1110,Society,SummerSpringFall
https://elon.smartcatalogiq.com/en/2025-2026/academic-catalog/courses/hss-human-service-studies/300/hss-3110,HSS3110,Social Policy and Inequality,"Social policies affect both the quality of life of the people who make up our society and the guidelines that determine how human services professionals are able to help them. Students in this course will study the history of inequality and social welfare in the United States, contemporary social policy, and the political, economic and social structures that influence how resources are distributed in U.S. society. Topics may include policies affecting individuals, families and children, such as health care, education, housing and employment.",4 sh,"HSS 1110, PSY 1110, or SOC 1110 or permission of the instructor","Society; Advanced Studies; Non-Violence Studies Elective; Public Health Elective; Women's, Gender, and Sexualities Studies Elective; Poverty and Social Justice Elective; Peace and Conflict Studies Elective",HSS 311
https://elon.smartcatalogiq.com/en/2025-2026/academic-catalog/courses/hss-human-service-studies/300/hss-3220,HSS3220,Counseling Skills Lab,"This course will help students develop their counseling skills and approaches, building on what they learned inHSS 2120Counseling Individuals and Families. Students will prepare and present mock-counseling videos during regular peer-supervision class sessions. This approach is one of the most effective ways to help students grow and expand their helping skills, giving students a leg-up for graduate school and future work as a helper. Counseling techniques, theories and the latest helping approaches will be explored. Empathy, cultural humility, and counselor/client identities will be emphasized throughout the course.",2,HSS 2120,"Core Curriculum - Society
Core Curriculum - Advanced Studies in the Arts and Sciences
Major - Elective
Minor - Elective",FallSpring
https://elon.smartcatalogiq.com/en/2025-2026/academic-catalog/courses/hss-human-service-studies/300/hss-3981,HSS3981,Practicum Away: Theory and Practice of Human Service Studies,"This course introduces students to the biopsychosocial model of understanding human systems in a cross-cultural environment. Three weeks of direct practice and observation in a human services organization in an international or domestic setting away from campus allows students to apply and conceptualize various aspects of human service delivery, particularly cross-cultural practice, using this approach. Student learning will be guided and enhanced through course readings, weekly seminars, written assignments and faculty site visits.",4 sh,"HSS 1110, 2.1 cumulative GPA, status as a declared Human Services Studies major or minor, and approval of application for practicum",Experiential Learning Requirement; Society; Advanced Studies,HSS 382
https://elon.smartcatalogiq.com/en/2025-2026/academic-catalog/courses/hss-human-service-studies/300/hss-3980,HSS3980,Practicum: Theory and Practice of Human Service Studies,"Three weeks of direct practice and observation in a human services organization provide the opportunity for students to apply and conceptualize various aspects of human service delivery using this approach. Student learning will be guided and enhanced through weekly seminars, written assignments and faculty site visits.",4 sh,"HSS 1110, 2.1 cumulative GPA, status as a declared Human Service Studies major or minor, and approval of application for practicum",Experiential Learning Requirement; Society; Advanced Studies; Internship,HSS 381
https://elon.smartcatalogiq.com/en/2025-2026/academic-catalog/courses/hss-human-service-studies/400/hss-4110,HSS4110,Designing and Assessing Human Services Programs,"This course helps students understand the special nature and responsibilities of a human services organization. Students will learn how to design programs to address social problems by conducting a programmatic needs assessment, planning and designing interventions, developing necessary resources, and assessing programs for their effectiveness. Students will gain greater knowledge of how to work with the wide variety of constituencies involved with a human services organization - employees, volunteers, boards, community networks and clients.",4 sh,"HSS 1110, HSS 2850, and HSS 3980",Society; Advanced Studies; Leadership Studies Elective; Public Health Elective,HSS 411
https://elon.smartcatalogiq.com/en/2025-2026/academic-catalog/courses/hss-human-service-studies/400/hss-4120,HSS4120,Advanced Theory and Interventions,"This course examines the complex issues involving cross-cultural service delivery and case management. Emphasis is placed on further development of skills essential to the human service professional, including intentional interviewing, assessment, case documentation and the application of cultural humility.",4 sh,HSS 1110 and HSS 3980,Society; Advanced Studies,HSS 412
https://elon.smartcatalogiq.com/en/2025-2026/academic-catalog/courses/hss-human-service-studies/400/hss-4970,HSS4970,Senior Seminar,"In this capstone course, students analyze their personal and professional development during their university experience and are required to research, write and present a scholarly paper.",4 sh,"Senior standing, HSS major, and HSS 2850",Society; Advanced Studies,HSS 461
https://elon.smartcatalogiq.com/en/2025-2026/academic-catalog/courses/hss-human-service-studies/400/hss-4999,HSS4999,Independent Research in Human Service Studies,Students engage in independent research projects related to the field of human service studies. Research is conducted under the supervision of human service studies faculty.,1-8 sh,Departmental approval,Experiential Learning Requirement; Society; Advanced Studies,HSS 499
https://elon.smartcatalogiq.com/en/2025-2026/academic-catalog/courses/hst-history/200/hst-2410,HST2410,U.S. History Study Tour,"Through readings, discussions and visits to historic sites, students will learn about major turning points, issues and actors in U.S. history. Students will grapple with the contested nature of historical interpretation and identify some of the ""driving forces"" that have caused and influenced Americans' experiences.",4 sh,Open to first-year Teaching Fellows only.,"Civilization; Non-US History; African, Asian, Latin America, or Middle Eastern History",HST 241
https://elon.smartcatalogiq.com/en/2025-2026/academic-catalog/courses/hst-history/400/hst-4985,HST4985,Internship in History,"Designed to provide students with practical experience in history-related professions, activities included in the internship enable students to explore careers in archives, record management, historic sites, museum administration, etc.",2-4 sh,18 semester hours of history,Experiential Learning Requirement; Art History Elective; Advanced Studies; Internship,HST 481
https://elon.smartcatalogiq.com/en/2025-2026/academic-catalog/courses/hst-history/400/hst-4999,HST4999,Research in History,"Students may engage in research in the field of history in conjunction with a faculty mentor.  Prerequisites: sophomore, junior, or senior standing; a minimum 3.0 GPA; and instructor permission.",1-4 sh,"Sophomore, junior, or senior standing, a minimum 3.0 GPA, and instructor permission",Experiential Learning Requirement; Advanced Studies; Art History Elective,HST 499
https://elon.smartcatalogiq.com/en/2025-2026/academic-catalog/courses/ids-interdisciplinary-studies/200/ids-2230,IDS2230,Themes in U.S. Culture,"This class will introduce first-year international students to some of the major themes that recur in the culture of the Unites States. The main goal is to expose students to and provide them with a critical introduction to American culture. We will approach American culture in an interdisciplinary way and from a variety of critical perspectives. We will read literary artifacts, political documents, and critical essays. We will also listen to songs, watch films, and visit two museums: the International Civil Rights Center and Museum in Greensboro and the Alamance County Historical Museum.",4 sh,Open to first-year International Fellows only.,Civilization,IDS 223
https://elon.smartcatalogiq.com/en/2025-2026/academic-catalog/courses/int-international-studies/200/igs-2500,IGS2500,Global Studies: Approaches and Perspectives,"This course introduces students to the field of International and Global Studies and to the critical examination of global issues and globalization more generally. International and Global Studies reaches across academic disciplines to build new understandings of states, peoples, cultures, and societies facing a range of contemporary global challenges – from international migration, sustainable development, and human rights to public health, economic and social inequality, armed conflict, and terrorism. The course introduces students to some essential concepts, questions, and methods adopted by International and Global Studies scholars working across academic disciplines. Students consider the value and limits of different sources of knowledge, evaluate the relation of knowledge to culture and power, and engage in cross- and inter-disciplinary investigations of a number of specific global issues. They also learn how to develop and refine their own research interests in International and Global Studies.",4 sh,Not open to first-year students with fewer than 12sh completed at Elon,"IGS Elective, Society",FallSpring
https://elon.smartcatalogiq.com/en/2025-2026/academic-catalog/courses/itl-italian/300/itl-3210,ITL3210,Italian Conversation,This course offers intensive training in oral expression and develops abilities in everyday spoken communication with a strong importance given to vocabulary and speaking proficiency. Includes grammar review.,4 sh,ITL 2020 or placement at this level,Advanced Studies; Art History Elective; Italian Studies Elective; International Business Regional Area Course,ITL 321
https://elon.smartcatalogiq.com/en/2025-2026/academic-catalog/courses/jou-journalism/3000/jou-3100,JOU3100,Reporting for the Public Good,"Students become reporters and writers who emphasize accuracy, logic, and the sound and sense of words. Students analyze good journalism and discuss concepts such as civic journalism, the watchdog function of the news media, ethical practice, and journalism's role in serving the public good in a democracy.",4 sh,C or better in COM 1100.,Leadership Studies Elective; Professional Writing Elective,JOU 310
https://elon.smartcatalogiq.com/en/2025-2026/academic-catalog/courses/jou-journalism/3000/jou-3150,JOU3150,Digital News Production,"Students learn techniques of news production across media platforms and in converged news environments. With a focus on broadcast news production and online publishing, students gain the ability to produce news content through audio, video, photo and text for traditional, web and mobile media distribution.",4 sh,C or better in COM 2200.,Required for JOU majors.,FallSpring
https://elon.smartcatalogiq.com/en/2025-2026/academic-catalog/courses/jou-journalism/3000/jou-3110,JOU3110,Broadcast News Writing,"Students become broadcast reporters and writers for the ear by producing a variety of radio news stories. They analyze good broadcast journalism, audience research, media effects research, ethical standards and industry trends.",4 sh,C or better in COM 1100.,Professional Writing Elective,JOU 311
https://elon.smartcatalogiq.com/en/2025-2026/academic-catalog/courses/jou-journalism/3000/jou-3280,JOU3280,Photojournalism,"Photojournalism is the visual reporting of news. Students produce digital photojournalism by translating ideas and newsworthy information into visual form. The course emphasizes composition, lighting, storytelling and editing, along with the history of photojournalism and its legal and ethical frameworks.",4 sh,C or better and 2200.,Elective,JOU 328
https://elon.smartcatalogiq.com/en/2025-2026/academic-catalog/courses/jou-journalism/3000/jou-3620,JOU3620,Sports Journalism,"Students learn the ethics of sports reporting, interviewing athletes and coaches, working with sports information, writing on tight deadlines, and composing profiles and features by reading and writing sports stories and books. Students also learn how to find narratives within individual games.",4 sh,JOU 1100 or SPT 2320.,.,FallSpring
https://elon.smartcatalogiq.com/en/2025-2026/academic-catalog/courses/jou-journalism/3000/jou-3610,JOU3610,Business News Reporting,The news media need to report and write stories about business and the economy in compelling and understandable ways. This course identifies the need for business coverage and provides opportunities for students to pursue important stories in the community and region. Students will learn how to access the two main sources of information -- documents and people -- and discuss when and how to use data to build or enhance a story.,4 sh,JOU 2500,Elective,
https://elon.smartcatalogiq.com/en/2025-2026/academic-catalog/courses/jou-journalism/4000/jou-4280,JOU4280,Visual Storytelling,Multimedia tools are used to produce online visual stories through photojournalism. This course emphasizes advanced photojournalistic technique and methods of evoking emotion. Each student develops a working portfolio.,4 sh,JOU 3280.,Elective,JOU 428
https://elon.smartcatalogiq.com/en/2025-2026/academic-catalog/courses/led-leadership-studies/300/led-3050,LED3050,Leadership for Change,"Focusing on leadership as a relational and ethical process of working with others to create positive change, this course is centered on the intersection of leadership and change theories.   Identifying authentic challenges in our community provides the context for studying and applying relational and learning centered leadership to the human-centered problem solving processes.  Students will develop and begin implementing innovative approaches for social or behavior change.",4,Students must have successfully completed LED 2100.,"LED Studies minor elective; 
ELR for Leadership",Fall
https://elon.smartcatalogiq.com/en/2025-2026/academic-catalog/courses/mgt-management/300/mgt-3230,MGT3230,Principles of Management and Organizational Behavior,"This course prepares students for the challenges of management and leadership in the dynamic new workplace of the 21st century. The course examines the central role of management in the efficient and effective production of goods and services. Students will learn how strategic and operational planning, job design, organizational structure, and human behavior affect operations in manufacturing and service industries. Organizational behavior topics include leadership and ethics, motivation and rewards, communication, and teams and teamwork. The global dimensions of management are also emphasized.",4 sh,Sophomore standing,Business Elective,MGT 323
https://elon.smartcatalogiq.com/en/2025-2026/academic-catalog/courses/mgt-management/300/mgt-3440,ENT3440,Tech Tools for Innovation,"This course is dedicated to learning tools that organizations use to fuel innovation – tools students can use to perform better in future classes and the workplace. Tools include drawing, collaboration and planning, infographics, flowcharts, prototyping, 3-D printing, artificial intelligence, computer programming, and more. No prior coding experience is required. The course is project-based, meaning students will not just learnabouttechnologies (including their shortcomings), but gain the ability tousethem. Students will create an individual portfolio of workworthy of being shared with potential employers.",4 sh,ENT 2500  or BUS 1110,Elective,
https://elon.smartcatalogiq.com/en/2025-2026/academic-catalog/courses/mgt-management/400/mgt-4210,MGT4210,HRM: Staffing of Organizations,"In order to achieve competitive advantage, an organization must have an effective staffing system that recruits and selects human capital. This course is designed to provide an in-depth look at staffing within organizations. Specifically, major topic areas that will be discussed are: the impact of economic conditions on staffing; employment law and how it influences staffing activities; employee recruitment; employment testing in the context of employee selection; measurement issues in employee selection; decision-making in employee selection; and maintenance of an organizational staffing system.",4 sh,MGT 3230,Business Elective,MGT 421
https://elon.smartcatalogiq.com/en/2025-2026/academic-catalog/courses/mgt-management/400/mgt-4350,MGT4350,Advanced Cybersecurity Management Techniques,"Cybersecurity in enterprise is of paramount importance as it serves as the safeguard that protects sensitive data, digital assets, and operational continuity from an increasingly sophisticated array of cyber threats. It ensures the confidentiality, integrity, and availability of critical information, bolstering trust among stakeholders and clients. In this course, we focus on gaining valuable insights into the current challenges related to threat intelligence within enterprises. By delving into the realm of cybersecurity practices and tools available in the market, students will develop a comprehensive understanding that can be applied across various career paths.",4 sh,MGT 3350,Minor -  Cybersecurity Management,Spring
https://elon.smartcatalogiq.com/en/2025-2026/academic-catalog/courses/mkt-marketing/300/mkt-3120,MKT3120,Personal Branding: How to Tell your Story,"This course provides students with a broad understanding of personal branding.  Students will gain an understanding of the tools, techniques, and strategies a person can use to develop a strong brand. Upon completion of the course, students will be able to develop/enhance their resume, build a personal website, create a LinkedIn page, populate both their website and LinkedIn page with “All-Star” status. Students will also provide links to their targeted social media accounts and display their digital portfolios. Students will also learn how to write a LinkedIn article, connect with (students, faculty, staff, and potential employers). Students will develop a methodology for behavioral interviews which will include how to uniquely tell your story. This course will help you stand out and help employers remember who you are.",4 sh,MKT 3110,"Marketing Elective, Professional Sales Elective",Winter
https://elon.smartcatalogiq.com/en/2025-2026/academic-catalog/courses/mkt-marketing/400/mkt-4260,MKT4260,Marketing Analytics,"The new age of marketing requires a theoretical and empirical understanding of data. Marketing Analytics helps marketers to make data-driven decisions. Students will learn the benefits of taking an analytics-based approach to decision making and how marketing analytics is practiced in organizations. The class will offer the theoretical understanding of data technologies including marketing data collection, analysis, and visualization. A variety of relevant topics will be discussed including data management, social listening and sentiment analysis, cluster analysis, experiments and A/B testing in the digital environments, artificial intelligence and machine learning and data visualization. The class will give students the right tools to stay relevant. At the end of the course, students will be equipped with the knowledge to adapt to the many changes in marketing and the skills to perform vital daily function. The course will use a combination of cases, lectures, and hands-on projects.",4 sh,MKT 3110,Marketing Elective,FallSpring
https://elon.smartcatalogiq.com/en/2025-2026/academic-catalog/courses/mkt-marketing/400/mkt-4400,MKT4400,Topics in Contemporary B2C,"This class is intended to be an exercise in thinking well about marketing problems. By examining selected issues extant in the contemporary marketplace – sometimes from an historical perspective, or according the conflicting views authors -  this course strives to present provocative ideas about how the marketplace works, and how marketers might respond effectively do it, thereby deepening one’s ability to think deeply and broadly about those problems with which the student may soon have to contend in the actual marketplace, and conceive of effect strategic responses.",4,MKT 3110,Seminar,Spring
https://elon.smartcatalogiq.com/en/2025-2026/academic-catalog/courses/mma-multimedia-authoring/400/mma-4600,MMA4600,Multimedia Authoring Studio,"This course will offer multimedia challenges in the student's major field of study or related field of interest. For the final project, students will be involved in the editing and creative layout of a publication that is produced each spring.",4 sh,"PWR 2120, CSC 1100 and 8 hours of MMA electives","Society, Advanced Studies",
https://elon.smartcatalogiq.com/en/2025-2026/academic-catalog/courses/mte-music-theatre/200/mte-2230,MTE2230,Music Theatre Ensemble,Students earn credit for performing in department productions. This course is repeatable.,1,by audition only,Major (Music Theatre) - Ensembles,FallSpring
https://elon.smartcatalogiq.com/en/2025-2026/academic-catalog/courses/mte-music-theatre/300/mte-3321,MTE3321,Performance in Music Theatre,"This performance-oriented course provides a systematic approach to achieving a high level of singing-acting skills. Students also receive training and practice in selecting, preparing and presenting audition material.",4 sh,MUS 122 B and ACT  1120,Advanced Studies; Theatre Arts Elective,MTE 321
https://elon.smartcatalogiq.com/en/2025-2026/academic-catalog/courses/mte-music-theatre/300/mte-3302,MTE3302,Music Theatre Literature,"The purpose of this course is to expose the student to the staples of the music theatre literature, to develop a critical sensitivity to the medium and to enable analysis of music, plots, characters and situations in contemporary music theatre.",4 sh,"MUS 1310, MUS 1315",Advanced Studies; Theatre Arts Elective,MTE 302
https://elon.smartcatalogiq.com/en/2025-2026/academic-catalog/courses/mte-music-theatre/300/mte-3322,MTE3322,Music Theatre and Opera Scene Study,"This performance-oriented course integrates music and theatre performance skills through the selection, development and presentation of partnered scenes from music theatre and opera repertoire.",4 sh,Two semesters of MUS 1110 or permission of instructor,Advanced Studies; Theatre Arts Elective,MTE 322
https://elon.smartcatalogiq.com/en/2025-2026/academic-catalog/courses/mte-music-theatre/300/mte-3350,MTE3350,Dance for the Musical Stage III,"This course is a continued study of theatre dance designed to expand and enhance the student's working knowledge of the art form. At this level, the student will be pushed to cross the line into intermediate-level artistic and technical work building on the coursework covered inMTE 1150andMTE 2250.",1 sh,"MTE 2250. Restricted to junior music theatre majors, others by permission of instructor.",Advanced Studies,MTE 350
https://elon.smartcatalogiq.com/en/2025-2026/academic-catalog/courses/mte-music-theatre/300/mte-3363,MTE3363,Winter Stock Musical,Students earn credit for their acting/performance work in departmental productions during Winter Term.,4,By Petition Only,"Major (Music Theatre) - Ensemble
Core Curriculum - Advanced Studies in the Arts and Sciences",Winter
https://elon.smartcatalogiq.com/en/2025-2026/academic-catalog/courses/mte-music-theatre/400/mte-4000,MTE4000,The MT Box,"This is a performance based class, productions tackled will change from year to year.The focus is the development of new musicals, productions of recent, smaller-cast contemporary musicalsor a unique take on a classic piece.",4 sh,Senior MTE major,Advanced Studies; Theatre Arts Elective,MTE 400
https://elon.smartcatalogiq.com/en/2025-2026/academic-catalog/courses/mte-music-theatre/400/mte-4450,MTE4450,Dance for Musical Stage IV,A continuation course at the advanced level expanding upon the knowledge and skills introduced in MTE 350. The focus is on integrating technique with performance while exploring the traditional musical theatre vernacular in more depth. Historical lineage of music theatre dance remains an emphasis.,1 sh,"MTE 3350; Restricted to senior music theatre majors, others by permission of instructor.",Advanced Studies,MTE 450
https://elon.smartcatalogiq.com/en/2025-2026/academic-catalog/courses/mte-music-theatre/400/mte-4970,MTE4970,Senior Seminar,"This capstone experience for senior majors centers on a practical project, which demonstrates proficiency in performance skills and preparation for graduate study or entry into the profession.",2 sh,Senior MTE major,Advanced Studies; Theatre Arts Elective,MTE 495
https://elon.smartcatalogiq.com/en/2025-2026/academic-catalog/courses/mth-mathematics/100/mth-1510,MTH1510,Calculus I,"This rigorous first course in single variable calculus builds upon knowledge of algebra, trigonometry and functions. Students are introduced to the computational and theoretical aspects of the study of rates of change and accumulation of functions. Topics include limits and continuity, derivatives and their applications, differentiation rules, antiderivatives, the definite integral and the fundamental theorem of calculus.",4 sh,Placement at this level,Science; First-Year Foundation,MTH 151
https://elon.smartcatalogiq.com/en/2025-2026/academic-catalog/courses/mth-mathematics/200/mth-2300,MTH2300,Mathematical Methods for Data Analytics,"This introductory course focuses on mathematical methods  for data scientists. Topics could include the mathematics behind clustering, optimization,  stochastic processes,  regression,  principle component analysis, and neural networks. Students will be exposed to appropriate software to deal with data driven problems and will see a variety of real world mathematical modeling problems.",4 sh,"STS 1100, STS 2120, or MTH 1510 (or above)",Science,Spring
https://elon.smartcatalogiq.com/en/2025-2026/academic-catalog/courses/mth-mathematics/200/mth-2410,MTH2410,Discrete Structures,"This course offers an intensive introduction to discrete mathematics as it is used in computing sciences. Topics include functions, relations, propositional and predicate logic, simple circuit logic, proof techniques and elementary and discrete probability.",4 sh,MTH 1160 or MTH 1510 or CSC 1300 (can be taken as corequisite),Science; First-Year Foundations,MTH 241
https://elon.smartcatalogiq.com/en/2025-2026/academic-catalog/courses/mth-mathematics/200/mth-2510,MTH2510,Calculus II,"Students explore applications of the definite integral, differentiation and integration of transcendental functions, techniques of integration, indeterminate forms, improper integrals, infinite sequences and series. Students will be introduced to abstract mathematical thought through formal definitions and proofs.",4 sh,MTH 1510,Science; First-Year Foundations,MTH 251
https://elon.smartcatalogiq.com/en/2025-2026/academic-catalog/courses/mth-mathematics/200/mth-2520,MTH2520,Multivariable Calculus and Analytic Geometry,"This course provides a study of advanced techniques of differential and integral calculus, including plane curves and polar coordinates, three-dimensional analytic geometry including vectors, differentiation and integration of multivariable functions and applications.",4 sh,MTH 2510,Science; First-Year Foundations,MTH 252
https://elon.smartcatalogiq.com/en/2025-2026/academic-catalog/courses/mth-mathematics/300/mth-3080,MTH3080,Mathematics & Statistics for Middle Grades and Secondary Teachers,"The course presents students with mathematics and statistics problems, open-ended investigations, challenges to organize and communicate information from these investigations, and the use of technology and manipulative tools to accomplish such tasks. Problems consist of applications of mathematics and statistics content from the middle grades and secondary curriculum. The content includes topics such as: relations, functions, and their graphs; geometric concepts and proofs; measurement; conics; trigonometry; graph theory; number theory; data analysis; probability; and inference.",4 sh,Admission to the teacher education program or permission of program coordinator.,Advanced Studies,
https://elon.smartcatalogiq.com/en/2025-2026/academic-catalog/courses/mth-mathematics/300/mth-3090,MTH3090,21st Century Technology in Mathematics & Statistics,This course is designed for secondary math education candidates. It provides an examination of the role of mathematics and statistics technology with a focus on mathematical and statistical practices associated with professional standards. Students will develop skills for selecting and applying mathematics and statistics technology to enhance teacher productivity and student learning.,4 sh,Admission to the teacher education program,Advanced Studies; Science;,
https://elon.smartcatalogiq.com/en/2025-2026/academic-catalog/courses/mth-mathematics/300/mth-3300,MTH3300,Mathematical Reasoning,"This course continues the transition begun in Math 2310 - Linear Algebra from computational to theoretical work. A focused study of proof techniques and reasoning skills builds upon the introduction to theroems and proofs in previous classes by developing the reasoning and writing skills necessary to create proofs. Topics include mathematical logic, sets, mathematical induction, combinatorics, relations, and countability arguments.",4 sh,MTH 2310,Science; Advanced Studies; First-Year Foundations,
https://elon.smartcatalogiq.com/en/2025-2026/academic-catalog/courses/mth-mathematics/300/mth-3350,MTH3350,Modern Geometry,"This rigorous treatment of axiomatic foundations of Euclidean geometry through Hilbert's axioms includes the role and independence of the parallel postulate (revealed through models and neutral geometry), straightedge and compass constructions, historical and philosophical implications of the discovery of non-Euclidean geometry with an introduction to both hyperbolic and elliptic geometry.",4 sh,MTH 3300,Science; Advanced Studies; First-Year Foundations,MTH 335
https://elon.smartcatalogiq.com/en/2025-2026/academic-catalog/courses/mth-mathematics/300/mth-3430,MTH3430,Mathematical Modeling,"This course is intended to familiarize students with modeling techniques that apply to scientific and industrial situations. Topics discussed may include growth and decay models, game theory, linear models, Markov chains, elementary differential equation models, and the use of these models and concepts in various disciplines.",4 sh,MTH 2510 and MTH 2310,Science; Advanced Studies; First Year Foundation,MTH 343
https://elon.smartcatalogiq.com/en/2025-2026/academic-catalog/courses/mth-mathematics/400/mth-4300,MTH4300,Abstract Algebra,"Students who have had an introduction to the rules of logic and proof construction are introduced to abstract algebra, including topics such as functions, groups (cyclic, permutation, normal and quotient), properties of groups, rings, fields, homomorphisms, isomorphisms, real and complex numbers and polynomials.",4 sh,MTH 3300 and MTH 2310,Science; Advanced Studies; First-Year Foundation,MTH 430
https://elon.smartcatalogiq.com/en/2025-2026/academic-catalog/courses/mth-mathematics/400/mth-4450,MTH4450,Numerical Analysis,"This introduction to numerical analysis includes floating point arithmetic, interpolation, approximation, numerical integration and differentiation, nonlinear equations and linear systems of equations.",4 sh,CSC 1300; MTH 2310; MTH 2520; or permission of the instructor,Science; Advanced Studies; First-Year Foundation,MTH 445
https://elon.smartcatalogiq.com/en/2025-2026/academic-catalog/courses/mth-mathematics/400/mth-4510,MTH4510,Fourier Analysis and its Applications,"In this class, students will be exposed to orthogonal functions, Fourier series, Fourier transforms, and a variety of additional convolution and filtering techniques.  Students will also see applications of Fourier analysis in fields such as signal and image processing and time series analysis.",4 sh,"Prerequisites:  (at least one of CSC 1300, STS 3270, STS 3470); MTH 2510; or permission of the instructor.",Non-lab science,Spring
https://elon.smartcatalogiq.com/en/2025-2026/academic-catalog/courses/mth-mathematics/400/mth-4550,MTH4550,Analysis,"This course provides an in-depth study of topics introduced in the three-course calculus sequence, including sequences and series, continuity and differentiation of functions of a single variable, the Riemann integral and the fundamental theorem of calculus.",4 sh,MTH 3300 and MTH 2520,Science; Advanced Studies; First-Year Foundation,MTH 455
https://elon.smartcatalogiq.com/en/2025-2026/academic-catalog/courses/mth-mathematics/400/mth-4970,MTH4970,Seminar,Students in this capstone course will dive deeper into a mathematical field of study determined by the instructor. This course emphasizes mathematical habits of mind.,4 sh,Junior or senior standing or permission of the department.,Science; Advanced Studies,MTH 460
https://elon.smartcatalogiq.com/en/2025-2026/academic-catalog/courses/mth-mathematics/400/mth-4710,MTH4710,Intro to or and Stochastic Processes,Topics are selected to meet the needs and interests of the students.,2-4 sh,"CSC 1300, MTH 2310, MTH 2520, or permission of the instructor",Science; Advanced Studies; First-Year Foundation,MTH 471
https://elon.smartcatalogiq.com/en/2025-2026/academic-catalog/courses/mth-mathematics/400/mth-4985,MTH4985,Internship in Mathematics,The internship provides advanced work experiences in some aspect of mathematical sciences and is offered on an individual basis when suitable opportunities can be arranged.,1-4 sh,permission of the department,Science; Advanced Studies; Experiential Learning Requirement; First-Year Foundation; Internship,MTH 481
https://elon.smartcatalogiq.com/en/2025-2026/academic-catalog/courses/mth-mathematics/400/mth-4999,MTH4999,Independent Research in Mathematics,Students engage in independent research or consulting related to the field of mathematics. Research is conducted under supervision of department faculty.,1-4 sh,Permission of the department chair,Science; Advanced Studies; Experiential Learning Requirement; First-Year Foundation,MTH 499
https://elon.smartcatalogiq.com/en/2025-2026/academic-catalog/courses/mus-music/300/mus-2855,MUS2855,Studio Techniques I,"This course builds onMUS 1825, Introduction to Music Production. The primary subject matter focuses on studio techniques concerning signal flow, gain structure, microphone selection and technique, tracking, editing, mixing and advanced digital audio workstation software concepts. Related topics covered include direct boxes, preamps, effects plug-ins, monitoring, amplifiers, cable types, audio engineering terminology, session workflow and mastering. Course assignments and projects frequently require students to attend studio sessions outside of class hours for completion.",4 sh,MUS 1825,"Core Curriculum - non-literature Expression
Major - Music production emphasis and approved elective",FallSpring
https://elon.smartcatalogiq.com/en/2025-2026/academic-catalog/courses/mus-music/300/mus-3360,MUS3360,Counterpoint,Analysis and composition of period works are part of the study of counterpoint from the 16th to 20th centuries with applications to various vocal and instrumental writings.,4 sh,MUS 2320,Advanced Studies,MUS 311
https://elon.smartcatalogiq.com/en/2025-2026/academic-catalog/courses/mus-music/300/mus-3370,MUS3370,Form and Analysis,This course acquaints the student with the standard forms of tonal music through the aural and visual study of micro and macro forms of representative works.,2 sh,MUS 2320,Advanced Studies,MUS 313
https://elon.smartcatalogiq.com/en/2025-2026/academic-catalog/courses/mus-music/300/mus-3401,MUS3401,The Music of Ancient Times through Baroque,"This survey of music through the Baroque period emphasizes Renaissance and Baroque counterpoint through reading, listening, analysis, research and writing.",4 sh,MUS 1320,Advanced Studies; Classical Studies Elective,MUS 315
https://elon.smartcatalogiq.com/en/2025-2026/academic-catalog/courses/mus-music/300/mus-3402,MUS3402,Classic and Romantic Music,"By reading, listening, research and writing, students explore the relationship of 18th- and 19th-century music to the world, as the expression of artists responding to political, social and philosophical environments. The course also emphasizes the progressive study of formal analysis, from smaller forms to the large single and multi-movement genres of the period.",4 sh,MUS 1320,Advanced Studies,MUS 316
https://elon.smartcatalogiq.com/en/2025-2026/academic-catalog/courses/mus-music/300/mus-3515,MUS3515,Vocal Pedagogy,"This upper-level course focuses on the scientific and psychological aspects of singing and how this knowledge is useful to the teacher of voice. It introduces basic anatomy and the physical processes of phonation along with psychological concepts that aid in the training and use of the singing voice. Physiological topics include resonance, breath support, tone production, vowels registration and flexibility. Other topics include pedagogical methods, vocal problems and vocal artistry.",2 sh,One year of private voice at the MUS 1110 level,Advanced Studies,MUS 367
https://elon.smartcatalogiq.com/en/2025-2026/academic-catalog/courses/mus-music/300/mus-3510,MUS3510,Opera Workshop,This course offers students performance opportunities in operatic literature. Students will musically and dramatically prepare operatic excerpts or one-act operas appropriate for undergraduate singers.,2 sh,An audition is required for this class.,Advanced Studies,MUS 350
https://elon.smartcatalogiq.com/en/2025-2026/academic-catalog/courses/mus-music/300/mus-3532,MUS3532,Percussion Methods,"The purpose of this course is to prepare prospective music teachers for successful teaching in a school instrumental program or private studio. Students will develop basic proficiency on selected percussion instruments and the appropriate teaching techniques and strategies for teaching those instruments. In addition, they will demonstrate knowledge of the materials for effective teaching in the middle and high school instrumental program.",1 sh,Permission of instructor,Advanced Studies,Spring
https://elon.smartcatalogiq.com/en/2025-2026/academic-catalog/courses/mus-music/300/mus-3531,MUS3531,Choral Methods and Literature,"This course explores the pedagogical methods required to teach large and small vocal ensembles in the public schools. In addition, the course will focus on the selection of practical literature for all levels of a choral curriculum. Special topics will also include the development and maintenance of a choral program.",2 sh,Permission of instructor,Advanced Studies,MUS 360
https://elon.smartcatalogiq.com/en/2025-2026/academic-catalog/courses/mus-music/300/mus-3537,MUS3537,Brass Methods,"The purpose of this course is to prepare prospective music teachers for successful teaching in a school instrumental program or private studio. Students will develop basic proficiency on selected brass instruments and the appropriate teaching techniques and strategies for teaching those instruments. In addition, they will demonstrate knowledge of the materials for effective teaching in the middle and high school instrumental program.",1 sh,Permission of Instructor,Advanced Studies,Spring
https://elon.smartcatalogiq.com/en/2025-2026/academic-catalog/courses/mus-music/300/mus-3533,MUS3533,String Methods,"The purpose of this course is to prepare prospective music teachers for successful teaching in a school instrumental program or private studio. Students will develop basic proficiency on selected string instruments and the appropriate teaching techniques and strategies for teaching those instruments. In addition, they will demonstrate knowledge of the materials for effective teaching in the middle and high school instrumental program.",1 sh,Permission of Instructor,Advanced Studies,Spring
https://elon.smartcatalogiq.com/en/2025-2026/academic-catalog/courses/mus-music/300/mus-3536,MUS3536,Woodwind Methods,"The purpose of this course is to prepare prospective music teachers for successful teaching in a school instrumental program or private studio. Students will develop basic proficiency on selected woodwind instruments and the appropriate teaching techniques and strategies for teaching those instruments. In addition, they will demonstrate knowledge of the materials for effective teaching in the middle and high school instrumental program.",1 sh,Permission of Instructor,Advanced Studies,Spring
https://elon.smartcatalogiq.com/en/2025-2026/academic-catalog/courses/mus-music/300/mus-3835,MUS3835,The Art of Songcraft,"This course focuses on the art of songwriting in commercial and popular styles, including the musical elements of harmony, melody, arrangement, hook, groove and form, as well as the study of lyric writing. The course also covers the use of various tools used to create lead sheets, sheet music and make demo recordings.",4 sh,MUS 1320,Advanced Studies,MUS 355
https://elon.smartcatalogiq.com/en/2025-2026/academic-catalog/courses/mus-music/300/mus-3860,MUS3860,Pro Tools Basics,This class uses the authorized curriculum from Avid Technologies for Specialist-level certification in the Pro Tools software program. Students will learn how to operate within the latest version of Pro Tools software and be prepared to take the Avid certification exams. Successfully completing the exams will earn certification credentials from Avid.,4,MUS 2825 or experience level approval by the instructor is required,3000-4000 level classes,Winter
https://elon.smartcatalogiq.com/en/2025-2026/academic-catalog/courses/mus-music/300/mus-3865,MUS3865,Audio and Music Post-Production,"This course focuses on musical and audio aesthetic and technical principles relating to the integration or synchronization of music and audio with visual media such as motion pictures, television, video games and multimedia. Topics covered include film-scoring, music and sound for video games, re-recording mixing, ADR, foley, editing, sound supervision, spotting, sound design, surround sound, and spatial audio. In addition, this course will cover music-specific post-production topics such as mastering and delivery formats.",4 sh,"MUS 3825, MUS 3835, or permission of instructor","Advanced Studies, Expression",FallSpring
https://elon.smartcatalogiq.com/en/2025-2026/academic-catalog/courses/mus-music/300/mus-3885,MUS3885,Live Sound Production and Recording,"This course focuses on sound reinforcement for live musical performances and recording or broadcast of live musical events, both amplified and unamplified. Primary topics include mixing for front of house, monitor and recording or broadcast. Supporting topics include speakers, amplifiers, cabling, rigging, power, mic technique, wireless (RF), touring, stage craft, set up and tear down.",4 sh,MUS 3825,Advanced Studies,MUS 310
https://elon.smartcatalogiq.com/en/2025-2026/academic-catalog/courses/mus-music/300/mus-3980,MUS3980,Piano Pedagogy Practicum,The practical application of methods and skills learned inMUS 3521and/orMUS 3522.,1 sh,MUS 3521 or MUS 3522,Advanced Studies,MUS 353
https://elon.smartcatalogiq.com/en/2025-2026/academic-catalog/courses/mus-music/400/mus-4370,MUS4370,20th Century Techniques,"This course is a study of the changes which have taken place in music of the 20th century. Techniques to be studied include atonality, polytonality, serialism, integral serialism, dodecophony and electronic music.",2 sh,MUS 1320,Advanced Studies,MUS 413
https://elon.smartcatalogiq.com/en/2025-2026/academic-catalog/courses/mus-music/400/mus-3855,MUS3855,Studio Techniques II,"This course is a continuation ofMUS 2855: Studio Techniques I, building on the knowledge and skills acquired in that course. The course focuses on topics such as advanced mixing techniques, fluency in music recording, editing and mixing, use of specialized DAW plug-ins and outboard gear, recording session management and workflow, producing, and professional interaction with the musical talent. Course assignments and projects frequently require students to attend studio sessions outside of class hours for completion.",4 sh,MUS 2855,"Advanced Studies, Expression",FallSpring
https://elon.smartcatalogiq.com/en/2025-2026/academic-catalog/courses/mus-music/400/mus-4985,MUS4985,Music Industry Internship,Field application of music industry theories and practices in professional music industry or technology related fields. Study abroad opportunities may be considered with the internship.,1-4 sh,Consent of a music production and recording arts professor,Advanced Studies; Experiential Learning Requirement; Internship,FallWinterSpringSummer
https://elon.smartcatalogiq.com/en/2025-2026/academic-catalog/courses/neu-neuroscience/3000/neu-3100,NEU3100,Special Topics in Neuroscience,"This advanced-level class provides an in-depth exploration and discussion of specific topic areas in neuroscience. Course topics will vary based on instructor and might include: Computational Neuroscience, Cognitive Neuroscience, Clinical Neuroscience, Exercise and the Brain, Neuropharmacology, Neuroendocrinology, Behavioral Neuroscience, Cellular/Molecular Neuroscience, and Systems Neuroscience, among others.",4 sh,"NEU 1100; BIO 2420, ESS 2160,  or PSY 2400; 62 credits complete; or approval of the director of the neuroscience program.","Science, Advanced Studies",FallWinterSpring
https://elon.smartcatalogiq.com/en/2025-2026/academic-catalog/courses/nrs-nursing/300/nrs-3300,NRS3300,Gerontological Nursing,"This course will explore the essential elements of nursing care in meeting the physiologic, psychological and emotional needs of the elderly. Emphasis is placed on the concepts of normal aging processes, effects of aging on the body, effects of medication in the elderly client population and the role of grief/loss and spirituality. Students will also explore the concepts of family, health-wellness-illness, communication, caring interventions, management of care, safety, quality improvement, informatics/technology and advocacy.",2 sh,"A grade of B- or better is required in all prerequisites NRS 2100, NRS 2200, NRS 2300, NRS 2400",Nursing,Spring
https://elon.smartcatalogiq.com/en/2025-2026/academic-catalog/courses/nrs-nursing/400/nrs-4100,NRS4100,Evidence- Based Nursing Practice,"This course will empower future nurses with essential skills in locating, critically appraising, translating, and contributing to the scholarly foundation of nursing as a discipline. Using models of evidence-based practice, students will participate in mentored projects that contribute to application, integration, or discovery within nursing theory or practice.",3 sh,"ABSN: A grade of B- or better in NRS 3100, NRS 3200, NRS 3300, and NRS 3400 BSN: A grade of B- or better in NRS 3200 and NRS 4500",Nursing,SummerSpring
https://elon.smartcatalogiq.com/en/2025-2026/academic-catalog/courses/nrs-nursing/400/nrs-4315,NRS4315,Healthcare Relationships II: Understanding Difference Through a Lens of Comparative Healthcare Systems,"This course provides students with an opportunity to expand their knowledge base in healthcare systems and delivery, develop intercultural awareness, and consider strategies for improving the lives of patients. Through a comparative lens, students gain a greater understanding of diversity, equity, and inclusion within healthcare, while also developing an appreciation for how healthcare can and should be adapted to meet the needs of individual patients and communities, both domestically and overseas.",4 sh,GBL 1315,Experiential Learning Requirement,Winter
https://elon.smartcatalogiq.com/en/2025-2026/academic-catalog/courses/nrs-nursing/400/nrs-4800,NRS4800,Pathways to Practice,"This course will explore the essential elements of the development of nursing leadership skills, roles and delegation. The course will include completion of a capstone project that synthesizes evidence-based practice, builds on previously learned concepts and skills, and demonstrates application, integration, or discovery within nursing theory or practice. Students will be prepared for mastery of the NCLEX-RN examination and develop strategies for the successful transition from student to professional nurse.",6 sh,BSN: A grade of B- or higher in NRS 3200 and NRS 4500 ABSN: A grade of B- or higher in NRS 4200,Experiential Learning Requirement (2 units),FallSpring
https://elon.smartcatalogiq.com/en/2025-2026/academic-catalog/courses/ole-outdoor-leadership-in-education/3000/ole-3985,OLE3985,Internship in Outdoor Experiential Education,"The internship in Outdoor Leadership and Education is open to students in any of the four concentrations: Environmental, Experiential Training and Consulting, Inter/Intrapersonal, or Learning and Leadership.",2-16 sh,Junior or Senior Standing; Other students may petition for permission to take this course prior to the summer before their junior year.,"Internship, Experiential Learning Requirement",FallWinterSpringSummer
https://elon.smartcatalogiq.com/en/2025-2026/academic-catalog/courses/peh-physical-education-and-health/300/peh-3450,PEH3450,Principles of Coaching,"The curriculum of this course explores the skills needed to be a successful coach. Topics to be examined include coaching philosophies, ethics, character education, psychological aspects, and administrative leadership of a sports team.",4 sh,"PEH 1100, PEH 1250, PEH 1260, ESS 1110, SPT 2120, or permission of instructor.",Coaching,Spring
https://elon.smartcatalogiq.com/en/2025-2026/academic-catalog/courses/peh-physical-education-and-health/300/peh-3630,PEH3630,Coaching Technical and Tactical Skills,"This course will examine the application of instructional methods when coaching technical and tactical skills of sport. Study of practice organization, seasonal planning, physical preparation, and an in-depth review of sport-specific skills will be addressed. Students will learn safe, effective pedagogical methods that teach for optimal performance, enjoyment and understanding.",4 sh,"PEH 1100, PEH 1250, PEH 1260, ESS 1110, SPT 2120, or permission of instructor.",Coaching,Fall
https://elon.smartcatalogiq.com/en/2025-2026/academic-catalog/courses/peh-physical-education-and-health/400/peh-4210,PEH4210,Chronic and Acute Diseases,"Students study the interdependency of body systems and diseases and conditions that affect human health and well-being. Topics include the historical foundation of health professions, immunology, pathophysiology of prominent acute and chronic diseases, sociocultural factors that influence health, and consequences and prevention of major health risk behaviors. Methods of health appraisal and screening are also investigated.",4 sh,BIO 2312 and BIO 2412,Exercise Science Elective; Public Health Elective,PEH 421
https://elon.smartcatalogiq.com/en/2025-2026/academic-catalog/courses/phs-public-health-studies/300/phs-3010,PHS3010,Introduction to Epidemiology,This course explores the basic principles and methods of the epidemiological approach to understanding the distribution and determinants of health and disease and how this knowledge informs public health practice and policy. Students will learn and apply the processes involved in disease surveillance screening programs and outbreak investigations as well as the major epidemiologic study designs through case studies. Basic descriptive and analytic epidemiologic measures will be calculated.,4 sh,PHS 2010 and STS 1100 or STS 2120,Geographic Information Systems Elective,PHS 301
https://elon.smartcatalogiq.com/en/2025-2026/academic-catalog/courses/phs-public-health-studies/300/phs-3980,PHS3980,Practicum,"Three weeks of direct practice and observation in a public health organization provide the opportunity for students to apply and conceptualize various aspects of health care delivery using this approach. Student learning will be guided and enhanced through weekly seminars, written assignments, and faculty site visits.",4 sh,"PHS 2010, status as a declared Public Health Studies major or minor and submission and approval of the application for practicum",Experiential Learning Requirement; Internship,PHS 381
https://elon.smartcatalogiq.com/en/2025-2026/academic-catalog/courses/phy-physics/200/phy-2010,PHY2010,General Physics I,"Designed for students majoring in the biological and/or health-related sciences, this survey of classical and modern physics includes mechanics, waves, heat, electricity, magnetism, optics and atomic and nuclear physics.",4 sh,MTH 1000 or placement exemption,Science; Laboratory; Biology Elective,PHY 201
https://elon.smartcatalogiq.com/en/2025-2026/academic-catalog/courses/phy-physics/200/phy-2020,PHY2020,General Physics II,"Designed for students majoring in the biological and/or health-related sciences, this survey of classical and modern physics includes mechanics, waves, heat, electricity, magnetism, optics and atomic and nuclear physics.",4 sh,PHY 2010,Science; Laboratory,PHY 202
https://elon.smartcatalogiq.com/en/2025-2026/academic-catalog/courses/phy-physics/200/phy-2220,PHY2220,University Physics II,"This survey of topics in classical physics is designed for students majoring in math, physics, computer science, chemistry, or engineering. Topics include electrostatics, magnetostatics, electrodynamics, and waves. Laboratory Included.",4 sh,PHY 2210,Science; Laboratory,Spring
https://elon.smartcatalogiq.com/en/2025-2026/academic-catalog/courses/phy-physics/300/phy-3100,PHY3100,Engineering Thermodynamics,"This course introduces the concept of energy and the laws governing the transfers and transformations of energy. Study emphasizes thermodynamic properties as well as First and Second Law analyses of closed systems and control volumes. These concepts are explored in the context of engineering devices, such as turbines, compressors, and heat exchangers.  The course concludes by exploring engineering systems, such as engines, power plants, and refrigerators, which are governed by basic power and refrigeration cycles.",4 sh,PHY 2210,Science; Advanced Studies,Fall
https://elon.smartcatalogiq.com/en/2025-2026/academic-catalog/courses/phy-physics/300/phy-3080,PHY3080,Engineering Fluid Mechanics,"This course will introduce students to the fundamentals of fluid statics and dynamics including integral and differential control volume analysis using conservation equations, application of dimensional analysis, dynamic similitude, steady-state laminar viscous flow, and turbulent flow.",4 sh,MTH 2510,Science; Advanced Studies,Fall
https://elon.smartcatalogiq.com/en/2025-2026/academic-catalog/courses/phy-physics/300/phy-3130,PHY3130,Modern Astrophysics,"Astrophysics is the modern science of taking what has been learned about the universe from physics experiments and using it to explain what astronomers see in space. Students in this class will learn how we know about the nature of the stars, the age of the universe, the mystery of dark energy and the possibility of life on other planets. This course serves as a bridge between University Physics and upper-level physics classes.",4 sh,PHY 2010 or PHY 2210,Science; Advanced Studies,PHY 313
https://elon.smartcatalogiq.com/en/2025-2026/academic-catalog/courses/phy-physics/300/phy-3140,PHY3140,Modern Physics,"This course provides further study of wave dynamics, special relativity, early quantum mechanics, wave mechanics and an introduction to solid state and nuclear physics.",4 sh,PHY 2220,Science; Laboratory; Advanced Studies,PHY 314
https://elon.smartcatalogiq.com/en/2025-2026/academic-catalog/courses/phy-physics/400/phy-4020,PHY4020,Statistical Mechanics,"This study covers statistical methods, the concept of the ensemble and statistical averages, and explores thermodynamics using a theoretical progression from statistical analysis to thermodynamic variables. In-depth studies include conservation laws and thermodynamical variables such as entropy and free energy.",4 sh,PHY 4010,Science; Laboratory; Advanced Studies,PHY 402
https://elon.smartcatalogiq.com/en/2025-2026/academic-catalog/courses/phy-physics/400/phy-4010,PHY4010,Classical Mechanics,"This course focuses on applications of Newtonian mechanics, and on an introduction to Lagrangian and Hamiltonian treatments of classical mechanics. Students explore variational principles, conservation laws, and contemporary approaches to dynamical systems.",4 sh,PHY 3510,Science; Laboratory; Advanced Studies,
https://elon.smartcatalogiq.com/en/2025-2026/academic-catalog/courses/phy-physics/400/phy-4030,PHY4030,Electrodynamics I,"Classical electrodynamics involves the study of electrostatics (including image methods and electric fields in the presence of dielectric media), vector analysis, continuity conditions for field quantities at interfaces and magnetism and magnetostatics.",4 sh,PHY 3510,Science; Advanced Studies,
https://elon.smartcatalogiq.com/en/2025-2026/academic-catalog/courses/phy-physics/300/phy-3980,PHY3980,Research Methods II,"PHY 3980is the culmination of a two-course sequence (PHY 3970/PHY 3980) that serves as an introduction to the processes of scientific research and development, including the design and execution of an experiment or project and the effective communication of results. Continuing work on projects begun inPHY 3970, students will overcome experimental and design challenges to complete an experiment or produce a high-fidelity prototype, achieve meaningful results, and acquire critical skills in data analysis and presentation. Students will engage in the practices of scientific communication and dissemination, culminating in both a technical presentation and a journal-style manuscript.",2 sh,PHY 3970 Research Methods I,Science; Advanced Studies,Spring
https://elon.smartcatalogiq.com/en/2025-2026/academic-catalog/courses/phy-physics/400/phy-4040,PHY4040,Electrodynamics II,"This course includes Maxwell's equations and continuation of electrodynamics and explores the natural connection of field theory and electrodynamics and basic mathematical tools, including tensor analysis. By experiments and numerical simulation, students investigate electromagnetic radiation and fields.",4 sh,PHY 4030,Science; Laboratory; Advanced Studies,PHY 404
https://elon.smartcatalogiq.com/en/2025-2026/academic-catalog/courses/phy-physics/400/phy-4120,PHY4120,Relativity and Cosmology,"This course begins by examining fundamentally electrodynamical problems out of which special relativity was born. Students read Einstein's original paper and study the classical paradoxes in depth. Discussion of cosmological problems includes black holes, galactic red shift and early universe theory. Some aspects of the general theory of relativity are also introduced.",4 sh,PHY 4030 and PHY 4040,Science; Advanced Studies,PHY 412
https://elon.smartcatalogiq.com/en/2025-2026/academic-catalog/courses/phy-physics/400/phy-4110,PHY4110,Quantum Mechanics,Study of quantum mechanics includes basic mathematical underpinnings of quantum formalisms and treats several basic problems including hydrogen-like atoms and lasers in depth.,4 sh,PHY 3510,Science; Advanced Studies,
https://elon.smartcatalogiq.com/en/2025-2026/academic-catalog/courses/phy-physics/400/phy-4710,PHY4710,Special Topics in Physics,"These contemporary topics include, but are not limited to, chaos theory and nonlinear dynamics, solid state and condensed matter physics, optics, advanced quantum mechanics and particle physics.",4 sh,Permission of the instructor,Science; Advanced Studies,PHY 471
https://elon.smartcatalogiq.com/en/2025-2026/academic-catalog/courses/pol-political-science/300/pol-3302,POL3302,"Politics, Security and Film","In this course, we question and critically analyze how films (movies and documentaries) are both reflections of the ‘politics of nation-states as well as productions that help to reinforce political messages and policies. This course broadens the perspective of viewing movies as only tools of entertainment, but rather use films to deepen students’ understanding of the national security priorities and vital interests of the United States. While the course primarily adopts a U.S.-centric approach to national security, it presents a global outlook by incorporating diverse perspectives and data from non-U.S. regions. By the end of this course, students will emerge with a newfound appreciation for the role of cinema, including both movies and documentaries, as invaluable tools for comprehending key facets of U.S. national security objectives and strategies. These include critical topics such as the Cold War's era of nuclear proliferation, responses to pandemics and political turmoil, issues of surveillance and citizen privacy, the ongoing battle against terrorism and the pursuit of public safety, as well as the collateral consequences of the U.S. war on drugs.",4 sh,Recommended junior or senior status,Society; Advanced Studies,Fall
https://elon.smartcatalogiq.com/en/2025-2026/academic-catalog/courses/pol-political-science/300/pol-3760,POL3760,Washington Center Seminar,"Students learn first-hand from speakers, on-site visits and other experiential opportunities in Washington, D.C., and other locations through the Washington Center.",1-4 sh,Permission of department,Advanced Studies; Experiential Learning Requirement,POL 376
https://elon.smartcatalogiq.com/en/2025-2026/academic-catalog/courses/pol-political-science/400/pol-4970,POL4970,Senior Seminar in Political Science,"The capstone experience for senior Political Science majors involves close review of the discipline's conceptual approaches to the study of politics, and summative discussions of ideas, arguments, and perspectives on issues of public concern. Students will complete a major project that includes a research component.",4 sh,POL 2200 and senior standing,Society; Advanced Studies,
https://elon.smartcatalogiq.com/en/2025-2026/academic-catalog/courses/pol-political-science/400/pol-4999,POL4999,Research,"This course is an opportunity for students to undertake an empirical or theoretical study of a topic in political science in collaboration with a departmental faculty member. Research projects may include a review of research literature, developing a research design, data collection and analysis, and a presentation or report when the study is completed.",1-4 sh,Permission of instructor.  Students must have a minimum 2.5 GPA and have completed 28 semester hours of undergraduate work. A research proposal form completed by the student in conjunction with the faculty member is required for registration.,Advanced Studies,POL 499
https://elon.smartcatalogiq.com/en/2025-2026/academic-catalog/courses/psy-psychology/200/psy-2100,PSY2100,Lifespan Development,"An exploration of human development across the entire lifespan includes consideration of cognitive, social and emotional development as a complex interaction between individuals and their social and cultural environments.",4 sh,PSY 1000,Poverty and Social Justice Studies Elective,PSY 240
https://elon.smartcatalogiq.com/en/2025-2026/academic-catalog/courses/psy-psychology/200/psy-2200,PSY2200,Social Psychology,"Topics in social psychology explore how people think about, influence and relate to one another. Specific topics may include the self, interpersonal relationships, intergroup relations, aggression, altruism, attitude formation and persuasion, compliance, and conformity. The course also includes discussion of how social behavior is influenced by factors such as gender and culture.",4 sh,PSY 1000,Leadership Studies Elective,PSY 241
https://elon.smartcatalogiq.com/en/2025-2026/academic-catalog/courses/psy-psychology/200/psy-2300,PSY2300,Cognitive Psychology,"Cognitive psychology studies how humans represent and process information about the environment in their role as thinkers, planners, language users and problem solvers. Students learn the fundamentals of cognitive processes, including attention, perception, imagery, long term and working memory, language, and reasoning and decision making.",4 sh,PSY 1000,Neuroscience Elective,PSY 242
https://elon.smartcatalogiq.com/en/2025-2026/academic-catalog/courses/psy-psychology/200/psy-2400,PSY2400,Behavioral Neuroscience,"This course provides fundamental information in the areas of neurophysiology, neurochemistry, neuroanatomy, cognitive neuroscience, clinical neuroscience and behavioral genetics. The course explores the biological foundations of psychological processes such as cognitive development, learning and memory, movement and sleep.",4 sh,"PSY 1000, BIO 1112 or BIO 2412",Neuroscience Elective,PSY 243
https://elon.smartcatalogiq.com/en/2025-2026/academic-catalog/courses/psy-psychology/300/psy-3210,PSY3210,The Psychology of Leadership,"This course focuses on the major theories behind leadership behaviors and how they relate to organizational functioning and performance. More specifically, the course primarily covers the organizational level of leadership, where leaders' behaviors are directed at a larger group of individuals as a means of helping them achieve organizational, team and personal goals. In addition to theoretical background, empirical studies related to leadership concepts will be covered, as will be their practical applications. Complementing these topics are foci on cross-cultural leadership and students' own personal leadership styles and intentions so that they may develop as optimally effective leaders.",4 sh,"LED 2100, PSY 1000, or MGT 3230",Advanced Studies; Leadership Studies Elective; Adventure Based Learning Elective,PSY 368
https://elon.smartcatalogiq.com/en/2025-2026/academic-catalog/courses/psy-psychology/300/psy-3310,PSY3310,Psychology of Language,"Students learn some of the basic principles and issues in psycholinguistics and the psychology of language. Different psychological approaches (cognitive, psycholinguistic, behavioral) are considered in understanding factors involved in acquisition, production, comprehension and maintenance of language. How language functions (similarities and differences) for individuals and cultures, and the broader relationship between language, thought and reality are also explored.",4 sh,PSY 1000,Advanced Studies; Neuroscience Elective,PSY 311
https://elon.smartcatalogiq.com/en/2025-2026/academic-catalog/courses/psy-psychology/300/psy-3320,PSY3320,Psychology of Learning,"This course focuses on the fundamental principles of behavior and learning. Topics considered may include reinforcement, punishment, extinction, generalization and discrimination, schedules of reinforcement, concept formation, and classical conditioning.",4 sh,"PSY 1000 and one of the following: PSY 2970, PSY 3970, ESS 2140 , HSS 2850, PHS 2020, POL 2200, SOC 2160",Advanced Studies; Neuroscience Elective,PSY 345
https://elon.smartcatalogiq.com/en/2025-2026/academic-catalog/courses/psy-psychology/300/psy-3410,PSY3410,Memory and Memory Disorders,"This course is about the human ability, or inability, to acquire and retain information, to recall it when needed and to recognize it when it is seen or heard again (i.e, encoding, storage, retrieval). The course is presented from the perspectives of cognitive neuroscience and clinical neuropsychology and will examine theories and research techniques involved in the study of memory. Topics to be covered include amnesia, false memory, emotional memory, individual differences in memory and memory disorders related to brain damage, aging, diseases and psychiatric disorders.",4 sh,PSY 1000,Advanced Studies; Neuroscience Elective,PSY 310
https://elon.smartcatalogiq.com/en/2025-2026/academic-catalog/courses/psy-psychology/300/psy-3330,PSY3330,Sensation and Perception,"Study in human perception includes research and theory on the structural and functional characteristics of various perceptual systems, on perceptual phenomena such as depth and color perception and on other related topics.",4 sh,"PSY 2300, PSY 2400, PSY 2970 or PSY 3970",Advanced Studies; Neuroscience Elective,PSY 355
https://elon.smartcatalogiq.com/en/2025-2026/academic-catalog/courses/psy-psychology/300/psy-3510,PSY3510,Psychology in Cultural Context,"Issues in the related fields of cultural and cross-cultural psychology are considered in depth as students investigate basic psychological processes (e.g., motivation, cognition and emotion) in the context of how cultural world views and implicit value assumptions influence the development and functioning of human behavior and social interaction.",4 sh,PSY 1000,"Advanced Studies; IGS: Global Studies, Global Culture and Society Area; Poverty and Social Justice Elective",PSY 366
https://elon.smartcatalogiq.com/en/2025-2026/academic-catalog/courses/psy-psychology/300/psy-3470,PSY3470,Animal Behavior,"An investigation of animal behavior takes into account physiology, development, evolution and adaptation. Studies emphasize specialized structures and abilities, which may or may not be present in humans and which confer selective advantages upon their possessors.",4 sh,PSY 1000,Advanced Studies; Neuroscience Elective,PSY 361
https://elon.smartcatalogiq.com/en/2025-2026/academic-catalog/courses/psy-psychology/300/psy-3550,PSY3550,Psychological Perspectives on Human Sexuality,"This course involves the application of psychological theories and research to the area of sexual behavior. Emphasis will be placed on research techniques used to study sexuality, theories of attraction and love, sexuality across the lifespan, and variations in sexual response, attitudes, orientations and practices.",4 sh,PSY 1000,"Advanced Studies; Women's, Gender, and Sexualities Studies Elective",PSY 367
https://elon.smartcatalogiq.com/en/2025-2026/academic-catalog/courses/psy-psychology/300/psy-3420,PSY3420,Neurobiology of Learning and Memory,"This course will examine learning and memory with an emphasis on both psychological and biological approaches. Topics will extend across the cellular/molecular, systems, and cognitive/behavioral domains of neuroscience, and will include an understanding of the basic and applied research objectives of this field.",4 sh,PSY 2400 or BIO 2412,Advanced Studies; Neuroscience Elective,Spring
https://elon.smartcatalogiq.com/en/2025-2026/academic-catalog/courses/psy-psychology/300/psy-3540,PSY3540,Stereotyping and Prejudice,"Through the lens of gender, racial, and sexual prejudice, this course will examine the basic psychological processes that underlie stereotyping, prejudice and discrimination. Cultural, societal and media influences will be discussed as well.",4 sh,PSY 1000,"Advanced Studies, Peace and Conflict Studies elective, Poverty and Social Justice studies elective and African and African American Studies elective",PSY 324
https://elon.smartcatalogiq.com/en/2025-2026/academic-catalog/courses/psy-psychology/300/psy-3620,PSY3620,Child Psychopathology,"This course examines abnormal behavior from a developmental perspective. Students will learn about contemporary issues in the diagnosis, assessment and treatment of a wide variety of problems and disorders evident in children and youth, such as anxiety, depression, attention, learning and conduct/behavior.",4 sh,PSY 2100,Advanced Studies,PSY 382
https://elon.smartcatalogiq.com/en/2025-2026/academic-catalog/courses/psy-psychology/300/psy-3610,PSY3610,Adult Psychopathology,"This course emphasizes the clinical science of working with individuals from diverse populations who suffer from an array of major psychological disturbances (anxiety, mood, personality, sexual and schizophrenic disorders). Major theories used in guiding the diagnosis, etiology, and treatment of such problems are explored.",4 sh,"PSY 1000; and PSY 2100, PSY 2200, PSY 2300, or PSY 2400",Advanced Studies,
https://elon.smartcatalogiq.com/en/2025-2026/academic-catalog/courses/psy-psychology/300/psy-3630,PSY3630,Personality Psychology,"This course covers major modern perspectives in personality psychology, including dispositional, biological, psychodynamic, self and social-cognitive theories. Students are also introduced to issues and techniques of personality testing and assessment.",4 sh,"PSY 1000 and one of the following: PSY 2970 , PSY 3970, ESS 2140, HSS 2850, PHS 2020, POL 2200, SOC 2160",Advanced Studies,PSY 343
https://elon.smartcatalogiq.com/en/2025-2026/academic-catalog/courses/psy-psychology/300/psy-3810,PSY3810,Psychology and Law,"This course explores psychological research on eyewitness testimony evidence, interviews and interrogations, and jury procedures with particular emphasis on memory, judgments and decision making.",4 sh,PSY 1000,Advanced Studies; Criminal Justice Elective,PSY 314
https://elon.smartcatalogiq.com/en/2025-2026/academic-catalog/courses/psy-psychology/300/psy-3840,PSY3840,Health Psychology,"This course focuses upon the role of psychology in a variety of medical issues: health-enhancing and health-compromising behaviors, stress and illness, patient-practitioner relationships, pain and other chronic conditions. The growing field of health psychology is explored as both an area of research and a clinical profession.",4 sh,"PSY 1000 and one of the following: PSY 2970 , PSY 3970 , ESS 2140, HSS 2850, PHS 2020, POL 2200, SOC 2160",Advanced Studies; Public Health Elective; Poverty and Social Justice Elective,PSY 356
https://elon.smartcatalogiq.com/en/2025-2026/academic-catalog/courses/psy-psychology/300/psy-3820,PSY3820,Educational Psychology,Students gain an overview of research and theory in educational psychology and explore their applications in teaching and learning.,4 sh,"PSY 1000, EDU 2110, EDU 2500, or SOC 2430","Advanced Studies, Poverty and Social Justice Studies Elective, Teaching and Learning Elective",FallSpring
https://elon.smartcatalogiq.com/en/2025-2026/academic-catalog/courses/psy-psychology/300/psy-3970,PSY3970,Nonexperimental Research Methods and Statistics,"Students learn how to design, review and analyze nonexperimental psychological research. The course focuses on developing research questions, answering them using nonexperimental research designs and complementary data analysis techniques, and the basics of writing research reports.",4 sh,PSY 2970,Advanced Studies,SpringFall
https://elon.smartcatalogiq.com/en/2025-2026/academic-catalog/courses/psy-psychology/300/psy-3830,PSY3830,Evolutionary Psychology,"Evolutionary Psychology uses the biological theory of evolution as a basis for understanding human behavior. Through exposure to primary and secondary source material, this course will cover basic principles of evolutionary theory, psychological topics that have been informed by evolutionary theory (e.g., prosocial behavior, aggression, cognition, and interpersonal interaction), and current debates on how and whether evolutionary theory ought to be applied to our understanding of human psychology.",4 sh,PSY 1000,Society or Advanced Studies,
https://elon.smartcatalogiq.com/en/2025-2026/academic-catalog/courses/psy-psychology/300/psy-3860,PSY3860,Industrial and Organizational Psychology,"Psychological applications in the workplace are the focus of this course. Topics include personnel selection, leadership and motivation, job satisfaction and work performance.",4 sh,PSY 1000,Advanced Studies,
https://elon.smartcatalogiq.com/en/2025-2026/academic-catalog/courses/psy-psychology/400/psy-4990,PSY4990,Teaching and Learning Apprenticeship,"Teaching and Learning Apprentices work with a faculty mentor on a particular course. This experience is intended for exceptional students who wish to deepen their knowledge of the discipline, gain a better understanding of the professional academic life, engage in a meaningful mentoring relationship with a faculty mentor around issues related to teaching, enhance their interpersonal and communication skills, and develop their leadership skills. The experience may be of particular value to students who wish to pursue a career in higher education or teaching in general. Faculty members invite students to consider a 4990 experience.",1-4 sh,Requires satisfactory completion of all requirements listed on the registration form,Advanced Studies,PSY 489
https://elon.smartcatalogiq.com/en/2025-2026/academic-catalog/courses/psy-psychology/400/psy-4970,PSY4970,Empirical Research Seminar,"In this capstone course, students read primary sources to identify and critically evaluate the major theoretical and empirical foundations of one topic area in the field of psychology. With faculty supervision, students devise, conduct and report an original empirical investigation of a question related to the selected area of concern. Students present their work orally as well as in a well developed, integrated APA-style manuscript.",4 sh,"PSY 2970, PSY 3970, and Psychology major with senior standing.",Advanced Studies,
https://elon.smartcatalogiq.com/en/2025-2026/academic-catalog/courses/psy-psychology/400/psy-4985,PSY4985,Internship in Psychology,Upper-level psychology majors apply psychological theories and techniques to actual experiences in the field.,1-4 sh,Psychology major and faculty approval,Advanced Studies; Experiential Learning Requirement; Internship,PSY 481
https://elon.smartcatalogiq.com/en/2025-2026/academic-catalog/courses/psy-psychology/400/psy-4971,PSY4971,Senior Seminar,"In this capstone course, students will read primary sources and identify and critically evaluate theoretical issues and empirical findings of one topic area in the field of psychology. With faculty supervision, students will develop and present (in both written and oral formats) a thesis-level integrative literature review manuscript.",4 sh,"PSY 2970; PSY 3970; and Psychology major with senior standing,",Advanced Studies,
https://elon.smartcatalogiq.com/en/2025-2026/academic-catalog/courses/psy-psychology/400/psy-4999,PSY4999,Research,"In collaboration with a psychology faculty member, students undertake an empirical or theoretical study of a topic in psychology. Research projects may include a review of the relevant research literature, data collection and analysis, and a presentation or report when the study is completed.",1-4 sh,"PSY 1000, sophomore, junior, or senior status, and permission of instructor",Advanced Studies; Experiential Learning Requirement,PSY 499
https://elon.smartcatalogiq.com/en/2025-2026/academic-catalog/courses/pub-public-policy/400/pub-4970,PUB4970,Senior Seminar in Public Policy,The Senior Seminar in Public Policy is designed as a capstone experience in which students will apply the knowledge and skills acquired through their academic course work and internships either to a research project or to a community based problem.,4 sh,"POL 2200, PUB 1000 and senior standing",Advanced Studies,FallSpring
